time_index,origin_node_index,dest_node_index,non_zero_prob_count,transition_probability
47,0,0,3,0.966704612002272
47,0,1,3,0.026435886021182
47,0,2,3,0.006859501976484
47,1,0,4,0.016006753010954
47,1,1,4,0.90412653386203
47,1,2,4,0.075381059885419
47,1,3,4,0.004485653241785
47,2,1,4,0.059161392111948
47,2,2,4,0.805109698404753
47,2,3,4,0.129667965917587
47,2,4,4,0.006060943565763
47,3,2,4,0.111005831666095
47,3,3,4,0.695983054276347
47,3,4,4,0.185366769908633
47,3,5,4,0.007644344148939
47,4,3,4,0.167333262603844
47,4,4,4,0.583043454167921
47,4,5,4,0.240709074743805
47,4,6,4,0.008914208484357
47,5,4,4,0.224021557206683
47,5,5,4,0.472876559831867
47,5,6,4,0.293434801174548
47,5,7,4,0.009667081786876
47,6,5,4,0.278133584606216
47,6,6,4,0.370297801446895
47,6,7,4,0.34177593715102
47,6,8,4,0.00979267679579
47,7,6,4,0.327440280897804
47,7,7,4,0.279057003566152
47,7,8,4,0.384241987561872
47,7,9,4,0.009260727974083
47,8,7,4,0.37018960474574
47,8,8,4,0.202176595563273
47,8,9,4,0.419524608356653
47,8,10,4,0.008109191334348
47,9,8,4,0.404982165019668
47,9,9,4,0.142127118845508
47,9,10,4,0.446458808596702
47,9,11,4,0.006431907538181
47,10,9,4,0.430702498167243
47,10,10,4,0.100914584168521
47,10,11,4,0.464017330030416
47,10,12,4,0.004365587633793
47,11,10,4,0.446483441871607
47,11,11,4,0.080113047736035
47,11,12,4,0.471326952881853
47,11,13,4,0.002076557510587
47,12,11,3,0.45142814994734
47,12,12,3,0.081642820785135
47,12,13,3,0.466929029267433
47,13,11,4,0.000251274217652
47,13,12,4,0.442533489648127
47,13,13,4,0.112323394940276
47,13,14,4,0.444891841193936
47,14,12,4,0.00253397203956
47,14,13,4,0.421660448781026
47,14,14,4,0.15134595673841
47,14,15,4,0.424459622440999
46,0,0,3,0.95210786920543
46,0,1,3,0.036968136268414
46,0,2,3,0.010923994526257
46,1,0,4,0.023024135019901
46,1,1,4,0.86293952725652
46,1,2,4,0.105337320949759
46,1,3,4,0.008699016773642
46,2,1,4,0.084858970799692
46,2,2,4,0.722345489553526
46,2,3,4,0.18035372345442
46,2,4,4,0.012441816192366
46,3,2,4,0.159000725260283
46,3,3,4,0.56768423711992
46,3,4,4,0.257145909963345
46,3,5,4,0.016169127656558
46,4,3,4,0.239561721350565
46,4,4,4,0.407433694104697
46,4,5,4,0.333788716596843
46,4,6,4,0.019215867947989
46,5,4,4,0.320764630729375
46,5,5,4,0.250603558047551
46,5,6,4,0.407476748377608
46,5,7,4,0.021155062845566
46,6,5,4,0.398495638796852
46,6,6,4,0.103809658566576
46,6,7,4,0.475941199000985
46,6,8,4,0.021753503635585
46,7,6,4,0.460651239896139
46,7,7,4,0.000696911261146
46,7,8,4,0.507328261730642
46,7,9,4,0.031323587111991
46,8,6,4,0.008243655374475
46,8,7,4,0.469509104702542
46,8,9,4,0.463618969001784
46,8,10,4,0.058628270921142
46,9,7,4,0.033397496812483
46,9,8,4,0.439091554718587
46,9,10,4,0.470284124891563
46,9,11,4,0.057226823577331
46,10,8,4,0.036661196115983
46,10,9,4,0.44993139763632
46,10,11,4,0.442755549427847
46,10,12,4,0.070651856819747
46,11,9,4,0.054393686161912
46,11,10,4,0.426680967782221
46,11,12,4,0.460246287879229
46,11,13,4,0.058679058176519
46,12,10,4,0.049665085075802
46,12,11,4,0.44395392302058
46,12,13,4,0.447079617299506
46,12,14,4,0.059301374604084
46,13,11,4,0.057138320227175
46,13,12,4,0.432180785348794
46,13,14,4,0.471132256398299
46,13,15,4,0.039548638025753
46,14,12,4,0.042397566641306
46,14,13,4,0.457834904887015
46,14,15,4,0.45936253611489
46,14,16,4,0.040404992356834
45,0,0,3,0.951027384015529
45,0,1,3,0.037719611326493
45,0,2,3,0.011253004657845
45,1,0,4,0.023543578120082
45,1,1,4,0.859913238568655
45,1,2,4,0.107472467909009
45,1,3,4,0.009070715402223
45,2,1,4,0.086754807139282
45,2,2,4,0.716290327832919
45,2,3,4,0.183941588069466
45,2,4,4,0.013013276958497
45,3,2,4,0.162535577640151
45,3,3,4,0.558319904605142
45,3,4,4,0.262206636877167
45,3,5,4,0.016937880877573
45,4,3,4,0.244878140883387
45,4,4,4,0.394625914225273
45,4,5,4,0.340347311938945
45,4,6,4,0.02014863295231
45,5,4,4,0.327886691788226
45,5,5,4,0.234385157684827
45,5,6,4,0.415529712988029
45,5,7,4,0.022198437538899
45,6,5,4,0.407363268794938
45,6,6,4,0.084338463165381
45,6,7,4,0.485455266289797
45,6,8,4,0.022843001749952
45,7,6,3,0.464273805100662
45,7,8,3,0.495384439888795
45,7,9,3,0.040341755010573
45,8,6,4,0.01455874935305
45,8,7,4,0.460108849368332
45,8,9,4,0.464277464202813
45,8,10,4,0.061054937075783
45,9,7,4,0.034609046929253
45,9,8,4,0.440853496692705
45,9,10,4,0.458390384115987
45,9,11,4,0.066147072262112
45,10,8,4,0.043765488036165
45,10,9,4,0.439977547151457
45,10,11,4,0.442716692559723
45,10,12,4,0.073540272252583
45,11,9,4,0.056441443367721
45,11,10,4,0.427278086458247
45,11,12,4,0.449353055073622
45,11,13,4,0.066927415100373
45,12,10,4,0.05712889559112
45,12,11,4,0.433865864527917
45,12,13,4,0.446905402364851
45,12,14,4,0.062099837516227
45,13,11,4,0.059697431855893
45,13,12,4,0.431887632161098
45,13,14,4,0.461611871075405
45,13,15,4,0.046803064907692
45,14,12,4,0.049681353942418
45,14,13,4,0.448268600560404
45,14,15,4,0.458988254256827
45,14,16,4,0.043061791240218
44,0,0,3,0.949896150538899
44,0,1,3,0.038504198108233
44,0,2,3,0.011599651352866
44,1,0,4,0.024087418452002
44,1,1,4,0.856746554206564
44,1,2,4,0.10970151493122
44,1,3,4,0.009464512410073
44,2,1,4,0.088739193915243
44,2,2,4,0.709956293615193
44,2,3,4,0.187685243682786
44,2,4,4,0.013619268786754
44,3,2,4,0.166235070968364
44,3,3,4,0.548526038227351
44,3,4,4,0.267485465037531
44,3,5,4,0.017753425766658
44,4,3,4,0.250441927126303
44,4,4,4,0.381231416109379
44,4,5,4,0.347188243814557
44,4,6,4,0.021138412949786
44,5,4,4,0.335340229760359
44,5,5,4,0.217423223731025
44,5,6,4,0.423930755723873
44,5,7,4,0.02330579078467
44,6,5,4,0.416644147294775
44,6,6,4,0.063972517104901
44,6,7,4,0.495383828004549
44,6,8,4,0.02399950759582
44,7,6,3,0.467839578049649
44,7,8,3,0.482101656552985
44,7,9,3,0.050058765397239
44,8,6,4,0.021376601859274
44,8,7,4,0.449836951179115
44,8,9,4,0.465425478013322
44,8,10,4,0.063360968948258
44,9,7,4,0.035668359429221
44,9,8,4,0.443134876798855
44,9,10,4,0.445468169490063
44,9,11,4,0.075728594281948
44,10,8,4,0.051405112839571
44,10,9,4,0.429148135519682
44,10,11,4,0.44308730629634
44,10,12,4,0.076359445344275
44,11,9,4,0.058387504874458
44,11,10,4,0.42830611244197
44,11,12,4,0.437535126778201
44,11,13,4,0.075771255905419
44,12,10,4,0.065134899323649
44,12,11,4,0.422926051625979
44,12,13,4,0.447085229536285
44,12,14,4,0.06485381951393
44,13,11,4,0.062196225328613
44,13,12,4,0.431940275587127
44,13,14,4,0.451288117388479
44,13,15,4,0.05457538169593
44,14,12,4,0.057483560595802
44,14,13,4,0.437909972136367
44,14,15,4,0.4589264601362
44,14,16,4,0.045680007131718
43,0,0,3,0.948712809442867
43,0,1,3,0.039317577669458
43,0,2,3,0.011969612887674
43,1,0,4,0.024656309514429
43,1,1,4,0.853439869530041
43,1,2,4,0.112011758117616
43,1,3,4,0.009892062837775
43,2,1,4,0.090813326935399
43,2,2,4,0.703349093091557
43,2,3,4,0.191558528216746
43,2,4,4,0.014279051756274
43,3,2,4,0.170100315262699
43,3,3,4,0.538315666218367
43,3,4,4,0.272941529387325
43,3,5,4,0.018642489131514
43,4,3,4,0.256254138757591
43,4,4,4,0.367269859633808
43,4,5,4,0.35425778511863
43,4,6,4,0.02221821649
43,5,4,4,0.343126893944802
43,5,5,4,0.199741261556319
43,5,6,4,0.43261731074919
43,5,7,4,0.024514533749613
43,6,5,4,0.426341602792483
43,6,6,4,0.042734995370566
43,6,7,4,0.505660831252371
43,6,8,4,0.025262570584617
43,7,6,3,0.471580390480426
43,7,8,3,0.468166845060686
43,7,9,3,0.06025276445876
43,8,6,4,0.028489764869207
43,8,7,4,0.43914299678076
43,8,9,4,0.466541853228346
43,8,10,4,0.065825385121657
43,9,7,4,0.03677857980866
43,9,8,4,0.445529294355607
43,9,10,4,0.431912948844307
43,9,11,4,0.085779176991515
43,10,8,4,0.0593826097301
43,10,9,4,0.417861268968487
43,10,11,4,0.443403218153054
43,10,12,4,0.079352903148228
43,11,9,4,0.060431250647848
43,11,10,4,0.429378158430778
43,11,12,4,0.425147700186422
43,11,13,4,0.085042890734996
43,12,10,4,0.073503956589807
43,12,11,4,0.411506540645441
43,12,13,4,0.447222317724357
43,12,14,4,0.067767185040237
43,13,11,4,0.064825890880437
43,13,12,4,0.431976875800621
43,13,14,4,0.440480477239753
43,13,15,4,0.06271675607934
43,14,12,4,0.065648475986848
43,14,13,4,0.427080287552855
43,14,15,4,0.45882978460403
43,14,16,4,0.048441451856359
42,0,0,3,0.947471555217148
42,0,1,3,0.040167244644077
42,0,2,3,0.012361200138889
42,1,0,4,0.025253042305712
42,1,1,4,0.849974164375851
42,1,2,4,0.114424775848906
42,1,3,4,0.010348017469478
42,2,1,4,0.092988173609257
42,2,2,4,0.696427442100507
42,2,3,4,0.195600863231155
42,2,4,4,0.014983521059072
42,3,2,4,0.174152494843108
42,3,3,4,0.527622182109873
42,3,4,4,0.278633036961821
42,3,5,4,0.019592286085179
42,4,3,4,0.262347038086972
42,4,4,4,0.352648936975072
42,4,5,4,0.361631874505974
42,4,6,4,0.023372150431983
42,5,4,4,0.351289752330437
42,5,5,4,0.181223295048277
42,5,6,4,0.441680384678449
42,5,7,4,0.025806567942728
42,6,5,4,0.436124302536086
42,6,6,4,0.021732245596318
42,6,7,4,0.515061042939834
42,6,8,4,0.027082408927645
42,7,5,4,0.000349167703142
42,7,6,4,0.474760857710895
42,7,8,4,0.454371072273631
42,7,9,4,0.070518902312347
42,8,6,4,0.035591900462158
42,8,7,4,0.428686679849044
42,8,9,4,0.46687234988837
42,8,10,4,0.068849069800459
42,9,7,4,0.038291094023794
42,9,8,4,0.447326364179438
42,9,10,4,0.418434768961163
42,9,11,4,0.095947772835615
42,10,8,4,0.06740338077374
42,10,9,4,0.406737066316332
42,10,11,4,0.442984670076504
42,10,12,4,0.082874882833323
42,11,9,4,0.062910098426311
42,11,10,4,0.429833125251786
42,11,12,4,0.412812814586161
42,11,13,4,0.094443961735724
42,12,10,4,0.081960093519658
42,12,11,4,0.400176748337778
42,12,13,4,0.446717495385622
42,12,14,4,0.071145662756919
42,13,11,4,0.067898120930055
42,13,12,4,0.431402642168934
42,13,14,4,0.429724963844784
42,13,15,4,0.070974273056287
42,14,12,4,0.073924592817786
42,14,13,4,0.416293829184578
42,14,15,4,0.458151373570584
42,14,16,4,0.051630204426928
41,0,0,3,0.946168437432465
41,0,1,3,0.041054491535969
41,0,2,3,0.012777071031679
41,1,0,4,0.02587951599405
41,1,1,4,0.846339535711076
41,1,2,4,0.116944120919524
41,1,3,4,0.010836827375296
41,2,1,4,0.095270336712887
41,2,2,4,0.689172884609267
41,2,3,4,0.199816888061029
41,2,4,4,0.015739890616807
41,3,2,4,0.178403611366605
41,3,3,4,0.516418205395915
41,3,4,4,0.284565436234825
41,3,5,4,0.020612747002642
41,4,3,4,0.268738506796403
41,4,4,4,0.337331708090154
41,4,5,4,0.369317361133991
41,4,6,4,0.024612423979452
41,5,4,4,0.359852823703793
41,5,5,4,0.161822163170328
41,5,6,4,0.451129327776741
41,5,7,4,0.027195685349028
41,6,5,4,0.44586722096852
41,6,6,4,0.001408452955346
41,6,7,4,0.523060994688137
41,6,8,4,0.029663331387883
41,7,5,4,0.001188657234466
41,7,6,4,0.477092933098443
41,7,8,4,0.440999720516572
41,7,9,4,0.080718689150537
41,8,6,4,0.04256156620373
41,8,7,4,0.418739942342892
41,8,9,4,0.466080909522514
41,8,10,4,0.072617581930894
41,9,7,4,0.040350274000781
41,9,8,4,0.448245224107654
41,9,10,4,0.405287706122962
41,9,11,4,0.10611679576861
41,10,8,4,0.075353720416778
41,10,9,4,0.396026911948127
41,10,11,4,0.44152955460812
41,10,12,4,0.08708981302688
41,11,9,4,0.065966330182317
41,11,10,4,0.429403922123172
41,11,12,4,0.400755436236253
41,11,13,4,0.103874311458242
41,12,10,4,0.090400873643322
41,12,11,4,0.389160751833145
41,12,13,4,0.44530900994549
41,12,14,4,0.07512936457802
41,13,11,4,0.071548578074427
41,13,12,4,0.429970037786035
41,13,14,4,0.419220394518604
41,13,15,4,0.079260989620991
41,14,12,4,0.082222583417817
41,14,13,4,0.405746178772912
41,14,15,4,0.456657645271581
41,14,16,4,0.055373592537562
40,0,0,3,0.944800207596131
40,0,1,3,0.041977562512434
40,0,2,3,0.013222229891423
40,1,0,4,0.026537292291842
40,1,1,4,0.842530090350229
40,1,2,4,0.119564474586024
40,1,3,4,0.011368142771858
40,2,1,4,0.097664609019089
40,2,2,4,0.681577378012484
40,2,3,4,0.204193993012369
40,2,4,4,0.016564019955978
40,3,2,4,0.182861747193511
40,3,3,4,0.50469450424994
40,3,4,4,0.290717918381574
40,3,5,4,0.021725830175185
40,4,3,4,0.275440234907464
40,4,4,4,0.321306950502262
40,4,5,4,0.377286692322023
40,4,6,4,0.025966122268402
40,5,4,4,0.3688319446535
40,5,5,4,0.141522594978682
40,5,6,4,0.460932904949448
40,5,7,4,0.028712555418384
40,6,5,3,0.449945370621611
40,6,7,3,0.510117272246369
40,6,8,3,0.0399373571321
40,7,5,4,0.007650439204657
40,7,6,4,0.467590160616787
40,7,8,4,0.440342699278269
40,7,9,4,0.08441670090029
40,8,6,4,0.044261385815739
40,8,7,4,0.420126437116517
40,8,9,4,0.452366144769591
40,8,10,4,0.083246032298284
40,9,7,4,0.048059645848166
40,9,8,4,0.437738797362201
40,9,10,4,0.403562757127967
40,9,11,4,0.110638799661714
40,10,8,4,0.078244413330842
40,10,9,4,0.395940526473472
40,10,11,4,0.428482985449399
40,10,12,4,0.097332074746415
40,11,9,4,0.07447820942355
40,11,10,4,0.418274358629048
40,11,12,4,0.398787526666787
40,11,13,4,0.108459905280638
40,12,10,4,0.094146378500341
40,12,11,4,0.387802680862453
40,12,13,4,0.433795541924034
40,12,14,4,0.0842553987132
40,13,11,4,0.080295144432288
40,13,12,4,0.418794972473606
40,13,14,4,0.417531545471842
40,13,15,4,0.083378337622182
40,14,12,4,0.086304587729405
40,14,13,4,0.403793282937302
40,14,15,4,0.446075846131198
40,14,16,4,0.063826283202204
39,0,0,3,0.943360165441209
39,0,1,3,0.042943315984055
39,0,2,3,0.01369651857473
39,1,0,4,0.027229592351562
39,1,1,4,0.838525306751031
39,1,2,4,0.12230550412602
39,1,3,4,0.011939596771335
39,2,1,4,0.100183243571671
39,2,2,4,0.673597809146536
39,2,3,4,0.208767237241592
39,2,4,4,0.017451710040269
39,3,2,4,0.187550216094264
39,3,3,4,0.492382648574015
39,3,4,4,0.297141589767893
39,3,5,4,0.022925545563701
39,4,3,4,0.282487541405921
39,4,4,4,0.304480302272282
39,4,5,4,0.385606421079441
39,4,6,4,0.027425735242357
39,5,4,4,0.378274333235872
39,5,5,4,0.120205680998239
39,5,6,4,0.471171412179523
39,5,7,4,0.030348573586332
39,6,5,3,0.453786773492856
39,6,7,3,0.494880355050974
39,6,8,3,0.051332871456207
39,7,5,4,0.014853351588563
39,7,6,4,0.456735279891479
39,7,8,4,0.440587015673686
39,7,9,4,0.087824352846269
39,8,6,4,0.045632581711529
39,8,7,4,0.422473724836386
39,8,9,4,0.436944199151888
39,8,10,4,0.094949494300337
39,9,7,4,0.056574730122751
39,9,8,4,0.425860183114441
39,9,10,4,0.402590895320617
39,9,11,4,0.114974191442165
39,10,8,4,0.08088390012013
39,10,9,4,0.396682455523916
39,10,11,4,0.413871574401512
39,10,12,4,0.108562069954463
39,11,9,4,0.08382447723567
39,11,10,4,0.405789060527191
39,11,12,4,0.397468898203173
39,11,13,4,0.112917564033959
39,12,10,4,0.097715848862281
39,12,11,4,0.387125673331165
39,12,13,4,0.420919159889699
39,12,14,4,0.094239317916781
39,13,11,4,0.089865797989606
39,13,12,4,0.406323784796129
39,13,14,4,0.416421052345563
39,13,15,4,0.087389364868597
39,14,12,4,0.090269599776157
39,14,13,4,0.402399246248555
39,14,15,4,0.434266907432189
39,14,16,4,0.073064246542987
38,0,0,3,0.941842708738289
38,0,1,3,0.043954126441576
38,0,2,3,0.014203164820279
38,1,0,4,0.027959109444218
38,1,1,4,0.834310708774842
38,1,2,4,0.12517383106359
38,1,3,4,0.012556350717281
38,2,1,4,0.102835726322379
38,2,2,4,0.665206634263953
38,2,3,4,0.213546355597559
38,2,4,4,0.018411283816091
38,3,2,4,0.192486381291904
38,3,3,4,0.479441257044463
38,3,4,4,0.303849035836471
38,3,5,4,0.024223325827139
38,4,3,4,0.289906364016787
38,4,4,4,0.286795697537549
38,4,5,4,0.394292636188538
38,4,6,4,0.029005302257062
38,5,4,4,0.388214803327255
38,5,5,4,0.097800023658323
38,5,6,4,0.481865587799803
38,5,7,4,0.032119585214565
38,6,5,3,0.45784369305648
38,6,7,3,0.478789036690145
38,6,8,3,0.063367270253416
38,7,5,4,0.022426020336056
38,7,6,4,0.445344368684914
38,7,8,4,0.440764920326604
38,7,9,4,0.091464690652538
38,8,6,4,0.04707750668216
38,8,7,4,0.424958075064205
38,8,9,4,0.420654282618379
38,8,10,4,0.107310135635181
38,9,7,4,0.065532195353253
38,9,8,4,0.413386339834581
38,9,10,4,0.401493582604024
38,9,11,4,0.119587882208222
38,10,8,4,0.083669206644055
38,10,9,4,0.397468136598411
38,10,11,4,0.398443441640204
38,10,12,4,0.120419215117348
38,11,9,4,0.093664132739029
38,11,10,4,0.392662862060931
38,11,12,4,0.396022367045784
38,11,13,4,0.117650638154268
38,12,10,4,0.10148785484523
38,12,11,4,0.386403029308282
38,12,13,4,0.407334135847243
38,12,14,4,0.104774979999295
38,13,11,4,0.099950363283956
38,13,12,4,0.393195114575597
38,13,14,4,0.415213808755564
38,13,15,4,0.091640713384864
38,14,12,4,0.094465365299294
38,14,13,4,0.40090743329743
38,14,15,4,0.421821313439732
38,14,16,4,0.08280588796347
37,0,0,3,0.940242119888552
37,0,1,3,0.045011135400269
37,0,2,3,0.014746744711322
37,1,0,4,0.028728592304476
37,1,1,4,0.829872545520409
37,1,2,4,0.128172465788829
37,1,3,4,0.013226396386217
37,2,1,4,0.105631448976207
37,2,2,4,0.656378986811713
37,2,3,4,0.218533813804598
37,2,4,4,0.019455750407464
37,3,2,4,0.19768715099274
37,3,3,4,0.465834137228256
37,3,4,4,0.310841600222819
37,3,5,4,0.025637111556161
37,4,3,4,0.297721803756193
37,4,4,4,0.268204626605765
37,4,5,4,0.403346665992576
37,4,6,4,0.030726903645405
37,5,4,4,0.398687105557304
37,5,5,4,0.074243447024273
37,5,6,4,0.493018895428794
37,5,7,4,0.034050551989569
37,6,5,3,0.462134917477655
37,6,7,3,0.461768968769263
37,6,8,3,0.076096113753117
37,7,5,4,0.030390189966887
37,7,6,4,0.433392978205692
37,7,8,4,0.440846159187169
37,7,9,4,0.095370672640366
37,8,6,4,0.048601611099832
37,8,7,4,0.427593076623733
37,8,9,4,0.403419890037497
37,8,10,4,0.120385422238869
37,9,7,4,0.074959814051958
37,9,8,4,0.400287119511106
37,9,10,4,0.400238225113515
37,9,11,4,0.124514841323499
37,10,8,4,0.086612353424843
37,10,9,4,0.398302033396251
37,10,11,4,0.382128313290067
37,10,12,4,0.132957299888854
37,11,9,4,0.10403073078184
37,11,10,4,0.378858081198445
37,11,12,4,0.394420317521477
37,11,13,4,0.122690870498248
37,12,10,4,0.105480747737609
37,12,11,4,0.385628433190132
37,12,13,4,0.392982896970835
37,12,14,4,0.115907922101478
37,13,11,4,0.110586607422373
37,13,12,4,0.379364529053355
37,13,14,4,0.413890861556338
37,13,15,4,0.096158001967908
37,14,12,4,0.098914535757411
37,14,13,4,0.399303345773211
37,14,15,4,0.408691461471097
37,14,16,4,0.093090656998204
36,0,0,3,0.938551719326604
36,0,1,3,0.046116428072479
36,0,2,3,0.015331852600952
36,1,0,4,0.029541252132458
36,1,1,4,0.825194152490392
36,1,2,4,0.131307122563619
36,1,3,4,0.013957472813543
36,2,1,4,0.108581553168401
36,2,2,4,0.647083914124227
36,2,3,4,0.223736872316993
36,2,4,4,0.02059766039024
36,3,2,4,0.20317275462055
36,3,3,4,0.451515465186603
36,3,4,4,0.318127596351676
36,3,5,4,0.027184183841122
36,4,3,4,0.305963988618593
36,4,4,4,0.248645310542337
36,4,5,4,0.412778911542659
36,4,6,4,0.032611789296309
36,5,4,4,0.409731712816793
36,5,5,4,0.049457044922448
36,5,6,4,0.504645761062658
36,5,7,4,0.036165481198113
36,6,5,3,0.46668140898805
36,6,7,3,0.443737160080389
36,6,8,3,0.08958143093162
36,7,5,4,0.038773176549963
36,7,6,4,0.420847340794253
36,7,8,4,0.440804103156964
36,7,9,4,0.099575379498742
36,8,6,4,0.050211260634645
36,8,7,4,0.430393413055965
36,8,9,4,0.385155907526844
36,8,10,4,0.134239418782549
36,9,7,4,0.084891716127935
36,9,8,4,0.386522552616089
36,9,10,4,0.39879476556913
36,9,11,4,0.129790965686931
36,10,8,4,0.089726953393259
36,10,9,4,0.399188936946911
36,10,11,4,0.364847514119674
36,10,12,4,0.146236595540106
36,11,9,4,0.114964463657628
36,11,10,4,0.364327377340047
36,11,12,4,0.39263673433198
36,11,13,4,0.128071424670432
36,12,10,4,0.109714799972469
36,12,11,4,0.384795519305889
36,12,13,4,0.377799983712428
36,12,14,4,0.127689697009192
36,13,11,4,0.121818716619355
36,13,12,4,0.364778700978064
36,13,14,4,0.412434128239123
36,13,15,4,0.100968454163372
36,14,12,4,0.103641645345508
36,14,13,4,0.397572547879619
36,14,15,4,0.394821939702084
36,14,16,4,0.103963867072817
35,0,0,3,0.969876049178064
35,0,1,3,0.024058715504276
35,0,2,3,0.006065235317747
35,1,0,4,0.014482085043004
35,1,1,4,0.913146155115179
35,1,2,4,0.068612777649816
35,1,3,4,0.003758982192049
35,2,1,4,0.053558006903973
35,2,2,4,0.823316713296187
35,2,3,4,0.1181378617267
35,2,4,4,0.00498741807321
35,3,2,4,0.100521664314295
35,3,3,4,0.724277174784653
35,3,4,4,0.168974350803072
35,3,5,4,0.006226810097988
35,4,3,4,0.151545178888465
35,4,4,4,0.621801826079597
35,4,5,4,0.219439871425973
35,4,6,4,0.007213123606022
35,5,4,4,0.20287881428337
35,5,5,4,0.521910748899501
35,5,6,4,0.267430254077979
35,5,7,4,0.007780182738915
35,6,5,4,0.251850420026258
35,6,6,4,0.429002097747826
35,6,7,4,0.311309339882683
35,6,8,4,0.007838142343292
35,7,6,4,0.296434749625824
35,7,7,4,0.346489672126808
35,7,8,4,0.349712994354327
35,7,9,4,0.007362583893032
35,8,7,4,0.335044210521424
35,8,8,4,0.277110675474319
35,8,9,4,0.381460254546042
35,8,10,4,0.006384859458346
35,9,8,4,0.366415706246841
35,9,9,4,0.223086971351208
35,9,10,4,0.405515351518638
35,9,11,4,0.004981970883403
35,10,9,4,0.389547634343195
35,10,10,4,0.186206917448843
35,10,11,4,0.420979596699723
35,10,12,4,0.003265851508353
35,11,10,4,0.403666723723155
35,11,11,4,0.167857832412807
35,11,12,4,0.427102992179094
35,11,13,4,0.001372451684859
35,12,11,3,0.40763865219769
35,12,12,3,0.17073173030461
35,12,13,3,0.421629617497615
35,13,11,4,0.000547364629
35,13,12,4,0.398666763133903
35,13,13,4,0.199348691801319
35,13,14,4,0.401437180435913
35,14,12,4,0.002442511342658
35,14,13,4,0.380318862284284
35,14,14,4,0.234086219859535
35,14,15,4,0.383152406513616
34,0,0,3,0.965177171344854
34,0,1,3,0.027569781240042
34,0,2,3,0.007253047415156
34,1,0,4,0.016741069888275
34,1,1,4,0.89979125416906
34,1,2,4,0.078608648178141
34,1,3,4,0.004859027764475
34,2,1,4,0.061857630864312
34,2,2,4,0.796368620545849
34,2,3,4,0.135157000841501
34,2,4,4,0.006616747748454
34,3,2,4,0.116048281939188
34,3,3,4,0.682407797914323
34,3,4,4,0.19316299550276
34,3,5,4,0.00838092464374
34,4,3,4,0.174925413090875
34,4,4,4,0.564451286440196
34,4,5,4,0.250823243268524
34,4,6,4,0.009800057200378
34,5,4,4,0.234189125856624
34,5,5,4,0.449352323188293
34,5,6,4,0.305807213222863
34,5,7,4,0.010651337732239
34,6,5,4,0.290775823618198
34,6,6,4,0.342124073720427
34,6,7,4,0.356286245467075
34,6,8,4,0.010813857194446
34,7,6,4,0.342358943524047
34,7,7,4,0.246676547815341
34,7,8,4,0.400710206259369
34,7,9,4,0.010254302401219
34,8,7,4,0.387107432052808
34,8,8,4,0.166169338315484
34,8,9,4,0.437709186154834
34,8,10,4,0.009014043476869
34,9,8,4,0.42355602085015
34,9,9,4,0.103193799285606
34,9,10,4,0.466054531555521
34,9,11,4,0.007195648308795
34,10,9,4,0.450533813439669
34,10,10,4,0.059862844912729
34,10,11,4,0.484654661695906
34,10,12,4,0.004948679951732
34,11,10,4,0.467127544938819
34,11,11,4,0.037843344344608
34,11,12,4,0.492573881403644
34,11,13,4,0.002455229312886
34,12,11,4,0.472564341719739
34,12,12,4,0.038655681067496
34,12,13,4,0.488765098491847
34,12,14,4,1.4878721056e-05
34,13,11,4,9.8514661674e-05
34,13,12,4,0.463750724101445
34,13,13,4,0.07026001677815
34,13,14,4,0.465890744458818
34,14,12,4,0.002566309888744
34,14,13,4,0.441663572577774
34,14,14,4,0.111347441471821
34,14,15,4,0.444422676061535
33,0,0,3,0.934866851339533
33,0,1,3,0.048492047673656
33,0,2,3,0.016641100986845
33,1,0,4,0.031312751889453
33,1,1,4,0.815022794449241
33,1,2,4,0.138041527297276
33,1,3,4,0.015622926364128
33,2,1,4,0.115004789756024
33,2,2,4,0.626907291811442
33,2,3,4,0.234882044402314
33,2,4,4,0.02320587403015
33,3,2,4,0.215109288561937
33,3,3,4,0.420461713143588
33,3,4,4,0.333707071038308
33,3,5,4,0.030721927256156
33,4,3,4,0.323894821558326
33,4,4,4,0.2062379512194
33,4,5,4,0.432942313240623
33,4,6,4,0.036924913981646
33,5,4,4,0.430785917043107
33,5,5,4,0.005581564316085
33,5,6,4,0.518733546717376
33,5,7,4,0.044898971923381
33,6,4,4,0.002661263842423
33,6,5,4,0.470788092462971
33,6,7,4,0.411091383677416
33,6,8,4,0.115459260017229
33,7,5,4,0.054247733069912
33,7,6,4,0.399550570604156
33,7,8,4,0.433791092096016
33,7,9,4,0.112410604230018
33,8,6,4,0.056441329478798
33,8,7,4,0.430827885173406
33,8,9,4,0.351367959789314
33,8,10,4,0.16136282555847
33,9,7,4,0.103770240665897
33,9,8,4,0.362313082622006
33,9,10,4,0.389393216132788
33,9,11,4,0.144523460579315
33,10,8,4,0.099181153321599
33,10,9,4,0.395738788331968
33,10,11,4,0.332584040427186
33,10,12,4,0.172496017919283
33,11,9,4,0.136180154372605
33,11,10,4,0.337991935111397
33,11,12,4,0.383255050900665
33,11,13,4,0.142572859615356
33,12,10,4,0.12148179118854
33,12,11,4,0.377984358139663
33,12,13,4,0.349472609570245
33,12,14,4,0.151061241101516
33,13,11,4,0.143920106561005
33,13,12,4,0.337739039157668
33,13,14,4,0.404529761663525
33,13,15,4,0.113811092617848
33,14,12,4,0.116286263435899
33,14,13,4,0.389255288175637
33,14,15,4,0.368943673320256
33,14,16,4,0.125514775068286
32,0,0,3,0.932853885487543
32,0,1,3,0.049769463315821
32,0,2,3,0.017376651196608
32,1,0,4,0.032280484934448
32,1,1,4,0.809482629754863
32,1,2,4,0.141660941526022
32,1,3,4,0.016575943784461
32,2,1,4,0.118509074692839
32,2,2,4,0.615936696191703
32,2,3,4,0.240851921415901
32,2,4,4,0.02470230769949
32,3,2,4,0.221617075252091
32,3,3,4,0.4035935359964
32,3,4,4,0.342035361286669
32,3,5,4,0.032754027464839
32,4,3,4,0.333668311394707
32,4,4,4,0.183209888546905
32,4,5,4,0.4437177430909
32,4,6,4,0.039404056967522
32,5,4,3,0.436770854146818
32,5,6,3,0.506240156978087
32,5,7,3,0.056988988875244
32,6,4,4,0.009024926816261
32,6,5,4,0.462268101930835
32,6,7,4,0.405763518428194
32,6,8,4,0.122943452824677
32,7,5,4,0.057643437643292
32,7,6,4,0.398789853315686
32,7,8,4,0.41767750571541
32,7,9,4,0.125889203325642
32,8,6,4,0.064865090820582
32,8,7,4,0.420537994140677
32,8,9,4,0.344264833578403
32,8,10,4,0.170332081460353
32,9,7,4,0.10906347707224
32,9,8,4,0.359515175834129
32,9,10,4,0.373165385756224
32,9,11,4,0.158255961337378
32,10,8,4,0.109238061860868
32,10,9,4,0.383898159919703
32,10,11,4,0.325125166279822
32,10,12,4,0.181738611939512
32,11,9,4,0.142994250961891
32,11,10,4,0.33327149502091
32,11,12,4,0.368343513192222
32,11,13,4,0.155390740824892
32,12,10,4,0.132525795758742
32,12,11,4,0.365103720252602
32,12,13,4,0.342898011888687
32,12,14,4,0.159472472100003
32,13,11,4,0.15160031635406
32,13,12,4,0.331662497816546
32,13,14,4,0.391714106067205
32,13,15,4,0.125023079762165
32,14,12,4,0.127403347572496
32,14,13,4,0.376467506871496
32,14,15,4,0.362853917881492
32,14,16,4,0.133275227674485
31,0,0,3,0.930712897472015
31,0,1,3,0.051111934088655
31,0,2,3,0.018175168439265
31,1,0,4,0.033309764616252
31,1,1,4,0.803603039785116
31,1,2,4,0.14546322438298
31,1,3,4,0.017623971215687
31,2,1,4,0.122232570986167
31,2,2,4,0.604309353133711
31,2,3,4,0.247107152531346
31,2,4,4,0.026350923348693
31,3,2,4,0.228528488249562
31,3,3,4,0.38572884743694
31,3,4,4,0.350748091287638
31,3,5,4,0.03499457302576
31,4,3,4,0.344046072667354
31,4,4,4,0.158827264863447
31,4,5,4,0.454987905031079
31,4,6,4,0.042138757438053
31,5,4,3,0.441366108361791
31,5,6,3,0.486388498830358
31,5,7,3,0.072245392807829
31,6,4,4,0.017356941399584
31,6,5,4,0.449791221515444
31,6,7,4,0.404029552669224
31,6,8,4,0.128822284415772
31,7,5,4,0.059619672959383
31,7,6,4,0.401510778533668
31,7,8,4,0.396514944616563
31,7,9,4,0.142354603890308
31,8,6,4,0.075423447398016
31,8,7,4,0.406256499079792
31,8,9,4,0.340270918251427
31,8,10,4,0.178049135270793
31,9,7,4,0.113072981725404
31,9,8,4,0.35992140477401
31,9,10,4,0.35226944516068
31,9,11,4,0.174736168339813
31,10,8,4,0.121498160711383
31,10,9,4,0.368139337528699
31,10,11,4,0.320385233888587
31,10,12,4,0.189977267871379
31,11,9,4,0.148708034043402
31,11,10,4,0.33137203434885
31,11,12,4,0.34928623539534
31,11,13,4,0.170633696212398
31,12,10,4,0.145757279634068
31,12,11,4,0.348473702888885
31,12,13,4,0.338716396604058
31,12,14,4,0.167052620872996
31,13,11,4,0.158369014862643
31,13,12,4,0.327986785424017
31,13,14,4,0.375324720560503
31,13,15,4,0.13831947915283
31,14,12,4,0.140592993290856
31,14,13,4,0.360208600971809
31,14,15,4,0.358936980338306
31,14,16,4,0.140261425399082
30,0,0,3,0.928431322846621
30,0,1,3,0.052523980951409
30,0,2,3,0.019044696202062
30,1,0,4,0.034406631290693
30,1,1,4,0.797352200270375
30,1,2,4,0.149460874579169
30,1,3,4,0.0187802938597
30,2,1,4,0.12619637159542
30,2,2,4,0.591965524725868
30,2,3,4,0.253664883060958
30,2,4,4,0.028173220617596
30,3,2,4,0.235881959123004
30,3,3,4,0.366778630277725
30,3,4,4,0.359866269620493
30,3,5,4,0.037473140978815
30,4,3,4,0.355085417133942
30,4,4,4,0.132969804490372
30,4,5,4,0.46677941136571
30,4,6,4,0.045165367009958
30,5,4,3,0.446283989417653
30,5,6,3,0.465146096337996
30,5,7,3,0.088569914244331
30,6,4,4,0.026194312005025
30,6,5,4,0.436611221353548
30,6,7,4,0.401978922968822
30,6,8,4,0.135215543672697
30,7,5,4,0.061720972826121
30,7,6,4,0.404447737611669
30,7,8,4,0.373849830984391
30,7,9,4,0.159981458577889
30,8,6,4,0.086632453810477
30,8,7,4,0.391156479928565
30,8,9,4,0.335811832079713
30,8,10,4,0.186399234181273
30,9,7,4,0.11734643681683
30,9,8,4,0.360384087928794
30,9,10,4,0.329895662279348
30,9,11,4,0.192373812975028
30,10,8,4,0.13453242663266
30,10,9,4,0.351440969191252
30,10,11,4,0.315162231110911
30,10,12,4,0.198864373065268
30,11,9,4,0.154812883467823
30,11,10,4,0.329348416453923
30,11,12,4,0.328904992665301
30,11,13,4,0.186933707413093
30,12,10,4,0.159847435312194
30,12,11,4,0.330804337493539
30,12,13,4,0.334139606674173
30,12,14,4,0.175208620520104
30,13,11,4,0.165617923185666
30,13,12,4,0.32403115028515
30,13,14,4,0.357830151575463
30,13,15,4,0.152520774953771
30,14,12,4,0.154661024902648
30,14,13,4,0.342889778424741
30,14,15,4,0.354689411488772
30,14,16,4,0.147759785183789
29,0,0,3,0.925994833757608
29,0,1,3,0.054010639233433
29,0,2,3,0.019994527009052
29,1,0,4,0.035577973071251
29,1,1,4,0.790693916351657
29,1,2,4,0.153667793778149
29,1,3,4,0.02006031679892
29,2,1,4,0.13042450271281
29,2,2,4,0.578837392981729
29,2,3,4,0.26054396456645
29,2,4,4,0.030194139739005
29,3,2,4,0.243721237113235
29,3,3,4,0.346641940053114
29,3,4,4,0.369412775482912
29,3,5,4,0.040224047350772
29,4,3,4,0.366851571715028
29,4,4,4,0.105501167586993
29,4,5,4,0.479121194955134
29,4,6,4,0.048526065742823
29,5,4,3,0.451559688423725
29,5,6,3,0.442361563535719
29,5,7,3,0.106078748040577
29,6,4,4,0.035583921038143
29,6,5,4,0.422669297141518
29,6,7,4,0.399556916041751
29,6,8,4,0.142189865778617
29,7,5,4,0.06395956270145
29,7,6,4,0.407626882194393
29,7,8,4,0.34951653704502
29,7,9,4,0.178897018059125
29,8,6,4,0.098553700739558
29,8,7,4,0.375167713388084
29,8,9,4,0.330817714695443
29,8,10,4,0.195460871176996
29,9,7,4,0.121910816809415
29,9,8,4,0.360912273952279
29,9,10,4,0.305881724675487
29,9,11,4,0.211295184562818
29,10,8,4,0.148416341282175
29,10,9,4,0.333717840501059
29,10,11,4,0.309387913189703
29,10,12,4,0.208477905027101
29,11,9,4,0.161350411201665
29,11,10,4,0.327188050912304
29,11,12,4,0.30705682222866
29,11,13,4,0.204404715657315
29,12,10,4,0.174882649355492
29,12,11,4,0.311995525091017
29,12,13,4,0.329114024348937
29,12,14,4,0.184007801204515
29,13,11,4,0.173399937314057
29,13,12,4,0.319762797482281
29,13,14,4,0.339114557358528
29,13,15,4,0.16772270784519
29,14,12,4,0.169698323507074
29,14,13,4,0.324403871625094
29,14,15,4,0.350069390200265
29,14,16,4,0.155828414667468
28,0,0,3,0.923387010588229
28,0,1,3,0.055577551463763
28,0,2,3,0.021035437947916
28,1,0,4,0.036831683686323
28,1,1,4,0.783586811103683
28,1,2,4,0.158099539212804
28,1,3,4,0.02148196599717
28,2,1,4,0.134944469282076
28,2,2,4,0.564847562746472
28,2,3,4,0.267765255388021
28,2,4,4,0.032442712583401
28,3,2,4,0.252096377444612
28,3,3,4,0.325203697989529
28,3,4,4,0.379412680553811
28,3,5,4,0.04328724401195
28,4,3,4,0.379419149190518
28,4,4,4,0.076265978950488
28,4,5,4,0.492044906596707
28,4,6,4,0.052269965262192
28,5,4,3,0.457233677939595
28,5,6,3,0.417860812729892
28,5,7,3,0.124905509330446
28,6,4,4,0.045579207824568
28,6,5,4,0.407898859525961
28,6,7,4,0.396699434292884
28,6,8,4,0.149822498356611
28,7,5,4,0.066349420481231
28,7,6,4,0.411078439191377
28,7,8,4,0.323324476921279
28,7,9,4,0.199247663406084
28,8,6,4,0.11125747690884
28,8,7,4,0.358210545328337
28,8,9,4,0.325207109306995
28,8,10,4,0.205324868455802
28,9,7,4,0.126797038849304
28,9,8,4,0.361516537606581
28,9,10,4,0.280040895423852
28,9,11,4,0.231645528120186
28,10,8,4,0.163236193416843
28,10,9,4,0.314872952259091
28,10,11,4,0.302982888886577
28,10,12,4,0.218907965437497
28,11,9,4,0.1683684135742
28,11,10,4,0.324876513112141
28,11,12,4,0.283577389965544
28,11,13,4,0.223177683348226
28,12,10,4,0.190961850142301
28,12,11,4,0.291932915548429
28,12,13,4,0.323577373647368
28,12,14,4,0.193527860661879
28,13,11,4,0.181775921839526
28,13,12,4,0.315143878745166
28,13,14,4,0.31904498449671
28,13,15,4,0.184035214918595
28,14,12,4,0.185809122864374
28,14,13,4,0.304628120390486
28,14,15,4,0.345028484109935
28,14,16,4,0.164534272635109
27,0,0,3,0.920588936127026
27,0,1,3,0.0572310824127
27,0,2,3,0.022179981460291
27,1,0,4,0.038176857582813
27,1,1,4,0.775983322348397
27,1,2,4,0.162773636808636
27,1,3,4,0.023066183260117
27,2,1,4,0.139787929301018
27,2,2,4,0.549907210587289
27,2,3,4,0.275351993882563
27,2,4,4,0.034952866229185
27,3,2,4,0.261064963023625
27,3,3,4,0.302331961775177
27,3,4,4,0.389893649566917
27,3,5,4,0.046709425634312
27,4,3,4,0.392873966232873
27,4,4,4,0.045086153667988
27,4,5,4,0.505585409803302
27,4,6,4,0.056454470295821
27,5,4,3,0.463352739758658
27,5,6,3,0.39144263706752
27,5,7,3,0.145204623173822
27,6,4,4,0.056241434532156
27,6,5,4,0.392224040977325
27,6,7,4,0.393331144953954
27,6,8,4,0.158203379536516
27,7,5,4,0.06890661579729
27,7,6,4,0.41483750699518
27,7,8,4,0.295053247603704
27,7,9,4,0.22120262960388
27,8,6,4,0.124824450280411
27,8,7,4,0.340194078817582
27,8,9,4,0.318884682638151
27,8,10,4,0.216096788263844
27,9,7,4,0.132040727802067
27,9,8,4,0.36220928027825
27,9,10,4,0.252157258684051
27,9,11,4,0.253592733235546
27,10,8,4,0.179091171027924
27,10,9,4,0.294795248228901
27,10,11,4,0.295854432340985
27,10,12,4,0.230259148402281
27,11,9,4,0.17592207349364
27,11,10,4,0.322397188478936
27,11,12,4,0.2582768332651
27,11,13,4,0.243403904762378
27,12,10,4,0.208198939644515
27,12,11,4,0.270485150482919
27,12,13,4,0.317457022595131
27,12,14,4,0.203858887277462
27,13,11,4,0.190816261295147
27,13,12,4,0.310130506292325
27,13,14,4,0.29746804369988
27,13,15,4,0.201585188712606
27,14,12,4,0.203113601830754
27,14,13,4,0.283421147927363
27,14,15,4,0.339510356027958
27,14,16,4,0.173954894213873
26,0,0,3,0.917581490895196
26,0,1,3,0.058970506533046
26,0,2,3,0.023448002571689
26,1,0,4,0.03962268644723
26,1,1,4,0.767841094059452
26,1,2,4,0.167686872753967
26,1,3,4,0.024849346739326
26,2,1,4,0.144985262076518
26,2,2,4,0.533944681130286
26,2,3,4,0.283285954401082
26,2,4,4,0.037784102392028
26,3,2,4,0.270680654727688
26,3,3,4,0.27792711351421
26,3,4,4,0.400819418113391
26,3,5,4,0.050572813644604
26,4,3,4,0.406763014711643
26,4,4,4,0.013662555000931
26,4,5,4,0.517630049942869
26,4,6,4,0.061944380344618
26,5,3,4,0.000465460269549
26,5,4,4,0.468913279140255
26,5,6,4,0.364175004646889
26,5,7,4,0.166446255943374
26,6,4,4,0.06712988469539
26,6,5,4,0.376682166156613
26,6,7,4,0.388048134802927
26,6,8,4,0.168139814345098
26,7,5,4,0.072141641052464
26,7,6,4,0.417890433019107
26,7,8,4,0.265630340003224
26,7,9,4,0.244337585925091
26,8,6,4,0.13882222295803
26,8,7,4,0.322118788042722
26,8,9,4,0.310539290267315
26,8,10,4,0.228519698731972
26,9,7,4,0.138171055720772
26,9,8,4,0.361993963508378
26,9,10,4,0.223049500131921
26,9,11,4,0.276785480638885
26,10,8,4,0.195585976135792
26,10,9,4,0.274396897705735
26,10,11,4,0.286826045917261
26,10,12,4,0.2431910802412
26,11,9,4,0.184543856486123
26,11,10,4,0.318784547982293
26,11,12,4,0.231888334489881
26,11,13,4,0.264783261041718
26,12,10,4,0.226250832702494
26,12,11,4,0.248444732166913
26,12,13,4,0.309746321483862
26,12,14,4,0.215558113646701
26,13,11,4,0.201041047481796
26,13,12,4,0.303805675037841
26,13,14,4,0.275048725504963
26,13,15,4,0.220104551975453
26,14,12,4,0.221325984323066
26,14,13,4,0.261453290089747
26,14,15,4,0.332631821736948
26,14,16,4,0.184588903850241
25,0,0,3,0.91433732567241
25,0,1,3,0.060809210698191
25,0,2,3,0.024853463629344
25,1,0,4,0.041182318413428
25,1,1,4,0.759088022988353
25,1,2,4,0.172876819826751
25,1,3,4,0.026852838771406
25,2,1,4,0.150583182074704
25,2,2,4,0.516820966980919
25,2,3,4,0.291625120459789
25,2,4,4,0.040970730484652
25,3,2,4,0.281029354976315
25,3,3,4,0.251778676801397
25,3,4,4,0.412267530911198
25,3,5,4,0.054924437311104
25,4,3,3,0.415903076833648
25,4,5,3,0.507677693150278
25,4,6,3,0.07641923001616
25,5,3,4,0.006043014496155
25,5,4,4,0.463407117683165
25,5,6,4,0.348813606003565
25,5,7,4,0.181736261817097
25,6,4,4,0.073485451320403
25,6,5,4,0.371811461750003
25,6,7,4,0.368312328937911
25,6,8,4,0.186390757991543
25,7,5,4,0.081030930405257
25,7,6,4,0.409662498394141
25,7,8,4,0.246679778447531
25,7,9,4,0.262626792753061
25,8,6,4,0.148410644568018
25,8,7,4,0.314272336864321
25,8,9,4,0.288732282029379
25,8,10,4,0.248584736538334
25,9,7,4,0.150160022277134
25,9,8,4,0.350693800935964
25,9,10,4,0.203187337025996
25,9,11,4,0.295958839760861
25,10,8,4,0.208042793959917
25,10,9,4,0.263356071753417
25,10,11,4,0.265654111471115
25,10,12,4,0.262947022815556
25,11,9,4,0.199007663460748
25,11,10,4,0.304541126634376
25,11,12,4,0.21366787758404
25,11,13,4,0.282783332320818
25,12,10,4,0.24074939007121
25,12,11,4,0.234644156351759
25,12,13,4,0.291514899784588
25,12,14,4,0.233091553792487
25,13,11,4,0.21688832802009
25,13,12,4,0.287551415542463
25,13,14,4,0.2598694614145
25,13,15,4,0.235690795022945
25,14,12,4,0.236504517477217
25,14,13,4,0.246607060876833
25,14,15,4,0.316362143901021
25,14,16,4,0.200526277744881
24,0,0,3,0.910828285157595
24,0,1,3,0.062751552534037
24,0,2,3,0.026420162308362
24,1,0,4,0.042869289138344
24,1,1,4,0.749657403990479
24,1,2,4,0.178354608196316
24,1,3,4,0.029118698674868
24,2,1,4,0.15662765162505
24,2,2,4,0.498416815271082
24,2,3,4,0.300374271180852
24,2,4,4,0.044581261923019
24,3,2,4,0.292193524259016
24,3,3,4,0.22371438319459
24,3,4,4,0.424233267756248
24,3,5,4,0.05985882479025
24,4,3,3,0.421539760270866
24,4,5,3,0.480076749510946
24,4,6,3,0.098383490218257
24,5,3,4,0.015749973211491
24,5,4,4,0.449145255017601
24,5,6,4,0.342279973948085
24,5,7,4,0.192824797822906
24,6,4,4,0.076415010447324
24,6,5,4,0.37527359993482
24,6,7,4,0.336593994845593
24,6,8,4,0.21171739477229
24,7,5,4,0.094549806084773
24,7,6,4,0.392461567585947
24,7,8,4,0.235322126597847
24,7,9,4,0.277666499731428
24,8,6,4,0.154748341949591
24,8,7,4,0.314343128082878
24,8,9,4,0.255665506954479
24,8,10,4,0.275243023013182
24,9,7,4,0.167020194869913
24,9,8,4,0.330490052440322
24,9,10,4,0.189945141325875
24,9,11,4,0.31254461136389
24,10,8,4,0.217621827639999
24,10,9,4,0.259448435060062
24,10,11,4,0.234299504852316
24,10,12,4,0.288630232447531
24,11,9,4,0.218406508141115
24,11,10,4,0.281645809572616
24,11,12,4,0.201300809115427
24,11,13,4,0.298646873170707
24,12,10,4,0.252820439906664
24,12,11,4,0.226991810789182
24,12,13,4,0.264493619697912
24,12,14,4,0.255694129606223
24,13,11,4,0.237553942950925
24,13,12,4,0.263102772356472
24,13,14,4,0.249939150031453
24,13,15,4,0.249404134661138
24,14,12,4,0.249701231731747
24,14,13,4,0.236963546962095
24,14,15,4,0.292281901033679
24,14,16,4,0.221053320272482
23,0,0,3,0.907021905642043
23,0,1,3,0.064800209509733
23,0,2,3,0.028177884848204
23,1,0,4,0.044699205545234
23,1,1,4,0.739474198145983
23,1,2,4,0.184126209947466
23,1,3,4,0.031700386361418
23,2,1,4,0.16317113613211
23,2,2,4,0.478600664875991
23,2,3,4,0.309525240974965
23,2,4,4,0.048702958017001
23,3,2,4,0.304266753659135
23,3,3,4,0.19354666377847
23,3,4,4,0.436690129086029
23,3,5,4,0.065496453476284
23,4,3,3,0.427706744357481
23,4,5,3,0.449896987804713
23,4,6,3,0.122396267837757
23,5,3,4,0.026178861351873
23,5,4,4,0.433969259218077
23,5,6,4,0.334637187087499
23,5,7,4,0.205214692342603
23,6,4,4,0.079566961207981
23,6,5,4,0.379162414120981
23,6,7,4,0.301821915653044
23,6,8,4,0.239448709018117
23,7,5,4,0.109092246528766
23,7,6,4,0.374150160735667
23,7,8,4,0.222389875115143
23,7,9,4,0.294367717620396
23,8,6,4,0.161596770899776
23,8,7,4,0.314567874561834
23,8,9,4,0.21940595937609
23,8,10,4,0.304429395162256
23,9,7,4,0.185204591621904
23,9,8,4,0.30888829868389
23,9,10,4,0.175016346138591
23,9,11,4,0.330890763555608
23,10,8,4,0.228020186107837
23,10,9,4,0.255294995446893
23,10,11,4,0.199968778958542
23,10,12,4,0.316716039486774
23,11,9,4,0.239397214072948
23,11,10,4,0.257017321383874
23,11,12,4,0.187452184363963
23,11,13,4,0.316133280179216
23,12,10,4,0.26598062276555
23,12,11,4,0.218660621876258
23,12,13,4,0.234996063680327
23,12,14,4,0.280362691677798
23,13,11,4,0.259988745474164
23,13,12,4,0.236646896531706
23,13,14,4,0.238896845058242
23,13,15,4,0.264467512935896
23,14,12,4,0.26414377437542
23,14,13,4,0.226351981466001
23,14,15,4,0.266103335754078
23,14,16,4,0.243400908404503
22,0,0,3,0.93705232324298
22,0,1,3,0.047088649259673
22,0,2,3,0.015859027497249
22,1,0,4,0.03026208658484
22,1,1,4,0.821050918681363
22,1,2,4,0.134063667954624
22,1,3,4,0.014623326779163
22,2,1,4,0.111196466318283
22,2,2,4,0.638859830035017
22,2,3,4,0.228304350103059
22,2,4,4,0.021639353543585
22,3,2,4,0.208033334412274
22,3,3,4,0.438853263710357
22,3,4,4,0.324516926229546
22,3,5,4,0.028596475647806
22,4,3,4,0.31326611086952
22,4,4,4,0.231351661350871
22,4,5,4,0.421049063288226
22,4,6,4,0.034333164491274
22,5,4,4,0.41951698942939
22,5,5,4,0.02753958036061
22,5,6,4,0.514845898573395
22,5,7,4,0.038097531636407
22,6,5,3,0.470724917735669
22,6,7,3,0.427700754593225
22,6,8,3,0.101574327671109
22,7,5,4,0.046188117896882
22,7,6,4,0.409775933636251
22,7,8,4,0.440671948685884
22,7,9,4,0.103363999780994
22,8,6,4,0.051639048643747
22,8,7,4,0.432890297616862
22,8,9,4,0.368909242436828
22,8,10,4,0.146561411302599
22,9,7,4,0.093683040555057
22,9,8,4,0.374364981902623
22,9,10,4,0.397427117995365
22,9,11,4,0.134524859547025
22,10,8,4,0.092494303379706
22,10,9,4,0.399980237079998
22,10,11,4,0.349482091859677
22,10,12,4,0.158043367680648
22,11,9,4,0.124651958578539
22,11,10,4,0.351474669195042
22,11,12,4,0.39098669973956
22,11,13,4,0.13288667248686
22,12,10,4,0.113483125788873
22,12,11,4,0.384045699730918
22,12,13,4,0.364313055634284
22,12,14,4,0.138158118845929
22,13,11,4,0.131780962617739
22,13,12,4,0.351856420197826
22,13,14,4,0.411097815678747
22,13,15,4,0.105264801505637
22,14,12,4,0.107855608272779
22,14,13,4,0.396010090754477
22,14,15,4,0.382517410322276
22,14,16,4,0.113616890650416
21,0,0,3,0.961835013837309
21,0,1,3,0.030025117858497
21,0,2,3,0.008139868304462
21,1,0,4,0.018347811631442
21,1,1,4,0.890325856614053
21,1,2,4,0.085595688013642
21,1,3,4,0.005730643740708
21,2,1,4,0.0677513993901
21,2,2,4,0.777307550620161
21,2,3,4,0.147017597615456
21,2,4,4,0.007923452374322
21,3,2,4,0.127065250824653
21,3,3,4,0.652825272500287
21,3,4,4,0.209991036793653
21,3,5,4,0.010118439881361
21,4,3,4,0.191510123531316
21,4,4,4,0.523944924948168
21,4,5,4,0.27265109403767
21,4,6,4,0.011893857483005
21,5,4,4,0.256400838354928
21,5,5,4,0.39809395701139
21,5,6,4,0.332523919579316
21,5,7,4,0.012981285054353
21,6,5,4,0.318399780434696
21,6,6,4,0.28071063836947
21,6,7,4,0.387654822517845
21,6,8,4,0.013234758677962
21,7,6,4,0.374968603845453
21,7,7,4,0.176051616064328
21,7,8,4,0.436366024396001
21,7,9,4,0.012613755694237
21,8,7,4,0.424103814897506
21,8,8,4,0.087576120738191
21,8,9,4,0.47715240236051
21,8,10,4,0.011167662003942
21,9,8,4,0.463056971798409
21,9,9,4,0.02164429522
21,9,10,4,0.505068012452011
21,9,11,4,0.010230720529513
21,10,8,4,0.001064998043285
21,10,9,4,0.481930847845286
21,10,11,4,0.50169300841727
21,10,12,4,0.015311145694206
21,11,9,4,0.008228634105933
21,11,10,4,0.477537138423529
21,11,12,4,0.501150139398224
21,11,13,4,0.013084088072286
21,12,10,4,0.009291174366602
21,12,11,4,0.48165589844122
21,12,13,4,0.500035538338636
21,12,14,4,0.009017388853447
21,13,11,5,0.008657221294055
21,13,12,5,0.483310366340586
21,13,13,5,0.005771173977124
21,13,14,5,0.501649928572341
21,13,15,5,0.000611309815986
21,14,12,5,0.003226104065939
21,14,13,5,0.483699590388746
21,14,14,5,0.025663906842752
21,14,15,5,0.487273365366988
21,14,16,5,0.000137033335659
20,0,0,3,0.898350146262096
20,0,1,3,0.069241918922646
20,0,2,3,0.032407934815124
20,1,0,4,0.048868152625042
20,1,1,4,0.716454725968086
20,1,2,4,0.196615712086532
20,1,3,4,0.038061409320407
20,2,1,4,0.17802765417295
20,2,2,4,0.434026101182699
20,2,3,4,0.3290586850446
20,2,4,4,0.058887559599759
20,3,2,4,0.331629199303862
20,3,3,4,0.125881116027216
20,3,4,4,0.463045694332806
20,3,5,4,0.07944399033611
20,4,3,3,0.441960394509393
20,4,5,3,0.380211644386645
20,4,6,3,0.177827961104004
20,5,3,4,0.049548720105991
20,5,4,4,0.400534540523843
20,5,6,4,0.315074670095926
20,5,7,4,0.234842069274192
20,6,4,4,0.086647737245758
20,6,5,4,0.388538060247603
20,6,7,4,0.221186344009183
20,6,8,4,0.303627858497499
20,7,5,4,0.141750950154599
20,7,6,4,0.333776307714976
20,7,8,4,0.190557382228212
20,7,9,4,0.3339153599022
20,8,6,4,0.17709718864095
20,8,7,4,0.315652674995303
20,8,9,4,0.135285731807691
20,8,10,4,0.371964404556099
20,9,7,4,0.226228342180981
20,9,8,4,0.260890239723651
20,9,10,4,0.138819902607411
20,9,11,4,0.37406151548792
20,10,8,4,0.251739497918377
20,10,9,4,0.246162819563204
20,10,11,4,0.120519901625869
20,10,12,4,0.381577780892556
20,11,9,4,0.287017674376113
20,11,10,4,0.201709109503696
20,11,12,4,0.154223309844552
20,11,13,4,0.357049906275599
20,12,10,4,0.296219007997131
20,12,11,4,0.199562596706058
20,12,13,4,0.167071752273269
20,12,14,4,0.337146643023516
20,13,11,4,0.311170107086699
20,13,12,4,0.176624075471768
20,13,14,4,0.212692716324529
20,13,15,4,0.299513101116998
20,14,12,4,0.297541008653406
20,14,13,4,0.201592329150378
20,14,15,4,0.206238809122091
20,14,16,4,0.294627853074086
19,0,0,3,0.893382992045643
19,0,1,3,0.071639722416228
19,0,2,3,0.034977285538154
19,1,0,4,0.05125611130322
19,1,1,4,0.703386119357189
19,1,2,4,0.203341685358402
19,1,3,4,0.042016083981231
19,2,1,4,0.18650434478382
19,2,2,4,0.408864461273666
19,2,3,4,0.339394332757719
19,2,4,4,0.06523686118482
19,3,2,4,0.347209516176685
19,3,3,4,0.087812423195764
19,3,4,4,0.476828637841878
19,3,5,4,0.088149422785646
19,4,3,3,0.450257175502293
19,4,5,3,0.339693034200952
19,4,6,3,0.210049790296754
19,5,3,4,0.062682177064426
19,5,4,4,0.382122748246756
19,5,6,4,0.302473656559068
19,5,7,4,0.252721418129841
19,6,4,4,0.090638650420774
19,6,5,4,0.394243321321154
19,6,7,4,0.174078826840855
19,6,8,4,0.341039201417221
19,7,5,4,0.160151342326859
19,7,6,4,0.311522201655023
19,7,8,4,0.170785766792195
19,7,9,4,0.357540689225882
19,8,6,4,0.185909715596444
19,8,7,4,0.316645762307866
19,8,9,4,0.086119992330339
19,8,10,4,0.411324529765366
19,9,7,4,0.249464256479559
19,9,8,4,0.234185893610583
19,9,10,4,0.116668437491466
19,9,11,4,0.399681412418431
19,10,8,4,0.265345043523411
19,10,9,4,0.241146270824362
19,10,11,4,0.074209709705933
19,10,12,4,0.419298975946301
19,11,9,4,0.314164115495057
19,11,10,4,0.170548472773241
19,11,12,4,0.134100495963313
19,11,13,4,0.381186915768431
19,12,10,4,0.3137059975132
19,12,11,4,0.188546885505791
19,12,13,4,0.127696075022406
19,12,14,4,0.370051041958597
19,13,11,4,0.340532049802725
19,13,12,4,0.142405068748975
19,13,14,4,0.19700337436274
19,13,15,4,0.320059507085555
19,14,12,4,0.316991412694298
19,14,13,4,0.187030954898676
19,14,15,4,0.171803198390077
19,14,16,4,0.324174434016911
18,0,0,3,0.887910638423406
18,0,1,3,0.074152075857257
18,0,2,3,0.037937285719322
18,1,0,4,0.053886944523278
18,1,1,4,0.689091574586435
18,1,2,4,0.210373666457264
18,1,3,4,0.04664781443312
18,2,1,4,0.195813966110278
18,2,2,4,0.381471003620121
18,2,3,4,0.350027605019854
18,2,4,4,0.072687425249725
18,3,2,4,0.364292496046271
18,3,3,4,0.046481311703129
18,3,4,4,0.490853104644842
18,3,5,4,0.098373087605748
18,4,3,3,0.459514716181023
18,4,5,3,0.294520581725429
18,4,6,3,0.245964702093509
18,5,3,4,0.076928155648849
18,5,4,4,0.362491617786294
18,5,6,4,0.287358057503914
18,5,7,4,0.273222169060933
18,6,4,4,0.094978110018629
18,6,5,4,0.400824730366838
18,6,7,4,0.121367585023854
18,6,8,4,0.382829574590602
18,7,5,4,0.180152520680055
18,7,6,4,0.287774926793073
18,7,8,4,0.147644457964866
18,7,9,4,0.38442809456204
18,8,6,4,0.195560188998352
18,8,7,4,0.318068236599726
18,8,9,4,0.031086221291567
18,8,10,4,0.455285353110359
18,9,7,4,0.274831684469326
18,9,8,4,0.205462323066524
18,9,10,4,0.091011068386308
18,9,11,4,0.428694924077828
18,10,8,4,0.280351347933415
18,10,9,4,0.235808842419609
18,10,11,4,0.02248076941305
18,10,12,4,0.461359040233869
18,11,9,4,0.343956372833535
18,11,10,4,0.136677678543627
18,11,12,4,0.110968609670234
18,11,13,4,0.408397338952607
18,12,10,4,0.33311868348323
18,12,11,4,0.176343270701865
18,12,13,4,0.08390137320815
18,12,14,4,0.40663667260678
18,13,11,4,0.372920474050964
18,13,12,4,0.104848705393856
18,13,14,4,0.179117835245668
18,13,15,4,0.343112985309524
18,14,12,4,0.338703286964407
18,14,13,4,0.170653641792017
18,14,15,4,0.133736748602093
18,14,16,4,0.356906322641464
17,0,0,3,0.881851913745922
17,0,1,3,0.076772825577088
17,0,2,3,0.041375260676975
17,1,0,4,0.05679967554418
17,1,1,4,0.673393722894863
17,1,2,4,0.217689026346649
17,1,3,4,0.052117575214205
17,2,1,4,0.206084799028784
17,2,2,4,0.351549294345308
17,2,3,4,0.360863216171566
17,2,4,4,0.081502690454256
17,3,2,4,0.382184864698575
17,3,3,4,0.004832216491124
17,3,4,4,0.500990123647322
17,3,5,4,0.111992795163008
17,4,2,4,0.000777356255958
17,4,3,4,0.468043447953314
17,4,5,4,0.246325326124126
17,4,6,4,0.284853869666563
17,5,3,4,0.091574886712034
17,5,4,4,0.343498780202141
17,5,6,4,0.266711975295857
17,5,7,4,0.298214357789966
17,6,4,4,0.100597762326863
17,6,5,4,0.406530964161847
17,6,7,4,0.064274927506816
17,6,8,4,0.428596346004415
17,7,5,5,0.201056398061699
17,7,6,5,0.250651156740773
17,7,7,5,0.043521567495851
17,7,8,5,0.07246632213203
17,7,9,5,0.432304555569559
17,8,6,3,0.219707236682382
17,8,7,3,0.29158272306341
17,8,10,3,0.488710040254256
17,9,7,5,0.289218668754041
17,9,8,5,0.198216995941895
17,9,9,5,0.012538448325992
17,9,10,5,0.018928653667317
17,9,11,5,0.481097233310706
17,10,8,3,0.313958174526253
17,10,9,3,0.195475450378915
17,10,12,3,0.490566375094714
17,11,9,4,0.360284832991653
17,11,10,4,0.133048063334817
17,11,12,4,0.050718380414558
17,11,13,4,0.455948723259027
17,12,10,4,0.370735718124372
17,12,11,4,0.130991771562087
17,12,13,4,0.066016457965929
17,12,14,4,0.432256052347656
17,13,11,4,0.393558496627533
17,13,12,4,0.093546392861138
17,13,14,4,0.129402145157229
17,13,15,4,0.383492965354083
17,14,12,4,0.377550396885681
17,14,13,4,0.123672669667862
17,14,15,4,0.119432335425852
17,14,16,4,0.379344598020679
16,0,0,3,0.875108805467881
16,0,1,3,0.079483456820304
16,0,2,3,0.045407737711785
16,1,0,4,0.060041423883035
16,1,1,4,0.656087245272294
16,1,2,4,0.225228036502791
16,1,3,4,0.058643294341861
16,2,1,4,0.217469235059637
16,2,2,4,0.318769452103073
16,2,3,4,0.371721521764744
16,2,4,4,0.092039791072581
16,3,2,3,0.39085146290933
16,3,4,3,0.462682007791557
16,3,5,3,0.146466529299119
16,4,2,4,0.011043923768605
16,4,3,4,0.455152735997747
16,4,5,4,0.221829505264745
16,4,6,4,0.31197383496893
16,5,3,4,0.097262919547098
16,5,4,4,0.3467372842145
16,5,6,4,0.213011809389378
16,5,7,4,0.342987986849135
16,6,4,4,0.1174826088054
16,6,5,4,0.389790744066371
16,6,7,4,0.026975788554942
16,6,8,4,0.465750858573351
16,7,5,5,0.21295837639921
16,7,6,5,0.248618303962204
16,7,7,5,0.045609044670304
16,7,8,5,0.008985614138208
16,7,9,5,0.483828660830088
16,8,6,4,0.244002620393445
16,8,7,4,0.261316933122989
16,8,10,4,0.472973258501963
16,8,11,4,0.02170718798158
16,9,7,4,0.313398563813198
16,9,8,4,0.179365627112222
16,9,11,4,0.498296544291389
16,9,12,4,0.008939264783196
16,10,8,4,0.355330505765092
16,10,9,4,0.139884547397283
16,10,12,4,0.495922686114893
16,10,13,4,0.008862260722743
16,11,9,4,0.38489510638407
16,11,10,4,0.115632733806327
16,11,13,4,0.497313456512712
16,11,14,4,0.002158703296907
16,12,10,4,0.415142236066679
16,12,11,4,0.075816503515007
16,12,13,4,0.049951936835437
16,12,14,4,0.459089323582862
16,13,11,4,0.41642068091593
16,13,12,4,0.081532497167633
16,13,14,4,0.072786755498258
16,13,15,4,0.42926006641812
16,14,12,4,0.421399001432325
16,14,13,4,0.070532417460113
16,14,15,4,0.103620992837833
16,14,16,4,0.404447588269733
15,0,0,3,0.867560378447839
15,0,1,3,0.082249931553269
15,0,2,3,0.050189689998996
15,1,0,4,0.063670329091805
15,1,1,4,0.636927739667957
15,1,2,4,0.23288427683126
15,1,3,4,0.066517654409076
15,2,1,4,0.230152777449931
15,2,2,4,0.282752774627753
15,2,3,4,0.382315639630256
15,2,4,4,0.104778808292024
15,3,2,3,0.399246482535579
15,3,4,3,0.41251314058356
15,3,5,3,0.188240376880852
15,4,2,4,0.023498052772921
15,4,3,4,0.438656616431051
15,4,5,4,0.196371842458872
15,4,6,4,0.341473488337222
15,5,3,5,0.102118847953899
15,5,4,5,0.348159468892584
15,5,5,5,0.0197253910064
15,5,6,5,0.125846789575981
15,5,7,5,0.404149502571201
15,6,4,4,0.142678039047894
15,6,5,4,0.357571011339733
15,6,7,4,9.762060546e-06
15,6,8,4,0.499741187551772
15,7,5,5,0.219182728829922
15,7,6,5,0.272427534550006
15,7,7,5,7.3964068138e-05
15,7,9,5,0.492071164234133
15,7,10,5,0.016244608317798
15,8,6,4,0.268002610799272
15,8,7,4,0.233201130963639
15,8,10,4,0.448191357025095
15,8,11,4,0.050604901212057
15,9,7,4,0.356854152958672
15,9,8,4,0.120019937884869
15,9,11,4,0.503553011810434
15,9,12,4,0.019572897346004
15,10,8,4,0.393336729730507
15,10,9,4,0.091942937470659
15,10,12,4,0.486510147519134
15,10,13,4,0.028210185279715
15,11,9,4,0.423816862029906
15,11,10,4,0.067703430196005
15,11,13,4,0.486850440391406
15,11,14,4,0.021629267382656
15,12,10,4,0.468087346752542
15,12,11,4,0.008074242935365
15,12,13,4,0.036831097876874
15,12,14,4,0.487007312435228
15,13,11,4,0.455387712848808
15,13,12,4,0.042181263429111
15,13,14,4,0.033552390310025
15,13,15,4,0.468878633412121
15,14,12,4,0.458488306953075
15,14,13,4,0.035098767677386
15,14,15,4,0.06128414954334
15,14,16,4,0.445128775826142
14,0,0,3,0.859059203699624
14,0,1,3,0.085003445665872
14,0,2,3,0.055937350634581
14,1,0,4,0.067757267634372
14,1,1,4,0.615639063273389
14,1,2,4,0.240448176234946
14,1,3,4,0.076155492857154
14,2,1,4,0.244355398975367
14,2,2,4,0.243106714882773
14,2,3,4,0.392136705755153
14,2,4,4,0.12040118038674
14,3,2,3,0.408939397252025
14,3,4,3,0.354772225733541
14,3,5,3,0.236288377014436
14,4,2,4,0.037128434912478
14,4,3,4,0.421355646949597
14,4,5,4,0.164946757236715
14,4,6,4,0.376569160901226
14,5,3,5,0.107394222540038
14,5,4,5,0.351442117730791
14,5,5,5,0.039173071619871
14,5,6,5,0.028462064002483
14,5,7,5,0.473528524106816
14,6,4,4,0.169695832886339
14,6,5,4,0.319490238722109
14,6,8,4,0.491136046473727
14,6,9,4,0.019677881917808
14,7,5,4,0.231430959559017
14,7,6,4,0.264273938591884
14,7,9,4,0.441264482404122
14,7,10,4,0.063030619445005
14,8,6,4,0.32538983912964
14,8,7,4,0.148827012317136
14,8,10,4,0.477700685295645
14,8,11,4,0.048082463257572
14,9,7,4,0.387075583598682
14,9,8,4,0.085613243659393
14,9,11,4,0.473896419676862
14,9,12,4,0.053414753065038
14,10,8,5,0.43177303526619
14,10,9,5,0.045406078942008
14,10,11,5,0.001381136275018
14,10,12,5,0.465166662719992
14,10,13,5,0.056273086796857
14,11,9,3,0.476024882430062
14,11,13,3,0.48763395581485
14,11,14,3,0.036341161755061
14,12,9,4,0.015463174178505
14,12,10,4,0.46576109482941
14,12,14,4,0.506786273286526
14,12,15,4,0.011989457705521
14,13,10,5,0.009753719047438
14,13,11,5,0.482348521683079
14,13,14,5,0.001749845503228
14,13,15,5,0.506062216703902
14,13,16,5,8.5697062375e-05
14,14,11,5,0.00463143123196
14,14,12,5,0.490390008662912
14,14,13,5,0.000246915388193
14,14,15,5,0.014772544481502
14,14,16,5,0.489959100235424
13,0,0,3,0.849416355063338
13,0,1,3,0.087639825577273
13,0,2,3,0.062943819359335
13,1,0,4,0.072393065735049
13,1,1,4,0.591880122321148
13,1,2,4,0.247604391155103
13,1,3,4,0.08812242078876
13,2,1,4,0.260355373327467
13,2,2,4,0.199368738230046
13,2,3,4,0.400439373958215
13,2,4,4,0.139836514484229
13,3,2,3,0.420254430902083
13,3,4,3,0.28760990309182
13,3,5,3,0.292135666006097
13,4,2,4,0.052057302064807
13,4,3,4,0.403448582259736
13,4,5,4,0.12559820054515
13,4,6,4,0.418895915130269
13,5,3,4,0.113117939940028
13,5,4,4,0.372205946487209
13,5,7,4,0.504346531405716
13,5,8,4,0.010329582167024
13,6,4,4,0.185293953503038
13,6,5,4,0.30394858643643
13,6,8,4,0.446075195247651
13,6,9,4,0.064682264812897
13,7,5,4,0.271805933457705
13,7,6,4,0.208232470865372
13,7,9,4,0.436482233389207
13,7,10,4,0.083479362287746
13,8,6,5,0.370537634744412
13,8,7,5,0.07891522419763
13,8,8,5,0.019348758030951
13,8,10,5,0.450364657242101
13,8,11,5,0.080833725784977
13,9,7,4,0.430583515826193
13,9,8,4,0.031096499883748
13,9,11,4,0.455346008733678
13,9,12,4,0.082973975556444
13,10,8,3,0.471528271334467
13,10,12,3,0.436431906677054
13,10,13,3,0.092039821988521
13,11,8,4,0.019250751391315
13,11,9,4,0.460347851017783
13,11,13,4,0.440813613742646
13,11,14,4,0.079587783848243
13,12,9,4,0.04501592853418
13,12,10,4,0.435433343433678
13,12,14,4,0.474904022895881
13,12,15,4,0.044646705136209
13,13,10,4,0.04482672924485
13,13,11,4,0.444767597075188
13,13,15,4,0.483706879583973
13,13,16,4,0.026698794095989
13,14,11,4,0.03263106402469
13,14,12,4,0.465447855297727
13,14,16,4,0.476105250963528
13,14,17,4,0.025815829714038
12,0,0,3,0.83839051946553
12,0,1,3,0.089985073559836
12,0,2,3,0.071624406974565
12,1,0,4,0.077693734619459
12,1,1,4,0.565247923750401
12,1,2,4,0.253830456733535
12,1,3,4,0.103227884896623
12,2,1,4,0.278498887555683
12,2,2,4,0.15105166879081
12,2,3,4,0.406033072736156
12,2,4,4,0.164416370917415
12,3,2,3,0.433632648371638
12,3,4,3,0.208523850816032
12,3,5,3,0.357843500812386
12,4,2,4,0.068396049549267
12,4,3,4,0.385333676990387
12,4,5,4,0.075516385577869
12,4,6,4,0.470753887882477
12,5,3,4,0.119305039823382
12,5,4,4,0.371969805834565
12,5,7,4,0.437706784336775
12,5,8,4,0.07101837000523
12,6,4,4,0.22484992858781
12,6,5,4,0.247023602629559
12,6,8,4,0.440829977781964
12,6,9,4,0.087296491000648
12,7,5,4,0.319645809575393
12,7,6,4,0.141602975965906
12,7,9,4,0.432087501508973
12,7,10,4,0.106663712949735
12,8,6,4,0.397895712414932
12,8,7,4,0.061807325112762
12,8,10,4,0.413500984417972
12,8,11,4,0.126795978054265
12,9,7,3,0.462438869758895
12,9,11,3,0.398940247310389
12,9,12,3,0.138620882930731
12,10,7,4,0.028363432775636
12,10,8,4,0.442838430816465
12,10,12,4,0.392402839738667
12,10,13,4,0.136395296669206
12,11,8,4,0.055917787408879
12,11,9,4,0.420480564090038
12,11,13,4,0.407896137603478
12,11,14,4,0.115705510897536
12,12,9,4,0.071230394500685
12,12,10,4,0.412455212373571
12,12,14,4,0.425577136064682
12,12,15,4,0.090737257061104
12,13,10,4,0.078068076051103
12,13,11,4,0.412135812042338
12,13,15,4,0.443407187472012
12,13,16,4,0.066388924434538
12,14,11,5,0.074100654289357
12,14,12,5,0.420350290943581
12,14,15,5,0.010410123703781
12,14,16,5,0.430697745333611
12,14,17,5,0.064441185729634
11,0,0,3,0.825675718276659
11,0,1,3,0.091728245734846
11,0,2,3,0.082596035988585
11,1,0,4,0.083806373469922
11,1,1,4,0.535303587015046
11,1,2,4,0.258199857347033
11,1,3,4,0.122690182168062
11,2,1,4,0.299204493225894
11,2,2,4,0.09776637785734
11,2,3,4,0.406881889780836
11,2,4,4,0.196147239135966
11,3,2,3,0.449692739504221
11,3,4,3,0.114031970913619
11,3,5,3,0.436275289582078
11,4,2,4,0.086187238565918
11,4,3,4,0.367834461720773
11,4,5,4,0.010451664656859
11,4,6,4,0.535526635056494
11,5,3,4,0.125926342353317
11,5,4,4,0.373109009312133
11,5,7,4,0.356563790460676
11,5,8,4,0.144400857873901
11,6,4,4,0.269590121935972
11,6,5,4,0.183505983073841
11,6,8,4,0.429565872729337
11,6,9,4,0.117338022260838
11,7,5,4,0.376481708868942
11,7,6,4,0.062413503661549
11,7,9,4,0.427039433308108
11,7,10,4,0.13406535416134
11,8,6,4,0.428356470283228
11,8,7,4,0.033872133071749
11,8,10,4,0.341808672748929
11,8,11,4,0.195962723896066
11,9,7,3,0.478718734485056
11,9,11,3,0.292936302760168
11,9,12,3,0.228344962754779
11,10,7,4,0.090125884049028
11,10,8,4,0.365465177983719
11,10,12,4,0.386353735454952
11,10,13,4,0.158055202512299
11,11,8,4,0.091560045737072
11,11,9,4,0.385053774815969
11,11,13,4,0.357131377868456
11,11,14,4,0.166254801578466
11,12,9,4,0.088906371813938
11,12,10,4,0.405269945232483
11,12,14,4,0.347757718892396
11,12,15,4,0.158065964061127
11,13,10,4,0.119041829868522
11,13,11,4,0.371055759009073
11,13,15,4,0.398220112967806
11,13,16,4,0.111682298154539
11,14,11,5,0.144786435238579
11,14,12,5,0.335178184054548
11,14,15,5,0.019686039237839
11,14,16,5,0.413541055862328
11,14,17,5,0.086808285606734
10,0,0,3,0.810877417731587
10,0,1,3,0.092324294040019
10,0,2,3,0.096798288228396
10,1,0,4,0.090920654337347
10,1,1,4,0.501596260504753
10,1,2,4,0.259096624774812
10,1,3,4,0.148386460383117
10,2,1,4,0.322979320368214
10,2,2,4,0.039375862956225
10,2,3,4,0.399520933198047
10,2,4,4,0.238123883477501
10,3,2,4,0.469080903441178
10,3,4,4,0.001187650989355
10,3,5,4,0.528441840919216
10,3,6,4,0.00128960465015
10,4,2,4,0.105536658707212
10,4,3,4,0.342021732801278
10,4,6,4,0.507399260772583
10,4,7,4,0.045042347718955
10,5,3,4,0.142051885519234
10,5,4,4,0.359266449828887
10,5,7,4,0.278506730666066
10,5,8,4,0.220174933985783
10,6,4,4,0.334461261261847
10,6,5,4,0.087084932543618
10,6,8,4,0.440206039610904
10,6,9,4,0.138247766583586
10,7,5,4,0.416113147426127
10,7,6,4,0.018283559337364
10,7,9,4,0.361315084052048
10,7,10,4,0.204288209184391
10,8,6,3,0.465161663727957
10,8,10,3,0.255747646586308
10,8,11,3,0.279090689685734
10,9,6,4,0.019949971505024
10,9,7,4,0.467107594581726
10,9,11,4,0.200310882576362
10,9,12,4,0.312631551336951
10,10,7,4,0.155526962134003
10,10,8,4,0.286052953694405
10,10,12,4,0.364664620305476
10,10,13,4,0.193755463866152
10,11,8,4,0.112684631599101
10,11,9,4,0.375429897552857
10,11,13,4,0.262941188529407
10,11,14,4,0.248944282318661
10,12,9,4,0.131243502067374
10,12,10,4,0.364937420512941
10,12,14,4,0.285261955073015
10,12,15,4,0.218557122346683
10,13,10,5,0.17312184943871
10,13,11,5,0.311348238062923
10,13,12,5,0.005093701548915
10,13,15,5,0.346143484063935
10,13,16,5,0.164292726885522
10,14,11,5,0.21336214376255
10,14,12,5,0.260127331171862
10,14,15,5,0.000306188397121
10,14,16,5,0.415293169730749
10,14,17,5,0.110911166937713
9,0,0,3,0.829033167683288
9,0,1,3,0.091371707067153
9,0,2,3,0.079595125249636
9,1,0,4,0.082192280148572
9,1,1,4,0.543127804679001
9,1,2,4,0.257349419105208
9,1,3,4,0.117330496067244
9,2,1,4,0.293760446250706
9,2,2,4,0.111574186834661
9,2,3,4,0.407262374378773
9,2,4,4,0.187402992535879
9,3,2,3,0.445383662748336
9,3,4,3,0.139338577934634
9,3,5,3,0.415277759317057
9,4,2,4,0.081602697850744
9,4,3,4,0.372089314762247
9,4,5,4,0.028421684341589
9,4,6,4,0.517886303045481
9,5,3,4,0.12423336232278
9,5,4,4,0.372655841527536
9,5,7,4,0.378453876490198
9,5,8,4,0.124656919659504
9,6,4,4,0.257870550403023
9,6,5,4,0.200048733726847
9,6,8,4,0.433103177462496
9,6,9,4,0.108977538407595
9,7,5,4,0.36129370289064
9,7,6,4,0.083578169375247
9,7,9,4,0.428370274289099
9,7,10,4,0.126757853444976
9,8,6,4,0.420430496557133
9,8,7,4,0.04097126201689
9,8,10,4,0.361346290235428
9,8,11,4,0.177251951190598
9,9,7,3,0.474374761695383
9,9,11,3,0.321226841329281
9,9,12,3,0.204398396975332
9,10,7,4,0.073798910955858
9,10,8,4,0.385876266922359
9,10,12,4,0.388215732055605
9,10,13,4,0.152109090066214
9,11,8,4,0.082006626209919
9,11,9,4,0.394574340011594
9,11,13,4,0.370603038547351
9,11,14,4,0.152815995231146
9,12,9,4,0.084360163063804
9,12,10,4,0.406934611029284
9,12,14,4,0.368759451500846
9,12,15,4,0.139945774406073
9,13,10,4,0.10804630315987
9,13,11,4,0.382113503634436
9,13,15,4,0.410171549087259
9,13,16,4,0.09966864411853
9,14,11,5,0.126007941030885
9,14,12,5,0.357787007956563
9,14,15,5,0.017195094021296
9,14,16,5,0.418248010798327
9,14,17,5,0.080761946192946
8,0,0,3,0.948712939986212
8,0,1,3,0.03931748793938
8,0,2,3,0.011969572074407
8,1,0,4,0.024656246755735
8,1,1,4,0.853440234315546
8,1,2,4,0.11201150325714
8,1,3,4,0.00989201567144
8,2,1,4,0.090813098122029
8,2,2,4,0.703349821982037
8,2,3,4,0.191558100925306
8,2,4,4,0.014278978970602
8,3,2,4,0.170099888858239
8,3,3,4,0.53831679260206
8,3,4,4,0.272940927487419
8,3,5,4,0.01864239105218
8,4,3,4,0.256253497568373
8,4,4,4,0.367271399839154
8,4,5,4,0.354257005223829
8,4,6,4,0.022218097368669
8,5,4,4,0.343126034938724
8,5,5,4,0.19974321218789
8,5,6,4,0.432616352469317
8,5,7,4,0.024514400403994
8,6,5,4,0.426340532992505
8,6,6,4,0.042737338242915
8,6,7,4,0.50565969751807
8,6,8,4,0.025262431246545
8,7,6,3,0.471579977802991
8,7,8,3,0.468168382315596
8,7,9,3,0.060251639881287
8,8,6,4,0.028488980162159
8,8,7,4,0.439144176512102
8,8,9,4,0.466541730072516
8,8,10,4,0.065825113253188
8,9,7,4,0.036778457331816
8,9,8,4,0.445529030209217
8,9,10,4,0.431914444223665
8,9,11,4,0.085778068235385
8,10,8,4,0.059381729671816
8,10,9,4,0.417862514108478
8,10,11,4,0.443403183302417
8,10,12,4,0.079352572917159
8,11,9,4,0.060431025186727
8,11,10,4,0.429378040165241
8,11,12,4,0.425149066737546
8,11,13,4,0.085041867910526
8,12,10,4,0.073503033335523
8,12,11,4,0.411507800418448
8,12,13,4,0.447222302601118
8,12,14,4,0.067766863644756
8,13,11,4,0.064825600782052
8,13,12,4,0.431976871762974
8,13,14,4,0.440481669512636
8,13,15,4,0.062715857942486
8,14,12,4,0.065647575253006
8,14,13,4,0.427081482257627
8,14,15,4,0.458829795269042
8,14,16,4,0.048441147220416
7,0,0,3,0.772826014516335
7,0,1,3,0.085355729367597
7,0,2,3,0.141818256116061
7,1,0,4,0.109213860982938
7,1,1,4,0.421710109951994
7,1,2,4,0.236549680072114
7,1,3,4,0.232526348992947
7,2,1,3,0.360201728756033
7,2,3,3,0.217949997522926
7,2,4,3,0.421848273721073
7,3,1,4,0.017571494931974
7,3,2,4,0.447950373901665
7,3,5,4,0.372644576691451
7,3,6,4,0.161833554474939
7,4,2,4,0.150452222141343
7,4,3,4,0.284707702442409
7,4,6,4,0.357847627277975
7,4,7,4,0.206992448138264
7,5,3,4,0.264144757792323
7,5,4,4,0.175988410750701
7,5,7,4,0.251090231348462
7,5,8,4,0.308776600108522
7,6,4,4,0.40204256495606
7,6,5,4,0.024448676837103
7,6,8,4,0.216966954286821
7,6,9,4,0.356541803920013
7,7,5,3,0.467493310766312
7,7,9,3,0.057730666617875
7,7,10,3,0.474776022615849
7,8,5,4,0.091342061959408
7,8,6,4,0.367925318185665
7,8,10,4,0.085832163111409
7,8,11,4,0.454900456743506
7,9,6,4,0.134224170567819
7,9,7,4,0.342517473261925
7,9,11,4,0.047728272354842
7,9,12,4,0.475530083815395
7,10,7,4,0.197832364295449
7,10,8,4,0.279550680220511
7,10,12,4,0.079235325338356
7,10,13,4,0.443381630145701
7,11,8,4,0.217227673994568
7,11,9,4,0.278451741662534
7,11,13,4,0.074414897200866
7,11,14,4,0.429905687141991
7,12,9,4,0.297781717116445
7,12,10,4,0.17880578257841
7,12,14,4,0.186483463283903
7,12,15,4,0.336929037021273
7,13,10,5,0.291970288699455
7,13,11,5,0.195194050639957
7,13,12,5,0.01317949838799
7,13,15,5,0.165235596661361
7,13,16,5,0.334420565611179
7,14,11,4,0.316069438857604
7,14,12,4,0.175913480281723
7,14,16,4,0.213314892243373
7,14,17,4,0.294702188617315
6,0,0,3,0.748093959476844
6,0,1,3,0.072410983418296
6,0,2,3,0.179495057104866
6,1,0,4,0.121103792900807
6,1,1,4,0.376505194970111
6,1,2,4,0.197292901751193
6,1,3,4,0.305098110377939
6,2,1,3,0.381435912535711
6,2,3,3,0.045456691295577
6,2,4,3,0.573107396168695
6,3,1,4,0.02983765465031
6,3,2,4,0.434342140956685
6,3,5,4,0.25303204323726
6,3,6,4,0.28278816115578
6,4,2,4,0.172126065326123
6,4,3,4,0.265347138639643
6,4,6,4,0.215281065669769
6,4,7,4,0.347245730364458
6,5,3,4,0.352535114767802
6,5,4,4,0.043776840234388
6,5,7,4,0.229233622985293
6,5,8,4,0.374454422012467
6,6,4,3,0.439604275838371
6,6,8,3,0.029111906735821
6,6,9,3,0.531283817425763
6,7,4,4,0.000653610418978
6,7,5,4,0.486201600461947
6,7,10,4,0.389814634099549
6,7,11,4,0.123330155019534
6,8,5,4,0.160779136903002
6,8,6,4,0.290281990098514
6,8,11,4,0.528530043194596
6,8,12,4,0.020408829803892
6,9,6,4,0.23078910607264
6,9,7,4,0.228031171951152
6,9,12,4,0.516668046617285
6,9,13,4,0.024511675358925
6,10,7,4,0.239406528465478
6,10,8,4,0.250389687108388
6,10,13,4,0.440513015123891
6,10,14,4,0.069690769302248
6,11,8,4,0.332926525294933
6,11,9,4,0.146906073777831
6,11,13,4,0.001991288038125
6,11,14,4,0.518176112889141
6,12,9,4,0.350286124215554
6,12,10,4,0.145597575411949
6,12,14,4,0.018322888571451
6,12,15,4,0.485793411801
6,13,10,4,0.426178969072135
6,13,12,4,0.08276312588474
6,13,15,4,0.045304873203966
6,13,16,4,0.445753031839144
6,14,10,5,0.016980248518699
6,14,11,5,0.407144475371449
6,14,12,5,0.054378330463377
6,14,16,5,0.153038397568641
6,14,17,5,0.368458548077814
5,0,0,3,0.718405556723491
5,0,1,3,0.04444532333291
5,0,2,3,0.237149119943546
5,1,0,4,0.135376488272135
5,1,1,4,0.332161713146243
5,1,2,4,0.113839991103005
5,1,3,4,0.418621807478612
5,2,1,3,0.391771830252405
5,2,4,3,0.473909142425521
5,2,5,3,0.134319027322052
5,3,1,4,0.054427404638708
5,3,2,4,0.399646311012055
5,3,5,4,0.115808856972086
5,3,6,4,0.43011742737715
5,4,2,4,0.228264669956562
5,4,3,4,0.186976750699245
5,4,6,4,0.095937273716376
5,4,7,4,0.488821305627834
5,5,3,4,0.400222573491254
5,5,4,4,0.00068695369434
5,5,7,4,0.019030994368627
5,5,8,4,0.580059478445779
5,6,4,3,0.458348867719017
5,6,9,3,0.349711488462596
5,6,10,3,0.191939643818401
5,7,4,4,0.066345143370361
5,7,5,4,0.409122581172928
5,7,10,4,0.274207060858381
5,7,11,4,0.25032521459838
5,8,5,4,0.248233042354685
5,8,6,4,0.187657565486956
5,8,11,4,0.429556373825977
5,8,12,4,0.134553018332394
5,9,6,4,0.32288379671785
5,9,7,4,0.124704176790964
5,9,12,4,0.408562380306883
5,9,13,4,0.14384964618433
5,10,7,5,0.391426022341696
5,10,8,5,0.016473117804104
5,10,9,5,0.075721939826055
5,10,13,5,0.336226499846802
5,10,14,5,0.180152420181376
5,11,7,5,0.000707716095933
5,11,8,5,0.447238428510563
5,11,9,5,0.020011257134239
5,11,14,5,0.431974022728572
5,11,15,5,0.100068575530679
5,12,9,3,0.48242346615325
5,12,15,3,0.440349408026467
5,12,16,3,0.077227125820267
5,13,9,4,0.036001798234107
5,13,10,4,0.449518890689586
5,13,16,4,0.482648667102307
5,13,17,4,0.031830643974012
5,14,10,5,0.0886754111346
5,14,11,5,0.387338579126212
5,14,16,5,0.043687747236138
5,14,17,5,0.472998420118649
5,14,18,5,0.007299842384415
4,0,0,3,0.680672772977649
4,0,2,3,0.308167643118005
4,0,3,3,0.011159583904273
4,1,0,4,0.153516518653441
4,1,1,4,0.281069534807368
4,1,3,4,0.537835311542701
4,1,4,4,0.02757863499647
4,2,1,3,0.401912870169965
4,2,4,3,0.218320529435287
4,2,5,3,0.379766600394728
4,3,1,4,0.08751257597204
4,3,2,4,0.350075106209936
4,3,6,4,0.491870391176649
4,3,7,4,0.070541926641359
4,4,2,4,0.308503763260964
4,4,3,4,0.070541919787175
4,4,7,4,0.564368205916622
4,4,8,4,0.056586111035328
4,5,3,3,0.419046659269743
4,5,8,3,0.309283434821907
4,5,9,3,0.271669905908354
4,6,3,4,0.027410234665947
4,6,4,4,0.440455026919531
4,6,9,4,0.081385982258835
4,6,10,4,0.450748756155688
4,7,4,4,0.196611865110495
4,7,5,4,0.243888819764466
4,7,10,4,0.181571608348863
4,7,11,4,0.377927706776172
4,8,5,4,0.355784013930515
4,8,6,4,0.066365485838694
4,8,11,4,0.2601560599909
4,8,12,4,0.317694440239899
4,9,6,3,0.438234207584931
4,9,12,3,0.232093576162617
4,9,13,3,0.329672216252446
4,10,6,5,0.02229571425566
4,10,7,5,0.433643331845425
4,10,9,5,0.013532854890776
4,10,13,5,0.182661175946295
4,10,14,5,0.347866923061809
4,11,7,4,0.010069932378867
4,11,8,4,0.484168437773566
4,11,14,4,0.160213741192736
4,11,15,4,0.345547888654798
4,12,8,4,0.107739707200583
4,12,9,4,0.375755450431333
4,12,15,4,0.278225447879835
4,12,16,4,0.238279394488297
4,13,9,5,0.223447560415268
4,13,10,5,0.238695999210123
4,13,15,5,0.035789285440844
4,13,16,5,0.358333033667261
4,13,17,5,0.143734121266498
4,14,10,4,0.197788876218324
4,14,11,4,0.288127008222528
4,14,17,4,0.371140938178264
4,14,18,4,0.142943177380872
3,0,0,3,0.619500428600246
3,0,2,3,0.272128050267692
3,0,3,3,0.108371521132086
3,1,0,4,0.18292511445116
3,1,1,4,0.165979020689316
3,1,3,4,0.463148161319334
3,1,4,4,0.18794770354017
3,2,1,3,0.411154784194034
3,2,5,3,0.43290174447162
3,2,6,3,0.155943471334338
3,3,1,4,0.145549376636322
3,3,2,4,0.251518616631187
3,3,6,4,0.295812292857578
3,3,7,4,0.307119713874897
3,4,2,4,0.364377253176633
3,4,3,4,0.002304473367011
3,4,7,4,0.239101861758449
3,4,8,4,0.394216411697943
3,5,2,4,0.031325238228423
3,5,3,4,0.393295491116234
3,5,9,4,0.510438117120997
3,5,10,4,0.064941153534317
3,6,3,4,0.114365740131695
3,6,4,4,0.335022514169921
3,6,10,4,0.372249019531811
3,6,11,4,0.178362726166577
3,7,4,4,0.342563054690858
3,7,5,4,0.069246957115986
3,7,11,4,0.53777915512523
3,7,12,4,0.050410833067946
3,8,5,3,0.4351064942872
3,8,12,3,0.457526347496129
3,8,13,3,0.107367158216665
3,9,5,4,0.053704992262019
3,9,6,4,0.402248334948647
3,9,13,4,0.427356010221131
3,9,14,4,0.116690662568193
3,10,6,4,0.147953196062395
3,10,7,4,0.313515268428918
3,10,14,4,0.484146667694293
3,10,15,4,0.054384867814417
3,11,7,4,0.190100260935486
3,11,8,4,0.291256804653127
3,11,15,4,0.482801447612327
3,11,16,4,0.035841486799095
3,12,8,5,0.298279182127537
3,12,9,5,0.175156661640016
3,12,10,5,0.002350129801585
3,12,15,5,0.070695134452711
3,12,16,5,0.453518891978169
3,13,9,4,0.344236378414585
3,13,10,4,0.140295258971388
3,13,16,4,0.107161932610959
3,13,17,4,0.408306430003073
3,14,10,5,0.418431152237992
3,14,11,5,0.060061675013143
3,14,16,5,0.012220530008784
3,14,17,5,0.163530162310661
3,14,18,5,0.34575648042943
2,0,0,3,0.537913543496868
2,0,2,3,0.088630774827329
2,0,3,3,0.373455681675826
2,1,0,3,0.206838285007512
2,1,1,3,0.100729961749019
2,1,4,3,0.692431753243507
2,2,0,4,0.010891002970007
2,2,1,4,0.3841075097157
2,2,6,4,0.504837167886274
2,2,7,4,0.100164319428027
2,3,1,4,0.204251829871556
2,3,2,4,0.159996299449136
2,3,7,4,0.434480099642565
2,3,8,4,0.201271771036732
2,4,2,3,0.384118979277996
2,4,8,3,0.176236217982868
2,4,9,3,0.439644802739144
2,5,2,4,0.118866740538413
2,5,3,4,0.282084767230171
2,5,9,4,0.05053776702096
2,5,10,4,0.548510725210469
2,6,3,5,0.319994079086911
2,6,4,5,0.066482469646854
2,6,5,5,0.001794847728572
2,6,10,5,0.095216706314471
2,6,11,5,0.5165118972232
2,7,3,4,0.019969560090999
2,7,4,4,0.395414001830447
2,7,12,4,0.581346204282974
2,7,13,4,0.003270233795582
2,8,4,4,0.017224287504601
2,8,5,4,0.44757446636058
2,8,13,4,0.395796729316386
2,8,14,4,0.1394045168184
2,9,5,4,0.277658492237156
2,9,6,4,0.148873876978846
2,9,13,4,0.127776405005562
2,9,14,4,0.445691225778445
2,10,6,4,0.393157899734584
2,10,7,4,0.043193360458694
2,10,14,4,0.196409656436762
2,10,15,4,0.367239083369981
2,11,7,4,0.404584185596406
2,11,8,4,0.071184827429166
2,11,15,4,0.130282486095311
2,11,16,4,0.393948500879112
2,12,7,4,0.070006157572542
2,12,8,4,0.399668316982709
2,12,16,4,0.264989898254861
2,12,17,4,0.265335627189887
2,13,8,5,0.124401695685751
2,13,9,5,0.357033001100371
2,13,16,5,0.000196395997016
2,13,17,5,0.301977041025265
2,13,18,5,0.216391866191592
2,14,9,5,0.18591474263773
2,14,10,5,0.301441785183718
2,14,17,5,0.00292755973365
2,14,18,5,0.34795308458853
2,14,19,5,0.161762827856397
1,0,0,3,0.40859903229432
1,0,4,3,0.488647533226502
1,0,5,3,0.102753434479173
1,1,0,3,0.179183875256379
1,1,1,3,0.131216414083196
1,1,6,3,0.689599710660439
1,2,0,3,0.026992372923316
1,2,1,3,0.324420132838924
1,2,8,3,0.648587494237743
1,3,0,5,1.2303179919e-05
1,3,1,5,0.23461621623813
1,3,2,5,0.104284252309927
1,3,9,5,0.530142629286933
1,3,10,5,0.1309445989851
1,4,0,4,0.019404897963282
1,4,2,4,0.330918182020416
1,4,10,4,0.413814722482481
1,4,11,4,0.235862197533823
1,5,0,5,0.003478782047049
1,5,2,5,0.224543131017237
1,5,3,5,0.129246355690363
1,5,11,5,0.368613925154266
1,5,12,5,0.274117806091054
1,6,0,4,0.002505977333226
1,6,3,4,0.380816973805216
1,6,12,4,0.275442759304943
1,6,13,4,0.341234289556614
1,7,3,4,0.150371631906861
1,7,4,4,0.249084143217558
1,7,13,4,0.305340975679173
1,7,14,4,0.295203249196418
1,8,4,4,0.351376384089355
1,8,5,4,0.049247533239029
1,8,14,4,0.445760812377122
1,8,15,4,0.153615270294487
1,9,0,4,0.003467633909225
1,9,5,4,0.421798568405736
1,9,15,4,0.486033705198115
1,9,16,4,0.088700092486925
1,10,5,4,0.198954394388585
1,10,6,4,0.233704952215698
1,10,15,4,0.02892114101101
1,10,16,4,0.538419512384706
1,11,6,4,0.286299058111596
1,11,7,4,0.170121995289738
1,11,16,4,0.065087713148255
1,11,17,4,0.478491233450394
1,12,7,3,0.458300881141821
1,12,17,3,0.210689777906227
1,12,18,3,0.331009340951947
1,13,7,5,0.087545492852207
1,13,8,5,0.371126798698835
1,13,9,5,0.016714838821853
1,13,18,5,0.268197353064153
1,13,19,5,0.256415516562962
1,14,8,4,0.145656050246995
1,14,9,4,0.344656900344935
1,14,19,4,0.321458027209704
1,14,20,4,0.188229022198374
