CalPEK,20211204
CalPEK,20211204
CalPEK,20211205
CalPEK,20211211
CalPEK,20211212
CalPEK,20211218
CalPEK,20211219
CalPEK,20211225
CalPEK,20211226
CalPEK,20220101
CalPEK,20220102
CalPEK,20220103
CalPEK,20220108
CalNYC,20220401
CalNYC,20230401
CalNYC,20240401
CalNYC,20220801
CalNYC,20230801
CalNYC,20240801
CalNYC,20221201
CalNYC,20231201
CalTest,20230404
CalNYC,20230405
CalDM,20211205
CalPEK,20230101
CalPEK,20230102
CalPEK,20230108
CalPEK,20230114
CalPEK,20230115
CalPEK,20230121
CalPEK,20230122
CalPEK,20230204
CalPEK,20230205
CalPEK,20230211
CalPEK,20230212
CalPEK,20230218
CalPEK,20230219
CalPEK,20230225
CalPEK,20230226
CalPEK,20230304
CalPEK,20230305
CalPEK,20230311
CalPEK,20230312
CalPEK,20230318
CalPEK,20230319
CalPEK,20230325
CalPEK,20230326
CalPEK,20230401
CalPEK,20230402
CalPEK,20230408
CalPEK,20230409
CalPEK,20230415
CalPEK,20230416
CalPEK,20230422
CalPEK,20230429
CalPEK,20230430
CalPEK,20230507
CalPEK,20230513
CalPEK,20230514
CalPEK,20230520
CalPEK,20230521
CalPEK,20230527
CalPEK,20230528
CalPEK,20230603
CalPEK,20230604
CalPEK,20230610
CalPEK,20230611
CalPEK,20230617
CalPEK,20230618
CalPEK,20230624
CalPEK,20230701
CalPEK,20230702
CalPEK,20230708
CalPEK,20230709
CalPEK,20230715
CalPEK,20230716
CalPEK,20230722
CalPEK,20230723
CalPEK,20230729
CalPEK,20230730
CalPEK,20230805
CalPEK,20230806
CalPEK,20230812
CalPEK,20230813
CalPEK,20230819
CalPEK,20230820
CalPEK,20230826
CalPEK,20230827
CalPEK,20230902
CalPEK,20230903
CalPEK,20230909
CalPEK,20230910
CalPEK,20230916
CalPEK,20230917
CalPEK,20230923
CalPEK,20230924
CalPEK,20230930
CalPEK,20231001
CalPEK,20231014
CalPEK,20231015
CalPEK,20231021
CalPEK,20231022
CalPEK,20231028
CalPEK,20231029
CalPEK,20231104
CalPEK,20231105
CalPEK,20231111
CalPEK,20231112
CalPEK,20231118
CalPEK,20231119
CalPEK,20231125
CalPEK,20231126
CalPEK,20231202
CalPEK,20231203
CalPEK,20231209
CalPEK,20231210
CalPEK,20231216
CalPEK,20231217
CalPEK,20231223
CalPEK,20231224
CalPEK,20231230
CalPEK,20231231
CalPEK,20240106
CalPEK,20240107
CalPEK,20240113
CalPEK,20240114
CalPEK,20240120
CalPEK,20240121
CalPEK,20240127
CalPEK,20240128
CalPEK,20240203
CalPEK,20240210
CalPEK,20240211
CalPEK,20240217
CalPEK,20240224
CalPEK,20240225
CalPEK,20240302
CalPEK,20240303
CalPEK,20240309
CalPEK,20240310
CalPEK,20240316
CalPEK,20240317
CalPEK,20240323
CalPEK,20240324
CalPEK,20240330
CalPEK,20240331
CalPEK,20240406
CalPEK,20240413
CalPEK,20240414
CalPEK,20240420
CalPEK,20240421
CalPEK,20240427
CalPEK,20240504
CalPEK,20240505
CalPEK,20240512
CalPEK,20240518
CalPEK,20240519
CalPEK,20240525
CalPEK,20240526
CalPEK,20240601
CalPEK,20240602
CalPEK,20240608
CalPEK,20240609
CalPEK,20240615
CalPEK,20240616
CalPEK,20240622
CalPEK,20240623
CalPEK,20240629
CalPEK,20240630
CalPEK,20230107
CalPEK,20230123
CalPEK,20230124
CalPEK,20230125
CalPEK,20230126
CalPEK,20230127
CalPEK,20230405
CalPEK,20230501
CalPEK,20230502
CalPEK,20230503
CalPEK,20230622
CalPEK,20230623
CalPEK,20230929
CalPEK,20231002
CalPEK,20231003
CalPEK,20231004
CalPEK,20231005
CalPEK,20231006
CalPEK,20240101
CalPEK,20240212
CalPEK,20240213
CalPEK,20240214
CalPEK,20240215
CalPEK,20240216
CalPEK,20240404
CalPEK,20240405
CalPEK,20240501
CalPEK,20240502
CalPEK,20240503
CalPEK,20240610
NYC,20230101
NYC,20230102
NYC,20230107
NYC,20230108
NYC,20230114
NYC,20230115
NYC,20230116
NYC,20230121
NYC,20230122
NYC,20230128
NYC,20230129
NYC,20230204
NYC,20230205
NYC,20230211
NYC,20230212
NYC,20230218
NYC,20230219
NYC,20230220
NYC,20230225
NYC,20230226
NYC,20230304
NYC,20230305
NYC,20230311
NYC,20230312
NYC,20230318
NYC,20230319
NYC,20230325
NYC,20230326
NYC,20230401
NYC,20230402
NYC,20230408
NYC,20230409
NYC,20230415
NYC,20230416
NYC,20230422
NYC,20230423
NYC,20230429
NYC,20230430
NYC,20230506
NYC,20230507
NYC,20230513
NYC,20230514
NYC,20230520
NYC,20230521
NYC,20230527
NYC,20230528
NYC,20230529
NYC,20230603
NYC,20230604
NYC,20230610
NYC,20230611
NYC,20230617
NYC,20230618
NYC,20230619
NYC,20230624
NYC,20230625
NYC,20230701
NYC,20230702
NYC,20230704
NYC,20230708
NYC,20230709
NYC,20230715
NYC,20230716
NYC,20230722
NYC,20230723
NYC,20230729
NYC,20230730
NYC,20230805
NYC,20230806
NYC,20230812
NYC,20230813
NYC,20230819
NYC,20230820
NYC,20230826
NYC,20230827
NYC,20230902
NYC,20230903
NYC,20230904
NYC,20230909
NYC,20230910
NYC,20230916
NYC,20230917
NYC,20230923
NYC,20230924
NYC,20230930
NYC,20231001
NYC,20231007
NYC,20231008
NYC,20231009
NYC,20231014
NYC,20231015
NYC,20231021
NYC,20231022
NYC,20231028
NYC,20231029
NYC,20231104
NYC,20231105
NYC,20231111
NYC,20231112
NYC,20231018
NYC,20231119
NYC,20231123
NYC,20231125
NYC,20231126
NYC,20231202
NYC,20231203
NYC,20231209
NYC,20231210
NYC,20231216
NYC,20231217
NYC,20231223
NYC,20231224
NYC,20231225
NYC,20231230
NYC,20231231
NYC,20240101
NYC,20240106
NYC,20240107
NYC,20240113
NYC,20240114
NYC,20240115
NYC,20240120
NYC,20240121
NYC,20240127
NYC,20240128
NYC,20240203
NYC,20240204
NYC,20240210
NYC,20240211
NYC,20240217
NYC,20240218
NYC,20240219
NYC,20240224
NYC,20240225
NYC,20240302
NYC,20240303
NYC,20240309
NYC,20240310
NYC,20240316
NYC,20240317
NYC,20240323
NYC,20240324
NYC,20240330
NYC,20240331
NYC,20240406
NYC,20240407
NYC,20240413
NYC,20240414
NYC,20240420
NYC,20240421
NYC,20240427
NYC,20240428
NYC,20240504
NYC,20240505
NYC,20240511
NYC,20240512
NYC,20240518
NYC,20240519
NYC,20240525
NYC,20240526
NYC,20240527
NYC,20240601
SHZ,20231015
SHZ,20231021
SHZ,20231022
SHZ,20231028
SHZ,20231029
SHZ,20231104
SHZ,20231105
SHZ,20231111
SHZ,20231112
SHZ,20231118
SHZ,20231119
SHZ,20231125
SHZ,20231126
SHZ,20231202
SHZ,20231203
SHZ,20231209
SHZ,20231210
SHZ,20231216
SHZ,20231217
SHZ,20231223
SHZ,20231224
SHZ,20231230
SHZ,20231231
SHZ,20240101
SHZ,20240106
SHZ,20240107
SHZ,20240113
SHZ,20240114
SHZ,20240120
SHZ,20240121
SHZ,20240127
SHZ,20240128
SHZ,20240203
SHZ,20240204
SHZ,20240210
SHZ,20240211
SHZ,20240212
SHZ,20240213
SHZ,20240214
SHZ,20240215
SHZ,20240216
SHZ,20240217
SHZ,20240218
SHZ,20240224
SHZ,20240225
SHZ,20240302
SHZ,20240303
SHZ,20240309
SHZ,20240310
SHZ,20240316
SHZ,20240317
SHZ,20240323
SHZ,20240324
SHZ,20240330
SHZ,20240331
SHZ,20240404
SHZ,20240405
SHZ,20240406
SHZ,20240407
SHZ,20240413
SHZ,20240414
SHZ,20240420
SHZ,20240421
SHZ,20240427
SHZ,20240428
SHZ,20240501
SHZ,20240502
SHZ,20240503
SHZ,20240504
SHZ,20240505
SHZ,20240511
SHZ,20240512
SHZ,20240518
SHZ,20240519
SHZ,20240525
SHZ,20240526
SHZ,20240601
SHZ,20240602
SHZ,20240608
SHZ,20240609
SHZ,20240610
SHZ,20240615
SHZ,20240616
SHZ,20240622
SHZ,20240623
SHZ,20240629
SHZ,20240630
SHZ,20240706
SHZ,20240707
SHZ,20240713
SHZ,20240714
SHZ,20240720
SHZ,20240721
SHZ,20240727
SHZ,20240728
SHZ,20240803
SHZ,20240804
SHZ,20240810
SHZ,20240811
SHZ,20240817
SHZ,20240818
SHZ,20240824
SHZ,20240825
SHZ,20240831
SHZ,20240901
SHZ,20240907
SHZ,20240908
SHZ,20240914
SHZ,20240915
SHZ,20240916
SHZ,20240917
SHZ,20240921
SHZ,20240922
SHZ,20240928
SHZ,20240929
SHZ,20241001
SHZ,20241002
SHZ,20241003
SHZ,20241004
SHZ,20241005
SHZ,20241006
SHZ,20241007
SHZ,20241012
SHZ,20241013
SHZ,20241019
SHZ,20241020
SHZ,20241026
SHZ,20241027
SHZ,20241102
SHZ,20241103
SHZ,20241109
SHZ,20241110
SHZ,20241116
SHZ,20241117
SHZ,20241123
SHZ,20241124
SHZ,20241130
SHZ,20241201
SHZ,20241207
SHZ,20241208
SHZ,20241214
SHZ,20241215
SHZ,20241221
SHZ,20241222
SHZ,20241228
SHZ,20241229
BEJNYC,20230820
BEJNYC,20230826
BEJNYC,20230827
BEJNYC,20230902
BEJNYC,20230903
BEJNYC,20230904
BEJNYC,20230909
BEJNYC,20230910
BEJNYC,20230916
BEJNYC,20230917
BEJNYC,20230923
BEJNYC,20230924
BEJNYC,20230929
BEJNYC,20230930
BEJNYC,20231001
BEJNYC,20231002
BEJNYC,20231003
BEJNYC,20231004
BEJNYC,20231005
BEJNYC,20231006
BEJNYC,20231007
BEJNYC,20231008
BEJNYC,20231009
BEJNYC,20231014
BEJNYC,20231015
BEJNYC,20231021
BEJNYC,20231022
BEJNYC,20231028
BEJNYC,20231029
BEJNYC,20231104
BEJNYC,20231105
BEJNYC,20231111
BEJNYC,20231112
BEJNYC,20231118
BEJNYC,20231119
BEJNYC,20231123
BEJNYC,20231125
BEJNYC,20231126
BEJNYC,20231202
BEJNYC,20231203
BEJNYC,20231209
BEJNYC,20231210
BEJNYC,20231216
BEJNYC,20231217
BEJNYC,20231223
BEJNYC,20231224
BEJNYC,20231225
BEJNYC,20231230
BEJNYC,20231231
BEJNYC,20240101
BEJNYC,20240106
BEJNYC,20240107
BEJNYC,20240113
BEJNYC,20240114
BEJNYC,20240115
BEJNYC,20240120
BEJNYC,20240121
BEJNYC,20240127
BEJNYC,20240128
BEJNYC,20240203
BEJNYC,20240204
BEJNYC,20240210
BEJNYC,20240211
BEJNYC,20240212
BEJNYC,20240213
BEJNYC,20240214
BEJNYC,20240215
BEJNYC,20240216
BEJNYC,20240217
BEJNYC,20240218
BEJNYC,20240219
BEJNYC,20240224
BEJNYC,20240225
BEJNYC,20240302
BEJNYC,20240303
BEJNYC,20240309
BEJNYC,20240310
BEJNYC,20240316
BEJNYC,20240317
BEJNYC,20240323
BEJNYC,20240324
BEJNYC,20240330
BEJNYC,20240331
BEJNYC,20240404
BEJNYC,20240405
BEJNYC,20240406
BEJNYC,20240407
BEJNYC,20240413
BEJNYC,20240414
BEJNYC,20240420
BEJNYC,20240421
BEJNYC,20240427
BEJNYC,20240428
BEJNYC,20240501
BEJNYC,20240502
BEJNYC,20240503
BEJNYC,20240504
BEJNYC,20240505
BEJNYC,20240511
BEJNYC,20240512
BEJNYC,20240518
BEJNYC,20240519
BEJNYC,20240525
BEJNYC,20240526
BEJNYC,20240527
BEJNYC,20240601
BEJNYC,20240602
BEJNYC,20240608
BEJNYC,20240609
BEJNYC,20240610
BEJNYC,20240615
BEJNYC,20240616
BEJNYC,20240619
BEJNYC,20240622
BEJNYC,20240623
BEJNYC,20240629
BEJNYC,20240630
BEJNYC,20240704
BEJNYC,20240706
BEJNYC,20240707
BEJNYC,20240713
BEJNYC,20240714
BEJNYC,20240720
BEJNYC,20240721
BEJNYC,20240727
BEJNYC,20240728
BEJNYC,20240803
BEJNYC,20240804
BEJNYC,20240810
BEJNYC,20240811
BEJNYC,20240817
BEJNYC,20240818
BEJNYC,20240824
BEJNYC,20240825
BEJNYC,20240831
BEJNYC,20240901
BEJNYC,20240902
BEJNYC,20240907
BEJNYC,20240908
BEJNYC,20240914
BEJNYC,20240915
BEJNYC,20240916
BEJNYC,20240917
BEJNYC,20240921
BEJNYC,20240922
BEJNYC,20240928
BEJNYC,20240929
BEJNYC,20241001
BEJNYC,20241002
BEJNYC,20241003
BEJNYC,20241004
BEJNYC,20241005
BEJNYC,20241006
BEJNYC,20241007
BEJNYC,20241012
BEJNYC,20241013
BEJNYC,20241014
BEJNYC,20241019
BEJNYC,20241020
BEJNYC,20241026
BEJNYC,20241027
BEJNYC,20241102
BEJNYC,20241103
BEJNYC,20241109
BEJNYC,20241110
BEJNYC,20241111
BEJNYC,20241116
BEJNYC,20241117
BEJNYC,20241123
BEJNYC,20241124
BEJNYC,20241128
BEJNYC,20241201
BEJNYC,20241207
BEJNYC,20241207
BEJNYC,20241208
BEJNYC,20241214
BEJNYC,20241215
BEJNYC,20241221
BEJNYC,20241222
BEJNYC,20241225
BEJNYC,20241228
BEJNYC,20241229
BEJNYC,20250104
BEJNYC,20250105
BEJNYC,20250111
BEJNYC,20250112
BEJNYC,20250118
BEJNYC,20250119
BEJNYC,20250125
BEJNYC,20250126
BEJNYC,20250201
BEJNYC,20250202
BEJNYC,20250208
BEJNYC,20250209
BEJNYC,20250215
BEJNYC,20250216
BEJNYC,20250222
BEJNYC,20250223
BEJNYC,20250301
BEJNYC,20250302
BEJNYC,20250308
BEJNYC,20250309
BEJNYC,20250315
BEJNYC,20250316
BEJNYC,20250322
BEJNYC,20250323
BEJ,20200301
BEJ,20200307
BEJ,20200308
BEJ,20200314
BEJ,20200315
BEJ,20200321
BEJ,20200322
BEJ,20200328
BEJ,20200329
BEJ,20200404
BEJ,20200405
BEJ,20200406
BEJ,20200411
BEJ,20200412
BEJ,20200418
BEJ,20200419
BEJ,20200425
BEJ,20200501
BEJ,20200502
BEJ,20200503
BEJ,20200504
BEJ,20200505
BEJ,20200510
BEJ,20200516
BEJ,20200517
BEJ,20200523
BEJ,20200524
BEJ,20200530
BEJ,20200531
BEJ,20200606
BEJ,20200607
BEJ,20200613
BEJ,20200614
BEJ,20200620
BEJ,20200621
BEJ,20200625
BEJ,20200626
BEJ,20200627
BEJ,20200704
BEJ,20200705
BEJ,20200711
BEJ,20200712
BEJ,20200718
BEJ,20200719
BEJ,20200725
BEJ,20200726
BEJ,20200801
BEJ,20200802
BEJ,20200808
BEJ,20200809
BEJ,20200815
BEJ,20200816
BEJ,20200822
BEJ,20200823
BEJ,20200829
BEJ,20200830
BEJ,20200905
BEJ,20200906
BEJ,20200912
BEJ,20200913
BEJ,20200919
BEJ,20200920
BEJ,20200926
BEJ,20201001
BEJ,20201002
BEJ,20201003
BEJ,20201004
BEJ,20201005
BEJ,20201006
BEJ,20201007
BEJ,20201008
BEJ,20201011
BEJ,20201017
BEJ,20201018
BEJ,20201024
BEJ,20201025
BEJ,20201031
BEJ,20201101
BEJ,20201107
BEJ,20201108
BEJ,20201114
BEJ,20201115
BEJ,20201121
BEJ,20201122
BEJ,20201128
BEJ,20201129
BEJ,20201205
BEJ,20201206
BEJ,20201212
BEJ,20201213
BEJ,20201219
BEJ,20201220
BEJ,20201226
BEJ,20201227
BEJ,20210101
BEJ,20210102
BEJ,20210103
BEJ,20210109
BEJ,20210110
BEJ,20210116
BEJ,20210117
BEJ,20210123
BEJ,20210124
BEJ,20210130
BEJ,20210131
BEJ,20210206
BEJ,20210211
BEJ,20210212
BEJ,20210213
BEJ,20210214
BEJ,20210215
BEJ,20210216
BEJ,20210217
BEJ,20210221
BEJ,20210227
BEJ,20210228
BEJ,20210306
BEJ,20210307
BEJ,20210313
BEJ,20210314
BEJ,20210320
BEJ,20210321
BEJ,20210327
BEJ,20210328
BEJ,20210403
BEJ,20210404
BEJ,20210405
BEJ,20210410
BEJ,20210411
BEJ,20210417
BEJ,20210418
BEJ,20210424
BEJ,20210501
BEJ,20210502
BEJ,20210503
BEJ,20210504
BEJ,20210505
BEJ,20210509
BEJ,20210515
BEJ,20210516
BEJ,20210522
BEJ,20210523
BEJ,20210529
BEJ,20210530
BEJ,20210605
BEJ,20210606
BEJ,20210612
BEJ,20210613
BEJ,20210614
BEJ,20210619
BEJ,20210620
BEJ,20210626
BEJ,20210627
BEJ,20210703
BEJ,20210704
BEJ,20210710
BEJ,20210711
BEJ,20210717
BEJ,20210718
BEJ,20210724
BEJ,20210725
BEJ,20210731
BEJ,20210801
BEJ,20210807
BEJ,20210808
BEJ,20210814
BEJ,20210815
BEJ,20210821
BEJ,20210822
BEJ,20210828
BEJ,20210829
BEJ,20210904
BEJ,20210905
BEJ,20210911
BEJ,20210912
BEJ,20210919
BEJ,20210920
BEJ,20210921
BEJ,20210925
BEJ,20211001
BEJ,20211002
BEJ,20211003
BEJ,20211004
BEJ,20211005
BEJ,20211006
BEJ,20211007
BEJ,20211010
BEJ,20211016
BEJ,20211017
BEJ,20211023
BEJ,20211024
BEJ,20211030
BEJ,20211031
BEJ,20211106
BEJ,20211107
BEJ,20211113
BEJ,20211114
BEJ,20211120
BEJ,20211121
BEJ,20211127
BEJ,20211128
BEJ,20211204
BEJ,20211205
BEJ,20211211
BEJ,20211212
BEJ,20211218
BEJ,20211219
BEJ,20211225
BEJ,20211226
BEJ,20230101
BEJ,20230102
BEJ,20230107
BEJ,20230108
BEJ,20230114
BEJ,20230115
BEJ,20230121
BEJ,20230122
BEJ,20230123
BEJ,20230124
BEJ,20230125
BEJ,20230126
BEJ,20230127
BEJ,20230204
BEJ,20230205
BEJ,20230211
BEJ,20230212
BEJ,20230218
BEJ,20230219
BEJ,20230225
BEJ,20230226
BEJ,20230304
BEJ,20230305
BEJ,20230311
BEJ,20230312
BEJ,20230318
BEJ,20230319
BEJ,20230325
BEJ,20230326
BEJ,20230401
BEJ,20230402
BEJ,20230405
BEJ,20230408
BEJ,20230409
BEJ,20230415
BEJ,20230416
BEJ,20230422
BEJ,20230429
BEJ,20230430
BEJ,20230501
BEJ,20230502
BEJ,20230503
BEJ,20230507
BEJ,20230513
BEJ,20230514
BEJ,20230520
BEJ,20230521
BEJ,20230527
BEJ,20230528
BEJ,20230603
BEJ,20230604
BEJ,20230610
BEJ,20230611
BEJ,20230617
BEJ,20230618
BEJ,20230622
BEJ,20230623
BEJ,20230624
BEJ,20230701
BEJ,20230702
BEJ,20230708
BEJ,20230709
BEJ,20230715
BEJ,20230716
BEJ,20230722
BEJ,20230723
BEJ,20230729
BEJ,20230730
BEJ,20230805
BEJ,20230806
BEJ,20230812
BEJ,20230813
BEJ,20230819
BEJ,20230820
BEJ,20230826
BEJ,20230827
BEJ,20230902
BEJ,20230903
BEJ,20230909
BEJ,20230910
BEJ,20230916
BEJ,20230917
BEJ,20230923
BEJ,20230924
BEJ,20230929
BEJ,20230930
BEJ,20231001
BEJ,20231002
BEJ,20231003
BEJ,20231004
BEJ,20231005
BEJ,20231006
BEJ,20231014
BEJ,20231015
BEJ,20231021
BEJ,20231022
BEJ,20231028
BEJ,20231029
BEJ,20231104
BEJ,20231105
BEJ,20231111
BEJ,20231112
BEJ,20231118
BEJ,20231119
BEJ,20231125
BEJ,20231126
BEJ,20231202
BEJ,20231203
BEJ,20231209
BEJ,20231210
BEJ,20231216
BEJ,20231217
BEJ,20231223
BEJ,20231224
BEJ,20231230
BEJ,20240101
BEJ,20240106
BEJ,20240107
BEJ,20240113
BEJ,20240114
BEJ,20240120
BEJ,20240121
BEJ,20240127
BEJ,20240128
BEJ,20240203
BEJ,20240210
BEJ,20240211
BEJ,20240212
BEJ,20240213
BEJ,20240214
BEJ,20240215
BEJ,20240216
BEJ,20240217
BEJ,20240224
BEJ,20240225
BEJ,20240302
BEJ,20240303
BEJ,20240309
BEJ,20240310
BEJ,20240316
BEJ,20240317
BEJ,20240323
BEJ,20240324
BEJ,20240330
BEJ,20240331
BEJ,20240404
BEJ,20240405
BEJ,20240406
BEJ,20240413
BEJ,20240414
BEJ,20240420
BEJ,20240421
BEJ,20240427
BEJ,20240501
BEJ,20240502
BEJ,20240503
BEJ,20240504
BEJ,20240505
BEJ,20240512
BEJ,20240518
BEJ,20240519
BEJ,20240525
BEJ,20240526
BEJ,20240601
BEJ,20240602
BEJ,20240608
BEJ,20240609
BEJ,20240610
BEJ,20240615
BEJ,20240616
BEJ,20240622
BEJ,20240623
BEJ,20240629
BEJ,20240630
BEJ,20240706
BEJ,20240707
BEJ,20240713
BEJ,20240714
BEJ,20240720
BEJ,20240721
BEJ,20240727
BEJ,20240728
BEJ,20240803
BEJ,20240804
BEJ,20240310
BEJ,20240811
BEJ,20240817
BEJ,20240818
BEJ,20240824
BEJ,20240825
BEJ,20240831
BEJ,20240901
BEJ,20240907
BEJ,20240908
BEJ,20240915
BEJ,20240916
BEJ,20240917
BEJ,20240921
BEJ,20240922
BEJ,20240928
BEJ,20241001
BEJ,20241002
BEJ,20241003
BEJ,20241004
BEJ,20241005
BEJ,20241006
BEJ,20241007
BEJ,20241013
BEJ,20241019
BEJ,20241020
BEJ,20241026
BEJ,20241027
BEJ,20241102
BEJ,20241103
BEJ,20241109
BEJ,20241110
BEJ,20241116
BEJ,20241117
BEJ,20241123
BEJ,20241124
BEJ,20241130
BEJ,20241201
BEJ,20241207
BEJ,20241208
BEJ,20241214
BEJ,20241215
BEJ,20241221
BEJ,20241222
BEJ,20241228
BEJ,20241229
BEJ,20250104
BEJ,20250105
BEJ,20250111
BEJ,20250112
BEJ,20250118
BEJ,20250119
BEJ,20250125
BEJ,20250126
BEJ,20250201
BEJ,20250202
BEJ,20250208
BEJ,20250209
BEJ,20250215
BEJ,20250216
BEJ,20250222
BEJ,20250223
BEJ,20250301
BEJ,20250302
BEJ,20250308
BEJ,20250309
BEJ,20250315
BEJ,20250316
BEJ,20250322
BEJ,20250323
BEJ,20250329
BEJ,20250330
BEJ,20250405
BEJ,20250406
BEJ,20250412
BEJ,20250413
BEJ,20250419
BEJ,20250420
BEJ,20250426
BEJ,20250427
BEJ,20250503
BEJ,20250504
BEJ,20250510
BEJ,20250511
BEJ,20250517
BEJ,20250518
BEJ,20250524
BEJ,20250525
BEJ,20250531
BEJ,20250601
BEJ,20250607
BEJ,20250608
BEJ,20250614
BEJ,20250615
BEJ,20250621
BEJ,20250622
BEJ,20250628
BEJ,20250629
BEJ,20250705
BEJ,20250706
BEJ,20250712
BEJ,20250713
BEJ,20250719
BEJ,20250720
BEJ,20250726
BEJ,20250727
BEJ,20250802
BEJ,20250803
BEJ,20250809
BEJ,20250810
BEJ,20250816
BEJ,20250817
BEJ,20250823
BEJ,20250824
BEJ,20250830
BEJ,20250831
BEJ,20250906
BEJ,20250907
BEJ,20250913
BEJ,20250914
BEJ,20250920
BEJ,20250921
BEJ,20250927
BEJ,20250928
BEJ,20251004
BEJ,20251005
BEJ,20251011
BEJ,20251012
BEJ,20251018
BEJ,20251019
BEJ,20251025
BEJ,20251026
BEJ,20251101
BEJ,20251102
BEJ,20251108
BEJ,20251109
BEJ,20251115
BEJ,20251116
BEJ,20251122
BEJ,20251123
BEJ,20251129
BEJ,20251130
BEJ,20251206
BEJ,20251207
BEJ,20251213
BEJ,20251214
BEJ,20251220
BEJ,20251221
BEJ,20251227
BEJ,20251228
BEJ,20260103
BEJ,20260104
BEJ,20260110
BEJ,20260111
BEJ,20260117
BEJ,20260118
BEJ,20260124
BEJ,20260125
BEJ,20260131
BEJ,20260201
BEJ,20260207
BEJ,20260208
BEJ,20260214
BEJ,20260215
BEJ,20260221
BEJ,20260222
BEJ,20260228
BEJ,20260301
BEJ,20260307
BEJ,20260308
BEJ,20260314
BEJ,20260315
BEJ,20260321
BEJ,20260322
BEJ,20260328
BEJ,20260329
BEJ,20260404
BEJ,20260405
BEJ,20260411
BEJ,20260412
BEJ,20260418
BEJ,20260419
BEJ,20260425
BEJ,20260426
BEJ,20260502
BEJ,20260503
BEJ,20260509
BEJ,20260510
BEJ,20260516
BEJ,20260517
BEJ,20260523
BEJ,20260524
BEJ,20260530
BEJ,20260531
BEJ,20260606
BEJ,20260607
BEJ,20260613
BEJ,20260614
BEJ,20260620
BEJ,20260621
BEJ,20260627
BEJ,20260628
BEJ,20260704
BEJ,20260705
BEJ,20260711
BEJ,20260712
BEJ,20260718
BEJ,20260719
BEJ,20260725
BEJ,20260726
BEJ,20260801
BEJ,20260802
BEJ,20260808
BEJ,20260809
BEJ,20260815
BEJ,20260816
BEJ,20260822
BEJ,20260823
BEJ,20260829
BEJ,20260830
BEJ,20260905
BEJ,20260906
BEJ,20260912
BEJ,20260913
BEJ,20260919
BEJ,20260920
BEJ,20260926
BEJ,20260927
BEJ,20261003
BEJ,20261004
BEJ,20261010
BEJ,20261011
BEJ,20261017
BEJ,20261018
BEJ,20261024
BEJ,20261025
BEJ,20261031
BEJ,20261101
BEJ,20261107
BEJ,20261108
BEJ,20261114
BEJ,20261115
BEJ,20261121
BEJ,20261122
BEJ,20261128
BEJ,20261129
BEJ,20261205
BEJ,20261206
BEJ,20261212
BEJ,20261213
BEJ,20261219
BEJ,20261220
BEJ,20261226
BEJ,20261227
BEJ,20270102
BEJ,20270103
BEJ,20270109
BEJ,20270110
BEJ,20270116
BEJ,20270117
BEJ,20270123
BEJ,20270124
BEJ,20270130
BEJ,20270131
BEJ,20270206
BEJ,20270207
BEJ,20270213
BEJ,20270214
BEJ,20270220
BEJ,20270221
BEJ,20270227
BEJ,20270228
BEJ,20270306
BEJ,20270307
BEJ,20270313
BEJ,20270314
BEJ,20270320
BEJ,20270321
BEJ,20270327
BEJ,20270328
BEJ,20270403
BEJ,20270404
BEJ,20270410
BEJ,20270411
BEJ,20270417
BEJ,20270418
BEJ,20270424
BEJ,20270425
BEJ,20270501
BEJ,20270502
BEJ,20270508
BEJ,20270509
BEJ,20270515
BEJ,20270516
BEJ,20270522
BEJ,20270523
BEJ,20270529
BEJ,20270530
BEJ,20270605
BEJ,20270606
BEJ,20270612
BEJ,20270613
BEJ,20270619
BEJ,20270620
BEJ,20270626
BEJ,20270627
BEJ,20270703
BEJ,20270704
BEJ,20270710
BEJ,20270711
BEJ,20270717
BEJ,20270718
BEJ,20270724
BEJ,20270725
BEJ,20270731
BEJ,20270801
BEJ,20270807
BEJ,20270808
BEJ,20270814
BEJ,20270815
BEJ,20270821
BEJ,20270822
BEJ,20270828
BEJ,20270829
BEJ,20270904
BEJ,20270905
BEJ,20270911
BEJ,20270912
BEJ,20270918
BEJ,20270919
BEJ,20270925
BEJ,20270926
BEJ,20271002
BEJ,20271003
BEJ,20271009
BEJ,20271010
BEJ,20271016
BEJ,20271017
BEJ,20271023
BEJ,20271024
BEJ,20271030
BEJ,20271031
BEJ,20271106
BEJ,20271107
BEJ,20271113
BEJ,20271114
BEJ,20271120
BEJ,20271121
BEJ,20271127
BEJ,20271128
BEJ,20271204
BEJ,20271205
BEJ,20271211
BEJ,20271212
BEJ,20271218
BEJ,20271219
BEJ,20271225
BEJ,20271226
BEJ,20280101
BEJ,20280102
BEJ,20280108
BEJ,20280109
BEJ,20280115
BEJ,20280116
BEJ,20280122
BEJ,20280123
BEJ,20280129
BEJ,20280130
BEJ,20280205
BEJ,20280206
BEJ,20280212
BEJ,20280213
BEJ,20280219
BEJ,20280220
BEJ,20280226
BEJ,20280227
BEJ,20280304
BEJ,20280305
BEJ,20280311
BEJ,20280312
BEJ,20280318
BEJ,20280319
BEJ,20280325
BEJ,20280326
BEJ,20280401
BEJ,20280402
BEJ,20280408
BEJ,20280409
BEJ,20280415
BEJ,20280416
BEJ,20280422
BEJ,20280423
BEJ,20280429
BEJ,20280430
BEJ,20280506
BEJ,20280507
BEJ,20280513
BEJ,20280514
BEJ,20280520
BEJ,20280521
BEJ,20280527
BEJ,20280528
BEJ,20280603
BEJ,20280604
BEJ,20280610
BEJ,20280611
BEJ,20280617
BEJ,20280618
BEJ,20280624
BEJ,20280625
BEJ,20280701
BEJ,20280702
BEJ,20280708
BEJ,20280709
BEJ,20280715
BEJ,20280716
BEJ,20280722
BEJ,20280723
BEJ,20280729
BEJ,20280730
BEJ,20280805
BEJ,20280806
BEJ,20280812
BEJ,20280813
BEJ,20280819
BEJ,20280820
BEJ,20280826
BEJ,20280827
BEJ,20280902
BEJ,20280903
BEJ,20280909
BEJ,20280910
BEJ,20280916
BEJ,20280917
BEJ,20280923
BEJ,20280924
BEJ,20280930
BEJ,20281001
BEJ,20281007
BEJ,20281008
BEJ,20281014
BEJ,20281015
BEJ,20281021
BEJ,20281022
BEJ,20281028
BEJ,20281029
BEJ,20281104
BEJ,20281105
BEJ,20281111
BEJ,20281112
BEJ,20281118
BEJ,20281119
BEJ,20281125
BEJ,20281126
BEJ,20281202
BEJ,20281203
BEJ,20281209
BEJ,20281210
BEJ,20281216
BEJ,20281217
BEJ,20281223
BEJ,20281224
BEJ,20281230
BEJ,20281231
BEJ,20290106
BEJ,20290107
BEJ,20290113
BEJ,20290114
BEJ,20290120
BEJ,20290121
BEJ,20290127
BEJ,20290128
BEJ,20290203
BEJ,20290204
BEJ,20290210
BEJ,20290211
BEJ,20290217
BEJ,20290218
BEJ,20290224
BEJ,20290225
BEJ,20290303
BEJ,20290304
BEJ,20290310
BEJ,20290311
BEJ,20290317
BEJ,20290318
BEJ,20290324
BEJ,20290325
BEJ,20290331
BEJ,20290401
BEJ,20290407
BEJ,20290408
BEJ,20290414
BEJ,20290415
BEJ,20290421
BEJ,20290422
BEJ,20290428
BEJ,20290429
BEJ,20290505
BEJ,20290506
BEJ,20290512
BEJ,20290513
BEJ,20290519
BEJ,20290520
BEJ,20290526
BEJ,20290527
BEJ,20290602
BEJ,20290603
BEJ,20290609
BEJ,20290610
BEJ,20290616
BEJ,20290617
BEJ,20290623
BEJ,20290624
BEJ,20290630
BEJ,20290701
BEJ,20290707
BEJ,20290708
BEJ,20290714
BEJ,20290715
BEJ,20290721
BEJ,20290722
BEJ,20290728
BEJ,20290729
BEJ,20290804
BEJ,20290805
BEJ,20290811
BEJ,20290812
BEJ,20290818
BEJ,20290819
BEJ,20290825
BEJ,20290826
BEJ,20290901
BEJ,20290902
BEJ,20290908
BEJ,20290909
BEJ,20290915
BEJ,20290916
BEJ,20290922
BEJ,20290923
BEJ,20290929
BEJ,20290930
BEJ,20291006
BEJ,20291007
BEJ,20291013
BEJ,20291014
BEJ,20291020
BEJ,20291021
BEJ,20291027
BEJ,20291028
BEJ,20291103
BEJ,20291104
BEJ,20291110
BEJ,20291111
BEJ,20291117
BEJ,20291118
BEJ,20291124
BEJ,20291125
BEJ,20291201
BEJ,20291202
BEJ,20291208
BEJ,20291209
BEJ,20291215
BEJ,20291216
BEJ,20291222
BEJ,20291223
BEJ,20291229
BEJ,20291230
BEJ,20300105
BEJ,20300106
BEJ,20300112
BEJ,20300113
BEJ,20300119
BEJ,20300120
BEJ,20300126
BEJ,20300127
BEJ,20300202
BEJ,20300203
BEJ,20300209
BEJ,20300210
BEJ,20300216
BEJ,20300217
BEJ,20300223
BEJ,20300224
BEJ,20300302
BEJ,20300303
BEJ,20300309
BEJ,20300310
BEJ,20300316
BEJ,20300317
BEJ,20300323
BEJ,20300324
BEJ,20300330
BEJ,20300331
BEJ,20300406
BEJ,20300407
BEJ,20300413
BEJ,20300414
BEJ,20300420
BEJ,20300421
BEJ,20300427
BEJ,20300428
BEJ,20300504
BEJ,20300505
BEJ,20300511
BEJ,20300512
BEJ,20300518
BEJ,20300519
BEJ,20300525
BEJ,20300526
BEJ,20300601
BEJ,20300602
BEJ,20300608
BEJ,20300609
BEJ,20300615
BEJ,20300616
BEJ,20300622
BEJ,20300623
BEJ,20300629
BEJ,20300630
BEJ,20300706
BEJ,20300707
BEJ,20300713
BEJ,20300714
BEJ,20300720
BEJ,20300721
BEJ,20300727
BEJ,20300728
BEJ,20300803
BEJ,20300804
BEJ,20300810
BEJ,20300811
BEJ,20300817
BEJ,20300818
BEJ,20300824
BEJ,20300825
BEJ,20300831
BEJ,20300901
BEJ,20300907
BEJ,20300908
BEJ,20300914
BEJ,20300915
BEJ,20300921
BEJ,20300922
BEJ,20300928
BEJ,20300929
BEJ,20301005
BEJ,20301006
BEJ,20301012
BEJ,20301013
BEJ,20301019
BEJ,20301020
BEJ,20301026
BEJ,20301027
BEJ,20301102
BEJ,20301103
BEJ,20301109
BEJ,20301110
BEJ,20301116
BEJ,20301117
BEJ,20301123
BEJ,20301124
BEJ,20301130
BEJ,20301201
BEJ,20301207
BEJ,20301208
BEJ,20301214
BEJ,20301215
BEJ,20301221
BEJ,20301222
BEJ,20301228
BEJ,20301229
BEJ,20310104
BEJ,20310105
BEJ,20310111
BEJ,20310112
BEJ,20310118
BEJ,20310119
BEJ,20310125
BEJ,20310126
BEJ,20310201
BEJ,20310202
BEJ,20310208
BEJ,20310209
BEJ,20310215
BEJ,20310216
BEJ,20310222
BEJ,20310223
BEJ,20310301
BEJ,20310302
BEJ,20310308
BEJ,20310309
BEJ,20310315
BEJ,20310316
BEJ,20310322
BEJ,20310323
BEJ,20310329
BEJ,20310330
BEJ,20310405
BEJ,20310406
BEJ,20310412
BEJ,20310413
BEJ,20310419
BEJ,20310420
BEJ,20310426
BEJ,20310427
BEJ,20310503
BEJ,20310504
BEJ,20310510
BEJ,20310511
BEJ,20310517
BEJ,20310518
BEJ,20310524
BEJ,20310525
BEJ,20310531
BEJ,20310601
BEJ,20310607
BEJ,20310608
BEJ,20310614
BEJ,20310615
BEJ,20310621
BEJ,20310622
BEJ,20310628
BEJ,20310629
BEJ,20310705
BEJ,20310706
BEJ,20310712
BEJ,20310713
BEJ,20310719
BEJ,20310720
BEJ,20310726
BEJ,20310727
BEJ,20310802
BEJ,20310803
BEJ,20310809
BEJ,20310810
BEJ,20310816
BEJ,20310817
BEJ,20310823
BEJ,20310824
BEJ,20310830
BEJ,20310831
BEJ,20310906
BEJ,20310907
BEJ,20310913
BEJ,20310914
BEJ,20310920
BEJ,20310921
BEJ,20310927
BEJ,20310928
BEJ,20311004
BEJ,20311005
BEJ,20311011
BEJ,20311012
BEJ,20311018
BEJ,20311019
BEJ,20311025
BEJ,20311026
BEJ,20311101
BEJ,20311102
BEJ,20311108
BEJ,20311109
BEJ,20311115
BEJ,20311116
BEJ,20311122
BEJ,20311123
BEJ,20311129
BEJ,20311130
BEJ,20311206
BEJ,20311207
BEJ,20311213
BEJ,20311214
BEJ,20311220
BEJ,20311221
BEJ,20311227
BEJ,20311228
BEJ,20320103
BEJ,20320104
BEJ,20320110
BEJ,20320111
BEJ,20320117
BEJ,20320118
BEJ,20320124
BEJ,20320125
BEJ,20320131
BEJ,20320201
BEJ,20320207
BEJ,20320208
BEJ,20320214
BEJ,20320215
BEJ,20320221
BEJ,20320222
BEJ,20320228
BEJ,20320229
BEJ,20320306
BEJ,20320307
BEJ,20320313
BEJ,20320314
BEJ,20320320
BEJ,20320321
BEJ,20320327
BEJ,20320328
BEJ,20320403
BEJ,20320404
BEJ,20320410
BEJ,20320411
BEJ,20320417
BEJ,20320418
BEJ,20320424
BEJ,20320425
BEJ,20320501
BEJ,20320502
BEJ,20320508
BEJ,20320509
BEJ,20320515
BEJ,20320516
BEJ,20320522
BEJ,20320523
BEJ,20320529
BEJ,20320530
BEJ,20320605
BEJ,20320606
BEJ,20320612
BEJ,20320613
BEJ,20320619
BEJ,20320620
BEJ,20320626
BEJ,20320627
BEJ,20320703
BEJ,20320704
BEJ,20320710
BEJ,20320711
BEJ,20320717
BEJ,20320718
BEJ,20320724
BEJ,20320725
BEJ,20320731
BEJ,20320801
BEJ,20320807
BEJ,20320808
BEJ,20320814
BEJ,20320815
BEJ,20320821
BEJ,20320822
BEJ,20320828
BEJ,20320829
BEJ,20320904
BEJ,20320905
BEJ,20320911
BEJ,20320912
BEJ,20320918
BEJ,20320919
BEJ,20320925
BEJ,20320926
BEJ,20321002
BEJ,20321003
BEJ,20321009
BEJ,20321010
BEJ,20321016
BEJ,20321017
BEJ,20321023
BEJ,20321024
BEJ,20321030
BEJ,20321031
BEJ,20321106
BEJ,20321107
BEJ,20321113
BEJ,20321114
BEJ,20321120
BEJ,20321121
BEJ,20321127
BEJ,20321128
BEJ,20321204
BEJ,20321205
BEJ,20321211
BEJ,20321212
BEJ,20321218
BEJ,20321219
BEJ,20321225
BEJ,20321226
BEJ,20330101
BEJ,20330102
BEJ,20330108
BEJ,20330109
BEJ,20330115
BEJ,20330116
BEJ,20330122
BEJ,20330123
BEJ,20330129
BEJ,20330130
BEJ,20330205
BEJ,20330206
BEJ,20330212
BEJ,20330213
BEJ,20330219
BEJ,20330220
BEJ,20330226
BEJ,20330227
BEJ,20330305
BEJ,20330306
BEJ,20330312
BEJ,20330313
BEJ,20330319
BEJ,20330320
BEJ,20330326
BEJ,20330327
BEJ,20330402
BEJ,20330403
BEJ,20330409
BEJ,20330410
BEJ,20330416
BEJ,20330417
BEJ,20330423
BEJ,20330424
BEJ,20330430
BEJ,20330501
BEJ,20330507
BEJ,20330508
BEJ,20330514
BEJ,20330515
BEJ,20330521
BEJ,20330522
BEJ,20330528
BEJ,20330529
BEJ,20330604
BEJ,20330605
BEJ,20330611
BEJ,20330612
BEJ,20330618
BEJ,20330619
BEJ,20330625
BEJ,20330626
BEJ,20330702
BEJ,20330703
BEJ,20330709
BEJ,20330710
BEJ,20330716
BEJ,20330717
BEJ,20330723
BEJ,20330724
BEJ,20330730
BEJ,20330731
BEJ,20330806
BEJ,20330807
BEJ,20330813
BEJ,20330814
BEJ,20330820
BEJ,20330821
BEJ,20330827
BEJ,20330828
BEJ,20330903
BEJ,20330904
BEJ,20330910
BEJ,20330911
BEJ,20330917
BEJ,20330918
BEJ,20330924
BEJ,20330925
BEJ,20331001
BEJ,20331002
BEJ,20331008
BEJ,20331009
BEJ,20331015
BEJ,20331016
BEJ,20331022
BEJ,20331023
BEJ,20331029
BEJ,20331030
BEJ,20331105
BEJ,20331106
BEJ,20331112
BEJ,20331113
BEJ,20331119
BEJ,20331120
BEJ,20331126
BEJ,20331127
BEJ,20331203
BEJ,20331204
BEJ,20331210
BEJ,20331211
BEJ,20331217
BEJ,20331218
BEJ,20331224
BEJ,20331225
BEJ,20331231
BEJ,20340101
BEJ,20340107
BEJ,20340108
BEJ,20340114
BEJ,20340115
BEJ,20340121
BEJ,20340122
BEJ,20340128
BEJ,20340129
BEJ,20340204
BEJ,20340205
BEJ,20340211
BEJ,20340212
BEJ,20340218
BEJ,20340219
BEJ,20340225
BEJ,20340226
BEJ,20340304
BEJ,20340305
BEJ,20340311
BEJ,20340312
BEJ,20340318
BEJ,20340319
BEJ,20340325
BEJ,20340326
BEJ,20340401
BEJ,20340402
BEJ,20340408
BEJ,20340409
BEJ,20340415
BEJ,20340416
BEJ,20340422
BEJ,20340423
BEJ,20340429
BEJ,20340430
BEJ,20340506
BEJ,20340507
BEJ,20340513
BEJ,20340514
BEJ,20340520
BEJ,20340521
BEJ,20340527
BEJ,20340528
BEJ,20340603
BEJ,20340604
BEJ,20340610
BEJ,20340611
BEJ,20340617
BEJ,20340618
BEJ,20340624
BEJ,20340625
BEJ,20340701
BEJ,20340702
BEJ,20340708
BEJ,20340709
BEJ,20340715
BEJ,20340716
BEJ,20340722
BEJ,20340723
BEJ,20340729
BEJ,20340730
BEJ,20340805
BEJ,20340806
BEJ,20340812
BEJ,20340813
BEJ,20340819
BEJ,20340820
BEJ,20340826
BEJ,20340827
BEJ,20340902
BEJ,20340903
BEJ,20340909
BEJ,20340910
BEJ,20340916
BEJ,20340917