产品类型,资产大类,字段,字段类型,字段含义,值域,特殊规则
BOND,利率,ABS_FLAG,布尔,绝对值标志,,
BOND,利率,ADJUST_FLAG,布尔,调整标志,,
BOND,利率,AMORTIZATION_SCHEDULE,List<StructuredCashflow.AmortizationEntry>,摊销计划,,"JSON数组[{date,principal,rate}]"
BOND,利率,AMOUNT,浮点数,,,
BOND,利率,BOND_ID,字符串,债券ID,,
BOND,利率,DIRTY_PRICE,浮点数,脏价,, 
BOND,利率,CALLPUT_DATE,List<CallPutDate>,,,
BOND,利率,CASHFLOW,浮点数,,,
BOND,利率,CASHFLOW_TYPE,字符串,,,
BOND,利率,COUPON_PRORATED,布尔,票息按比例,,
BOND,利率,CREDIT_SPREAD_CURVE,字符串,信用点差曲线,,引用信用点差曲线key
BOND,利率,CURRENCY_CODE,字符串,货币代码,,
BOND,利率,DATA_DATE,日期,数据日期,,
BOND,利率,DATE,日期,,,
BOND,利率,DAY_COUNT_BASIS,字符串,日计数基准,"actual/365,actual/360,30/360",
BOND,利率,DISCOUNT_CURVE,字符串,折现曲线,,引用市场数据折现曲线key
BOND,利率,DISCOUNT_FACTOR,浮点数,,,
BOND,利率,DRC_JTD0,字符串,,,
BOND,利率,DRC_LGD,浮点数,,,
BOND,利率,FIXING_CURVE,字符串,定盘曲线,,引用市场数据定盘曲线key
BOND,利率,FIXING_FREQ,字符串,定盘频率,,
BOND,利率,FIXING_ID,字符串,定盘ID,,
BOND,利率,FLOATING_INDEX_FREQ,字符串,浮动指数频率,,
BOND,利率,FLT_DAY_COUNT_BASIS,字符串,,,
BOND,利率,FRTB_CSR_BUCKET,字符串,,,
BOND,利率,FRTB_NSEC_DRC_BUCKET,字符串,,,
BOND,利率,FRTB_SECNCTP_DRC_RW,浮点数,,,
BOND,利率,FRTB_SECNCTP_DRC_TYPE,字符串,,,
BOND,利率,FWDEND_DATE,日期,,,
BOND,利率,FWDSTART_DATE,日期,,,
BOND,利率,INCLUDE_TODAY_CASHFLOW,布尔,包含当日现金流,,
BOND,利率,INSTRUMENT_ID,字符串,交易编号,,
BOND,利率,INTEREST_RATE,浮点数,利率,,
BOND,利率,INTEREST_STUB,字符串,利息存根,,
BOND,利率,INTEREST_TYPE,字符串,利率类型,Fixed/Float,
BOND,利率,ISSUER,字符串,发行人,,
BOND,利率,ISSUER_RATING,字符串,,,
BOND,利率,ISSUE_DATE,日期,发行日,,yyyyMMdd
BOND,利率,LAST_RESET_RATE,浮点数,上期重置利率,,
BOND,利率,MATURITY_DATE,日期,到期日,,yyyyMMdd
BOND,利率,NOTIONAL,浮点数,名义金额,,非负有限数
BOND,利率,NOTIONAL_FLAG,字符串,名义标志,,
BOND,利率,OPTION_BOND_FLAG,布尔,含权债标志,true/false,
BOND,利率,PAYMENT_DATE,日期,,,
BOND,利率,PAYMENT_TIMING,字符串,支付时点,,
BOND,利率,PAYMENT_TYPE,字符串,,,
BOND,利率,PAY_FREQ,字符串,付息频率,M/Q/S/A,
BOND,利率,POSITION_TRADE,浮点数,,,
BOND,利率,PREPAYMENT_DATE,日期,,,
BOND,利率,PRODUCT_CODE,字符串,产品代码,,
BOND,利率,RATE,浮点数,,,
BOND,利率,RESET_DAYOFF,整数,重置休息日,,
BOND,利率,RESET_FREQ,字符串,重置频率,M/Q/S/A,
BOND,利率,RESET_RULE,字符串,重置规则,,
BOND,利率,SETTLE_CALENDAR,字符串,结算日历,,
BOND,利率,SETTLE_DAYOFF,整数,结算休息日,,
BOND,利率,SETTLE_RULE,字符串,结算规则,,
BOND,利率,SPREAD,浮点数,点差,,
BOND,利率,THEO_PAYMENT_DATE,日期,,,
BOND,利率,THEO_PRE_PAYMENT_DATE,日期,,,
BOND,利率,TIME_FACTOR,浮点数,,,
BOND,利率,TYPE,字符串,,,
BOND_FUTURE,利率,CONVERT_FACTORS,JSONArray,,,
BOND_FUTURE,利率,CURRENCY_CODE,字符串,货币代码,,
BOND_FUTURE,利率,DELIVERY_TYPE,字符串,,,
BOND_FUTURE,利率,DISCOUNT_CURVE,字符串,折现曲线,,引用市场数据折现曲线key
BOND_FUTURE,利率,FUTURE_ID,字符串,,,
BOND_FUTURE,利率,FUTURE_PRICE,浮点数,,,
BOND_FUTURE,利率,INSTRUMENT_ID,字符串,交易编号,,
BOND_FUTURE,利率,MATURITY_DATE,日期,到期日,,yyyyMMdd
BOND_FUTURE,利率,NET_BASIS,浮点数,,,
BOND_FUTURE,利率,PRODUCT_CODE,字符串,产品代码,,
BOND_FUTURE,利率,UNDERLYING_BOND_ID,字符串,,,
BOND_FUTURE,利率,UNDERLYING_BOND_VALUE,浮点数,,,
BOND_FUTURE,利率,UNDERLYING_POSITION,浮点数,,,
CAPFLOOR,利率,ADJUST_FLAG,布尔,调整标志,,
CAPFLOOR,利率,BUY_OR_SELL,字符串,买卖方向,B/S,
CAPFLOOR,利率,CAP_OR_FLOOR,字符串,,,
CAPFLOOR,利率,COUPON_PRORATED,布尔,票息按比例,,
CAPFLOOR,利率,CURRENCY_CODE,字符串,货币代码,,
CAPFLOOR,利率,DATA_DATE,日期,数据日期,,
CAPFLOOR,利率,DAY_COUNT_BASIS,字符串,日计数基准,"actual/365,actual/360,30/360",
CAPFLOOR,利率,DISCOUNT_CURVE,字符串,折现曲线,,引用市场数据折现曲线key
CAPFLOOR,利率,EXPECTED_FORWARD_RATE,浮点数,,,
CAPFLOOR,利率,FIXING_CALENDAR,字符串,,,
CAPFLOOR,利率,FIXING_CURVE,字符串,定盘曲线,,引用市场数据定盘曲线key
CAPFLOOR,利率,FIXING_DAYOFF,整数,,,
CAPFLOOR,利率,FIXING_FREQ,字符串,定盘频率,,
CAPFLOOR,利率,FIXING_ID,字符串,定盘ID,,
CAPFLOOR,利率,FIXING_RULE,字符串,,,
CAPFLOOR,利率,FLOATING_INDEX_FREQ,字符串,浮动指数频率,,
CAPFLOOR,利率,FLT_DAY_COUNT_BASIS,字符串,,,
CAPFLOOR,利率,INCLUDE_TODAY_CASHFLOW,布尔,包含当日现金流,,
CAPFLOOR,利率,INSTRUMENT_ID,字符串,交易编号,,
CAPFLOOR,利率,INTEREST_RATE,浮点数,利率,,
CAPFLOOR,利率,INTEREST_STUB,字符串,利息存根,,
CAPFLOOR,利率,LAST_RESET_RATE,浮点数,上期重置利率,,
CAPFLOOR,利率,MATURITY_DATE,日期,到期日,,yyyyMMdd
CAPFLOOR,利率,NOTIONAL,浮点数,名义金额,,非负有限数
CAPFLOOR,利率,NOTIONAL_FLAG,字符串,名义标志,,
CAPFLOOR,利率,PAY_FREQ,字符串,付息频率,M/Q/S/A,
CAPFLOOR,利率,PRODUCT_CODE,字符串,产品代码,,
CAPFLOOR,利率,RESET_FREQ,字符串,重置频率,M/Q/S/A,
CAPFLOOR,利率,SETTLE_CALENDAR,字符串,结算日历,,
CAPFLOOR,利率,SETTLE_DAYOFF,整数,结算休息日,,
CAPFLOOR,利率,SETTLE_RULE,字符串,结算规则,,
CAPFLOOR,利率,SPREAD,浮点数,点差,,
CAPFLOOR,利率,START_DATE,日期,起息日,,yyyyMMdd
CAPFLOOR,利率,STRIKE_RATE,浮点数,,,
CAPFLOOR,利率,TRADE_DATE,日期,交易日,,yyyyMMdd
CAPFLOOR,利率,VALUATION_MODEL,字符串,,,
CAPFLOOR,利率,VOLATILITY_RATE,浮点数,,,
CAPFLOOR,利率,VOLATILITY_SURFACE,字符串,波动率曲面,,引用市场数据波动率曲面key
CDS,信用,BUY_OR_SELL,字符串,买卖方向,B/S,
CDS,信用,CURRENCY_CODE,字符串,货币代码,,
CDS,信用,DAY_COUNT_BASIS,字符串,日计数基准,"actual/365,actual/360,30/360",
CDS,信用,DISCOUNT_CURVE,字符串,折现曲线,,引用市场数据折现曲线key
CDS,信用,EXPECTED_CASHFLOW,浮点数,,,
CDS,信用,FIXED_PREMIUM,字符串,,,
CDS,信用,FIXED_RATE,浮点数,,,
CDS,信用,INSTRUMENT_ID,字符串,交易编号,,
CDS,信用,INTEREST_STUB,字符串,利息存根,,
CDS,信用,MATURITY_DATE,日期,到期日,,yyyyMMdd
CDS,信用,NOTIONAL,浮点数,名义金额,,非负有限数
CDS,信用,PAY_FREQ,字符串,付息频率,M/Q/S/A,
CDS,信用,PRODUCT_CODE,字符串,产品代码,,
CDS,信用,RECOVERY_RATE,浮点数,回收率,,
CDS,信用,SETTLE_CALENDAR,字符串,结算日历,,
CDS,信用,START_DATE,日期,起息日,,yyyyMMdd
CDS,信用,TRADE_DATE,日期,交易日,,yyyyMMdd
CDS,信用,UNDERLYING_BOND_ID,字符串,,,
CDS,信用,UNDERLYING_DISCOUNT_FACTOR,浮点数,,,
CDS,信用,UNDERLYING_ISSUER_ID,字符串,,,
COMMFWD,商品,BUY_OR_SELL,字符串,买卖方向,B/S,
COMMFWD,商品,CONTRACT_SIZE,浮点数,合约乘数,,默认1
COMMFWD,商品,CURRENCY_CODE,字符串,货币代码,,
COMMFWD,商品,DISCOUNT_CURVE,字符串,折现曲线,,引用市场数据折现曲线key
COMMFWD,商品,FRTB_COMM_ASSET,字符串,,,
COMMFWD,商品,FRTB_COMM_BUCKET,字符串,,,
COMMFWD,商品,FRTB_COMM_LOCATION,字符串,,,
COMMFWD,商品,INSTRUMENT_ID,字符串,交易编号,,
COMMFWD,商品,MATURITY_DATE,日期,到期日,,yyyyMMdd
COMMFWD,商品,PRICE_CURVE,字符串,价格曲线,,
COMMFWD,商品,PRODUCT_CODE,字符串,产品代码,,
COMMFWD,商品,SETTLE_DATE,日期,结算日,,yyyyMMdd
COMMFWD,商品,STRIKE_CURRENCY_CODE,字符串,,,
COMMFWD,商品,STRIKE_PRICE,浮点数,行权价,,正数
COMMFWD,商品,TRADE_DATE,日期,交易日,,yyyyMMdd
COMMFWD,商品,UNDERLYING_CODE,字符串,标的代码,,
COMMOPT,商品,BUY_OR_SELL,字符串,买卖方向,B/S,
COMMOPT,商品,CALL_OR_PUT,字符串,看涨看跌,Call/Put,
COMMOPT,商品,CONTRACT_SIZE,浮点数,合约乘数,,默认1
COMMOPT,商品,CURRENCY_CODE,字符串,货币代码,,
COMMOPT,商品,DISCOUNT_CURVE,字符串,折现曲线,,引用市场数据折现曲线key
COMMOPT,商品,FRTB_COMM_ASSET,字符串,,,
COMMOPT,商品,FRTB_COMM_BUCKET,字符串,,,
COMMOPT,商品,FRTB_COMM_LOCATION,字符串,,,
COMMOPT,商品,INSTRUMENT_ID,字符串,交易编号,,
COMMOPT,商品,MATURITY_DATE,日期,到期日,,yyyyMMdd
COMMOPT,商品,OPTION_TYPE,字符串,期权类型,Call/Put/Up/Down/Double,
COMMOPT,商品,PRICE_CURVE,字符串,价格曲线,,
COMMOPT,商品,PRODUCT_CODE,字符串,产品代码,,
COMMOPT,商品,SETTLE_CURRENCY_CODE,字符串,结算货币,,
COMMOPT,商品,SETTLE_DATE,日期,结算日,,yyyyMMdd
COMMOPT,商品,SETTLE_TYPE,字符串,结算方式,Cash/Physical,
COMMOPT,商品,STRIKE_CURRENCY_CODE,字符串,,,
COMMOPT,商品,STRIKE_PRICE,浮点数,行权价,,正数
COMMOPT,商品,TRADE_DATE,日期,交易日,,yyyyMMdd
COMMOPT,商品,UNDERLYING_CODE,字符串,标的代码,,
COMMOPT,商品,VOLATILITY_SURFACE,字符串,波动率曲面,,引用市场数据波动率曲面key
COMMSWAP,商品,BUY_OR_SELL,字符串,买卖方向,B/S,
COMMSWAP,商品,CONTRACT_SIZE,浮点数,合约乘数,,默认1
COMMSWAP,商品,CURRENCY_CODE,字符串,货币代码,,
COMMSWAP,商品,DISCOUNT_CURVE,字符串,折现曲线,,引用市场数据折现曲线key
COMMSWAP,商品,FRTB_COMM_ASSET,字符串,,,
COMMSWAP,商品,FRTB_COMM_BUCKET,字符串,,,
COMMSWAP,商品,FRTB_COMM_LOCATION,字符串,,,
COMMSWAP,商品,FWD_SETTLE_DATE,日期,,,
COMMSWAP,商品,FWD_STRIKE,浮点数,,,
COMMSWAP,商品,INSTRUMENT_ID,字符串,交易编号,,
COMMSWAP,商品,PRICE_CURVE,字符串,价格曲线,,
COMMSWAP,商品,PRODUCT_CODE,字符串,产品代码,,
COMMSWAP,商品,SPOT_SETTLE_DATE,日期,,,
COMMSWAP,商品,SPOT_STRIKE,浮点数,,,
COMMSWAP,商品,STRIKE_CURRENCY_CODE,字符串,,,
COMMSWAP,商品,TRADE_DATE,日期,交易日,,yyyyMMdd
COMMSWAP,商品,UNDERLYING_CODE,字符串,标的代码,,
COMM_AUTO_CALL,商品,BARRIER,浮点数,障碍价,,
COMM_AUTO_CALL,商品,BARRIER_DIRECTION,字符串,障碍方向,Up/Down,
COMM_AUTO_CALL,商品,BUY_OR_SELL,字符串,买卖方向,B/S,
COMM_AUTO_CALL,商品,CURRENCY_CODE,字符串,货币代码,,
COMM_AUTO_CALL,商品,DISCOUNT_CURVE,字符串,折现曲线,,引用市场数据折现曲线key
COMM_AUTO_CALL,商品,FIXING_ID,字符串,定盘ID,,
COMM_AUTO_CALL,商品,INSTRUMENT_ID,字符串,交易编号,,
COMM_AUTO_CALL,商品,NOTIONAL,浮点数,名义金额,,非负有限数
COMM_AUTO_CALL,商品,OBS_DATE,字符串,观察日,,
COMM_AUTO_CALL,商品,PATH_FLAG,布尔,路径标志,,
COMM_AUTO_CALL,商品,PATH_NB,整数,模拟路径数,,
COMM_AUTO_CALL,商品,PAYOFF_RATE,浮点数,赔付率,,
COMM_AUTO_CALL,商品,PREMIUM_RATE,浮点数,溢价率,,
COMM_AUTO_CALL,商品,PRICE_CURVE,字符串,价格曲线,,
COMM_AUTO_CALL,商品,PRODUCT_CODE,字符串,产品代码,,
COMM_AUTO_CALL,商品,SETTLE_CALENDAR,字符串,结算日历,,
COMM_AUTO_CALL,商品,SETTLE_DATE,日期,结算日,,yyyyMMdd
COMM_AUTO_CALL,商品,SETTLE_DAYOFF,整数,结算休息日,,
COMM_AUTO_CALL,商品,SETTLE_RULE,字符串,结算规则,,
COMM_AUTO_CALL,商品,START_DATE,日期,起息日,,yyyyMMdd
COMM_AUTO_CALL,商品,VOLATILITY_SURFACE,字符串,波动率曲面,,引用市场数据波动率曲面key
COMM_BARRIER,商品,BASE_PAYOFF,浮点数,基础赔付,,
COMM_BARRIER,商品,BUY_OR_SELL,字符串,买卖方向,B/S,
COMM_BARRIER,商品,CONTRACT_SIZE,浮点数,合约乘数,,默认1
COMM_BARRIER,商品,CURRENCY_CODE,字符串,货币代码,,
COMM_BARRIER,商品,DISCOUNT_CURVE,字符串,折现曲线,,引用市场数据折现曲线key
COMM_BARRIER,商品,DOWN_BARRIER,浮点数,下障碍价,,
COMM_BARRIER,商品,INSTRUMENT_ID,字符串,交易编号,,
COMM_BARRIER,商品,KNOCK_OUT_FLAG,字符串,敲出标志,,
COMM_BARRIER,商品,MATURITY_DATE,日期,到期日,,yyyyMMdd
COMM_BARRIER,商品,OPTION_TYPE,字符串,期权类型,Call/Put/Up/Down/Double,
COMM_BARRIER,商品,PAYOFF_LOWER,浮点数,下行赔付,,
COMM_BARRIER,商品,PRICE_CURVE,字符串,价格曲线,,
COMM_BARRIER,商品,PRODUCT_CODE,字符串,产品代码,,
COMM_BARRIER,商品,SETTLE_DATE,日期,结算日,,yyyyMMdd
COMM_BARRIER,商品,TOUCH_BEFORE_FLAG,字符串,触碰前标志,,
COMM_BARRIER,商品,TRADE_DATE,日期,交易日,,yyyyMMdd
COMM_BARRIER,商品,UPPER_BARRIER,浮点数,上障碍价,,Double时须>DOWN_BARRIER
COMM_BARRIER,商品,VOLATILITY_SURFACE,字符串,波动率曲面,,引用市场数据波动率曲面key
COMM_BARRIER,商品,VV_FLAG,布尔,VannaVolga开关,true/false,
COMM_DIGITAL,商品,BASE_PAYOFF,浮点数,基础赔付,,
COMM_DIGITAL,商品,BUY_OR_SELL,字符串,买卖方向,B/S,
COMM_DIGITAL,商品,CALL_OR_PUT,字符串,看涨看跌,Call/Put,
COMM_DIGITAL,商品,CONTRACT_SIZE,浮点数,合约乘数,,默认1
COMM_DIGITAL,商品,CURRENCY_CODE,字符串,货币代码,,
COMM_DIGITAL,商品,DISCOUNT_CURVE,字符串,折现曲线,,引用市场数据折现曲线key
COMM_DIGITAL,商品,INSTRUMENT_ID,字符串,交易编号,,
COMM_DIGITAL,商品,MATURITY_DATE,日期,到期日,,yyyyMMdd
COMM_DIGITAL,商品,PAYOFF_LOWER,浮点数,下行赔付,,
COMM_DIGITAL,商品,PRICE_CURVE,字符串,价格曲线,,
COMM_DIGITAL,商品,PRODUCT_CODE,字符串,产品代码,,
COMM_DIGITAL,商品,SETTLE_DATE,日期,结算日,,yyyyMMdd
COMM_DIGITAL,商品,STRIKE_PRICE,浮点数,行权价,,正数
COMM_DIGITAL,商品,TRADE_DATE,日期,交易日,,yyyyMMdd
COMM_DIGITAL,商品,VOLATILITY_SURFACE,字符串,波动率曲面,,引用市场数据波动率曲面key
COMM_DIGITAL,商品,VV_FLAG,布尔,VannaVolga开关,true/false,
COMM_RANGE_ACCURE,商品,ABS_FLAG,布尔,绝对值标志,,
COMM_RANGE_ACCURE,商品,BUY_OR_SELL,字符串,买卖方向,B/S,
COMM_RANGE_ACCURE,商品,CURRENCY_CODE,字符串,货币代码,,
COMM_RANGE_ACCURE,商品,DISCOUNT_CURVE,字符串,折现曲线,,引用市场数据折现曲线key
COMM_RANGE_ACCURE,商品,DOMESTIC_RATE,浮点数,国内利率,,
COMM_RANGE_ACCURE,商品,EPS,浮点数,扰动步长,,
COMM_RANGE_ACCURE,商品,FIXING_ID,字符串,定盘ID,,
COMM_RANGE_ACCURE,商品,FOREIGN_RATE,浮点数,国外利率,,
COMM_RANGE_ACCURE,商品,FRTB_COMM_ASSET,字符串,,,
COMM_RANGE_ACCURE,商品,FRTB_COMM_BUCKET,字符串,,,
COMM_RANGE_ACCURE,商品,FRTB_COMM_LOCATION,字符串,,,
COMM_RANGE_ACCURE,商品,INSTRUMENT_ID,字符串,交易编号,,
COMM_RANGE_ACCURE,商品,LOWER_BARRIER,浮点数,下障碍,,
COMM_RANGE_ACCURE,商品,MATURITY_DATE,日期,到期日,,yyyyMMdd
COMM_RANGE_ACCURE,商品,NOTIONAL,浮点数,名义金额,,非负有限数
COMM_RANGE_ACCURE,商品,OBS_DATE,字符串,观察日,,
COMM_RANGE_ACCURE,商品,PRICE_CURVE,字符串,价格曲线,,
COMM_RANGE_ACCURE,商品,PRODUCT_CODE,字符串,产品代码,,
COMM_RANGE_ACCURE,商品,RANGE_ACCURE_RATE,浮点数,区间累积收益率,,
COMM_RANGE_ACCURE,商品,RANGE_DIRECTION,字符串,区间方向,,
COMM_RANGE_ACCURE,商品,SETTLE_CURRENCY_CODE,字符串,结算货币,,
COMM_RANGE_ACCURE,商品,SETTLE_DATE,日期,结算日,,yyyyMMdd
COMM_RANGE_ACCURE,商品,SIGMABYGOALSEEK,浮点数,,,
COMM_RANGE_ACCURE,商品,START_DATE,日期,起息日,,yyyyMMdd
COMM_RANGE_ACCURE,商品,UNDERLYING_CODE,字符串,标的代码,,
COMM_RANGE_ACCURE,商品,UNDERLYING_ID,字符串,标的ID,,
COMM_RANGE_ACCURE,商品,UPPER_BARRIER,浮点数,上障碍价,,Double时须>DOWN_BARRIER
COMM_RANGE_ACCURE,商品,VOLATILITY_SURFACE,字符串,波动率曲面,,引用市场数据波动率曲面key
COMM_SHARKFIN,商品,BASE_CURRENCY_CODE,字符串,基础货币代码,,
COMM_SHARKFIN,商品,BASE_DISCOUNT_CURVE,字符串,基础折现曲线,,
COMM_SHARKFIN,商品,BASE_RATE,浮点数,基础收益率,,
COMM_SHARKFIN,商品,BUY_OR_SELL,字符串,买卖方向,B/S,
COMM_SHARKFIN,商品,CONTRACT_SIZE,浮点数,合约乘数,,默认1
COMM_SHARKFIN,商品,CURRENCY_CODE,字符串,货币代码,,
COMM_SHARKFIN,商品,DISCOUNT_CURVE,字符串,折现曲线,,引用市场数据折现曲线key
COMM_SHARKFIN,商品,DOWN_BARRIER,浮点数,下障碍价,,
COMM_SHARKFIN,商品,FIXING_ID,字符串,定盘ID,,
COMM_SHARKFIN,商品,INSTRUMENT_ID,字符串,交易编号,,
COMM_SHARKFIN,商品,MATURITY_DATE,日期,到期日,,yyyyMMdd
COMM_SHARKFIN,商品,NOTIONAL,浮点数,名义金额,,非负有限数
COMM_SHARKFIN,商品,OPTION_TYPE,字符串,期权类型,Call/Put/Up/Down/Double,
COMM_SHARKFIN,商品,PRICE_CURVE,字符串,价格曲线,,
COMM_SHARKFIN,商品,PRODUCT_CODE,字符串,产品代码,,
COMM_SHARKFIN,商品,SETTLE_CURRENCY_CODE,字符串,结算货币,,
COMM_SHARKFIN,商品,SETTLE_DATE,日期,结算日,,yyyyMMdd
COMM_SHARKFIN,商品,SETTLE_TYPE,字符串,结算方式,Cash/Physical,
COMM_SHARKFIN,商品,START_DATE,日期,起息日,,yyyyMMdd
COMM_SHARKFIN,商品,STRIKE_PRICE,浮点数,行权价,,正数
COMM_SHARKFIN,商品,TOUCH_RATE,浮点数,触碰收益率,,
COMM_SHARKFIN,商品,TRADE_DATE,日期,交易日,,yyyyMMdd
COMM_SHARKFIN,商品,UNDERLYING_CODE,字符串,标的代码,,
COMM_SHARKFIN,商品,UNDERLYING_CURRENCY_CODE,字符串,标的货币代码,,
COMM_SHARKFIN,商品,UNDERLYING_DISCOUNT_CURVE,字符串,标的折现曲线,,
COMM_SHARKFIN,商品,UPPER_BARRIER,浮点数,上障碍价,,Double时须>DOWN_BARRIER
COMM_SHARKFIN,商品,VOLATILITY_SURFACE,字符串,波动率曲面,,引用市场数据波动率曲面key
COMM_SHARKFIN,商品,VV_FLAG,布尔,VannaVolga开关,true/false,
COMM_SPREADOPT,商品,BASE_CURRENCY_CODE,字符串,基础货币代码,,
COMM_SPREADOPT,商品,BUY_OR_SELL,字符串,买卖方向,B/S,
COMM_SPREADOPT,商品,CALL_OR_PUT,字符串,看涨看跌,Call/Put,
COMM_SPREADOPT,商品,CONTRACT_SIZE,浮点数,合约乘数,,默认1
COMM_SPREADOPT,商品,CURRENCY_CODE,字符串,货币代码,,
COMM_SPREADOPT,商品,CURRENCY_PAIR,字符串,货币对,,
COMM_SPREADOPT,商品,DISCOUNT_CURVE,字符串,折现曲线,,引用市场数据折现曲线key
COMM_SPREADOPT,商品,DOWN_BARRIER,浮点数,下障碍价,,
COMM_SPREADOPT,商品,FIXING_ID,字符串,定盘ID,,
COMM_SPREADOPT,商品,INITIAL_PRICE,浮点数,,,
COMM_SPREADOPT,商品,INSTRUMENT_ID,字符串,交易编号,,
COMM_SPREADOPT,商品,MATURITY_DATE,日期,到期日,,yyyyMMdd
COMM_SPREADOPT,商品,NOTIONAL,浮点数,名义金额,,非负有限数
COMM_SPREADOPT,商品,OPTION_TYPE,字符串,期权类型,Call/Put/Up/Down/Double,
COMM_SPREADOPT,商品,PRICE_CURVE,字符串,价格曲线,,
COMM_SPREADOPT,商品,PRODUCT_CODE,字符串,产品代码,,
COMM_SPREADOPT,商品,SETTLE_DATE,日期,结算日,,yyyyMMdd
COMM_SPREADOPT,商品,SETTLE_TYPE,字符串,结算方式,Cash/Physical,
COMM_SPREADOPT,商品,START_DATE,日期,起息日,,yyyyMMdd
COMM_SPREADOPT,商品,STRIKE_PRICE,浮点数,行权价,,正数
COMM_SPREADOPT,商品,TRADE_DATE,日期,交易日,,yyyyMMdd
COMM_SPREADOPT,商品,UNDERLYING_CURRENCY_CODE,字符串,标的货币代码,,
COMM_SPREADOPT,商品,UPPER_BARRIER,浮点数,上障碍价,,Double时须>DOWN_BARRIER
COMM_SPREADOPT,商品,VOLATILITY_SURFACE,字符串,波动率曲面,,引用市场数据波动率曲面key
COMM_SPREADOPT,商品,VV_FLAG,布尔,VannaVolga开关,true/false,
COMM_STEP_UP,商品,ABS_FLAG,布尔,绝对值标志,,
COMM_STEP_UP,商品,BUY_OR_SELL,字符串,买卖方向,B/S,
COMM_STEP_UP,商品,CALL_OR_PUT,字符串,看涨看跌,Call/Put,
COMM_STEP_UP,商品,CURRENCY_CODE,字符串,货币代码,,
COMM_STEP_UP,商品,DAY_COUNT_BASIS,字符串,日计数基准,"actual/365,actual/360,30/360",
COMM_STEP_UP,商品,DISCOUNT_CURVE,字符串,折现曲线,,引用市场数据折现曲线key
COMM_STEP_UP,商品,DOMESTIC_RATE,浮点数,国内利率,,
COMM_STEP_UP,商品,EPS,浮点数,扰动步长,,
COMM_STEP_UP,商品,FIXING_DATE,日期,定盘日,,yyyyMMdd
COMM_STEP_UP,商品,FIXING_ID,字符串,定盘ID,,
COMM_STEP_UP,商品,FOREIGN_RATE,浮点数,国外利率,,
COMM_STEP_UP,商品,FRTB_COMM_ASSET,字符串,,,
COMM_STEP_UP,商品,FRTB_COMM_BUCKET,字符串,,,
COMM_STEP_UP,商品,FRTB_COMM_LOCATION,字符串,,,
COMM_STEP_UP,商品,HIGH_RATE,浮点数,高收益率,,
COMM_STEP_UP,商品,INSTRUMENT_ID,字符串,交易编号,,
COMM_STEP_UP,商品,LOWER_BARRIER,浮点数,下障碍,,
COMM_STEP_UP,商品,LOW_RATE,浮点数,低收益率,,
COMM_STEP_UP,商品,MATURITY_DATE,日期,到期日,,yyyyMMdd
COMM_STEP_UP,商品,MID_RATE,浮点数,中间收益率,,
COMM_STEP_UP,商品,NOTIONAL,浮点数,名义金额,,非负有限数
COMM_STEP_UP,商品,PRICE_CURVE,字符串,价格曲线,,
COMM_STEP_UP,商品,PRODUCT_CODE,字符串,产品代码,,
COMM_STEP_UP,商品,SETTLE_CURRENCY_CODE,字符串,结算货币,,
COMM_STEP_UP,商品,SETTLE_DATE,日期,结算日,,yyyyMMdd
COMM_STEP_UP,商品,SIGMABYGOALSEEK,浮点数,,,
COMM_STEP_UP,商品,START_DATE,日期,起息日,,yyyyMMdd
COMM_STEP_UP,商品,TERM_DAYS,长整数,,,
COMM_STEP_UP,商品,TRADE_DATE,日期,交易日,,yyyyMMdd
COMM_STEP_UP,商品,UNDERLYING_CODE,字符串,标的代码,,
COMM_STEP_UP,商品,UNDERLYING_ID,字符串,标的ID,,
COMM_STEP_UP,商品,UNDERLYING_TYPE,字符串,标的类型,,
COMM_STEP_UP,商品,UPPER_BARRIER,浮点数,上障碍价,,Double时须>DOWN_BARRIER
COMM_STEP_UP,商品,VOLATILITY_SURFACE,字符串,波动率曲面,,引用市场数据波动率曲面key
COMM_STEP_UP,商品,VV_FLAG,布尔,VannaVolga开关,true/false,
COMM_WEDDING_CAKE,商品,ABS_FLAG,布尔,绝对值标志,,
COMM_WEDDING_CAKE,商品,BUY_OR_SELL,字符串,买卖方向,B/S,
COMM_WEDDING_CAKE,商品,CONTRACT_SIZE,浮点数,合约乘数,,默认1
COMM_WEDDING_CAKE,商品,CURRENCY_CODE,字符串,货币代码,,
COMM_WEDDING_CAKE,商品,DISCOUNT_CURVE,字符串,折现曲线,,引用市场数据折现曲线key
COMM_WEDDING_CAKE,商品,EPS,浮点数,扰动步长,,
COMM_WEDDING_CAKE,商品,FIXING_ID,字符串,定盘ID,,
COMM_WEDDING_CAKE,商品,INNER_LOWER_BARRIER,浮点数,内层下障碍,,
COMM_WEDDING_CAKE,商品,INNER_RATE,浮点数,内层收益率,,
COMM_WEDDING_CAKE,商品,INNER_UPPER_BARRIER,浮点数,内层上障碍,,
COMM_WEDDING_CAKE,商品,INSTRUMENT_ID,字符串,交易编号,,
COMM_WEDDING_CAKE,商品,MATURITY_DATE,日期,到期日,,yyyyMMdd
COMM_WEDDING_CAKE,商品,MID_RATE,浮点数,中间收益率,,
COMM_WEDDING_CAKE,商品,NOTIONAL,浮点数,名义金额,,非负有限数
COMM_WEDDING_CAKE,商品,OUTER_LOWER_BARRIER,浮点数,外层下障碍,,
COMM_WEDDING_CAKE,商品,OUTER_UPPER_BARRIER,浮点数,外层上障碍,,
COMM_WEDDING_CAKE,商品,OUT_RATE,浮点数,外层收益率,,
COMM_WEDDING_CAKE,商品,PRICE_CURVE,字符串,价格曲线,,
COMM_WEDDING_CAKE,商品,PRODUCT_CODE,字符串,产品代码,,
COMM_WEDDING_CAKE,商品,SETTLE_CURRENCY_CODE,字符串,结算货币,,
COMM_WEDDING_CAKE,商品,SETTLE_DATE,日期,结算日,,yyyyMMdd
COMM_WEDDING_CAKE,商品,START_DATE,日期,起息日,,yyyyMMdd
COMM_WEDDING_CAKE,商品,TRADE_DATE,日期,交易日,,yyyyMMdd
COMM_WEDDING_CAKE,商品,VOLATILITY_SURFACE,字符串,波动率曲面,,引用市场数据波动率曲面key
COMM_WEDDING_CAKE,商品,VV_FLAG,布尔,VannaVolga开关,true/false,
EQ_AUTO_CALL,权益,BARRIER,浮点数,障碍价,,
EQ_AUTO_CALL,权益,BARRIER_DIRECTION,字符串,障碍方向,Up/Down,
EQ_AUTO_CALL,权益,BUY_OR_SELL,字符串,买卖方向,B/S,
EQ_AUTO_CALL,权益,CURRENCY_CODE,字符串,货币代码,,
EQ_AUTO_CALL,权益,DISCOUNT_CURVE,字符串,折现曲线,,引用市场数据折现曲线key
EQ_AUTO_CALL,权益,FIXING_ID,字符串,定盘ID,,
EQ_AUTO_CALL,权益,INSTRUMENT_ID,字符串,交易编号,,
EQ_AUTO_CALL,权益,NOTIONAL,浮点数,名义金额,,非负有限数
EQ_AUTO_CALL,权益,OBS_DATE,字符串,观察日,,
EQ_AUTO_CALL,权益,PATH_FLAG,布尔,路径标志,,
EQ_AUTO_CALL,权益,PATH_NB,整数,模拟路径数,,
EQ_AUTO_CALL,权益,PAYOFF_RATE,浮点数,赔付率,,
EQ_AUTO_CALL,权益,PREMIUM_RATE,浮点数,溢价率,,
EQ_AUTO_CALL,权益,PRICE_CURVE,字符串,价格曲线,,
EQ_AUTO_CALL,权益,PRODUCT_CODE,字符串,产品代码,,
EQ_AUTO_CALL,权益,SETTLE_CALENDAR,字符串,结算日历,,
EQ_AUTO_CALL,权益,SETTLE_DATE,日期,结算日,,yyyyMMdd
EQ_AUTO_CALL,权益,SETTLE_DAYOFF,整数,结算休息日,,
EQ_AUTO_CALL,权益,SETTLE_RULE,字符串,结算规则,,
EQ_AUTO_CALL,权益,START_DATE,日期,起息日,,yyyyMMdd
EQ_AUTO_CALL,权益,VOLATILITY_SURFACE,字符串,波动率曲面,,引用市场数据波动率曲面key
EQ_BARRIER,权益,BASE_PAYOFF,浮点数,基础赔付,,
EQ_BARRIER,权益,BUY_OR_SELL,字符串,买卖方向,B/S,
EQ_BARRIER,权益,CONTRACT_SIZE,浮点数,合约乘数,,默认1
EQ_BARRIER,权益,CURRENCY_CODE,字符串,货币代码,,
EQ_BARRIER,权益,DISCOUNT_CURVE,字符串,折现曲线,,引用市场数据折现曲线key
EQ_BARRIER,权益,DOWN_BARRIER,浮点数,下障碍价,,
EQ_BARRIER,权益,INSTRUMENT_ID,字符串,交易编号,,
EQ_BARRIER,权益,KNOCK_OUT_FLAG,字符串,敲出标志,,
EQ_BARRIER,权益,MATURITY_DATE,日期,到期日,,yyyyMMdd
EQ_BARRIER,权益,OPTION_TYPE,字符串,期权类型,Call/Put/Up/Down/Double,
EQ_BARRIER,权益,PAYOFF_LOWER,浮点数,下行赔付,,
EQ_BARRIER,权益,PRICE_CURVE,字符串,价格曲线,,
EQ_BARRIER,权益,PRODUCT_CODE,字符串,产品代码,,
EQ_BARRIER,权益,SETTLE_DATE,日期,结算日,,yyyyMMdd
EQ_BARRIER,权益,TOUCH_BEFORE_FLAG,字符串,触碰前标志,,
EQ_BARRIER,权益,TRADE_DATE,日期,交易日,,yyyyMMdd
EQ_BARRIER,权益,UPPER_BARRIER,浮点数,上障碍价,,Double时须>DOWN_BARRIER
EQ_BARRIER,权益,VOLATILITY_SURFACE,字符串,波动率曲面,,引用市场数据波动率曲面key
EQ_BARRIER,权益,VV_FLAG,布尔,VannaVolga开关,true/false,
EQ_DIGITAL,权益,BASE_PAYOFF,浮点数,基础赔付,,
EQ_DIGITAL,权益,BUY_OR_SELL,字符串,买卖方向,B/S,
EQ_DIGITAL,权益,CALL_OR_PUT,字符串,看涨看跌,Call/Put,
EQ_DIGITAL,权益,CONTRACT_SIZE,浮点数,合约乘数,,默认1
EQ_DIGITAL,权益,CURRENCY_CODE,字符串,货币代码,,
EQ_DIGITAL,权益,DISCOUNT_CURVE,字符串,折现曲线,,引用市场数据折现曲线key
EQ_DIGITAL,权益,INSTRUMENT_ID,字符串,交易编号,,
EQ_DIGITAL,权益,MATURITY_DATE,日期,到期日,,yyyyMMdd
EQ_DIGITAL,权益,PAYOFF_LOWER,浮点数,下行赔付,,
EQ_DIGITAL,权益,PRICE_CURVE,字符串,价格曲线,,
EQ_DIGITAL,权益,PRODUCT_CODE,字符串,产品代码,,
EQ_DIGITAL,权益,SETTLE_DATE,日期,结算日,,yyyyMMdd
EQ_DIGITAL,权益,STRIKE_PRICE,浮点数,行权价,,正数
EQ_DIGITAL,权益,TRADE_DATE,日期,交易日,,yyyyMMdd
EQ_DIGITAL,权益,VOLATILITY_SURFACE,字符串,波动率曲面,,引用市场数据波动率曲面key
EQ_DIGITAL,权益,VV_FLAG,布尔,VannaVolga开关,true/false,
EQ_RANGE_ACCURE,权益,ABS_FLAG,布尔,绝对值标志,,
EQ_RANGE_ACCURE,权益,BUY_OR_SELL,字符串,买卖方向,B/S,
EQ_RANGE_ACCURE,权益,CURRENCY_CODE,字符串,货币代码,,
EQ_RANGE_ACCURE,权益,DISCOUNT_CURVE,字符串,折现曲线,,引用市场数据折现曲线key
EQ_RANGE_ACCURE,权益,DOMESTIC_RATE,浮点数,国内利率,,
EQ_RANGE_ACCURE,权益,EPS,浮点数,扰动步长,,
EQ_RANGE_ACCURE,权益,FIXING_ID,字符串,定盘ID,,
EQ_RANGE_ACCURE,权益,FOREIGN_RATE,浮点数,国外利率,,
EQ_RANGE_ACCURE,权益,INSTRUMENT_ID,字符串,交易编号,,
EQ_RANGE_ACCURE,权益,LOWER_BARRIER,浮点数,下障碍,,
EQ_RANGE_ACCURE,权益,MATURITY_DATE,日期,到期日,,yyyyMMdd
EQ_RANGE_ACCURE,权益,NOTIONAL,浮点数,名义金额,,非负有限数
EQ_RANGE_ACCURE,权益,OBS_DATE,字符串,观察日,,
EQ_RANGE_ACCURE,权益,PRICE_CURVE,字符串,价格曲线,,
EQ_RANGE_ACCURE,权益,PRODUCT_CODE,字符串,产品代码,,
EQ_RANGE_ACCURE,权益,RANGE_ACCURE_RATE,浮点数,区间累积收益率,,
EQ_RANGE_ACCURE,权益,RANGE_DIRECTION,字符串,区间方向,,
EQ_RANGE_ACCURE,权益,SETTLE_CURRENCY_CODE,字符串,结算货币,,
EQ_RANGE_ACCURE,权益,SETTLE_DATE,日期,结算日,,yyyyMMdd
EQ_RANGE_ACCURE,权益,SIGMABYGOALSEEK,浮点数,,,
EQ_RANGE_ACCURE,权益,START_DATE,日期,起息日,,yyyyMMdd
EQ_RANGE_ACCURE,权益,UPPER_BARRIER,浮点数,上障碍价,,Double时须>DOWN_BARRIER
EQ_RANGE_ACCURE,权益,VOLATILITY_SURFACE,字符串,波动率曲面,,引用市场数据波动率曲面key
EQ_SHARKFIN,权益,BASE_CURRENCY_CODE,字符串,基础货币代码,,
EQ_SHARKFIN,权益,BASE_DISCOUNT_CURVE,字符串,基础折现曲线,,
EQ_SHARKFIN,权益,BASE_RATE,浮点数,基础收益率,,
EQ_SHARKFIN,权益,BUY_OR_SELL,字符串,买卖方向,B/S,
EQ_SHARKFIN,权益,CONTRACT_SIZE,浮点数,合约乘数,,默认1
EQ_SHARKFIN,权益,CURRENCY_CODE,字符串,货币代码,,
EQ_SHARKFIN,权益,DISCOUNT_CURVE,字符串,折现曲线,,引用市场数据折现曲线key
EQ_SHARKFIN,权益,DOWN_BARRIER,浮点数,下障碍价,,
EQ_SHARKFIN,权益,FIXING_ID,字符串,定盘ID,,
EQ_SHARKFIN,权益,INSTRUMENT_ID,字符串,交易编号,,
EQ_SHARKFIN,权益,MATURITY_DATE,日期,到期日,,yyyyMMdd
EQ_SHARKFIN,权益,NOTIONAL,浮点数,名义金额,,非负有限数
EQ_SHARKFIN,权益,OPTION_TYPE,字符串,期权类型,Call/Put/Up/Down/Double,
EQ_SHARKFIN,权益,PRICE_CURVE,字符串,价格曲线,,
EQ_SHARKFIN,权益,PRODUCT_CODE,字符串,产品代码,,
EQ_SHARKFIN,权益,SETTLE_CURRENCY_CODE,字符串,结算货币,,
EQ_SHARKFIN,权益,SETTLE_DATE,日期,结算日,,yyyyMMdd
EQ_SHARKFIN,权益,SETTLE_TYPE,字符串,结算方式,Cash/Physical,
EQ_SHARKFIN,权益,START_DATE,日期,起息日,,yyyyMMdd
EQ_SHARKFIN,权益,STRIKE_PRICE,浮点数,行权价,,正数
EQ_SHARKFIN,权益,TOUCH_RATE,浮点数,触碰收益率,,
EQ_SHARKFIN,权益,TRADE_DATE,日期,交易日,,yyyyMMdd
EQ_SHARKFIN,权益,UNDERLYING_CODE,字符串,标的代码,,
EQ_SHARKFIN,权益,UNDERLYING_CURRENCY_CODE,字符串,标的货币代码,,
EQ_SHARKFIN,权益,UNDERLYING_DISCOUNT_CURVE,字符串,标的折现曲线,,
EQ_SHARKFIN,权益,UPPER_BARRIER,浮点数,上障碍价,,Double时须>DOWN_BARRIER
EQ_SHARKFIN,权益,VOLATILITY_SURFACE,字符串,波动率曲面,,引用市场数据波动率曲面key
EQ_SHARKFIN,权益,VV_FLAG,布尔,VannaVolga开关,true/false,
EQ_SPREADOPT,权益,BASE_CURRENCY_CODE,字符串,基础货币代码,,
EQ_SPREADOPT,权益,BUY_OR_SELL,字符串,买卖方向,B/S,
EQ_SPREADOPT,权益,CALL_OR_PUT,字符串,看涨看跌,Call/Put,
EQ_SPREADOPT,权益,CONTRACT_SIZE,浮点数,合约乘数,,默认1
EQ_SPREADOPT,权益,CURRENCY_CODE,字符串,货币代码,,
EQ_SPREADOPT,权益,CURRENCY_PAIR,字符串,货币对,,
EQ_SPREADOPT,权益,DISCOUNT_CURVE,字符串,折现曲线,,引用市场数据折现曲线key
EQ_SPREADOPT,权益,DOWN_BARRIER,浮点数,下障碍价,,
EQ_SPREADOPT,权益,FIXING_ID,字符串,定盘ID,,
EQ_SPREADOPT,权益,INITIAL_PRICE,浮点数,,,
EQ_SPREADOPT,权益,INSTRUMENT_ID,字符串,交易编号,,
EQ_SPREADOPT,权益,MATURITY_DATE,日期,到期日,,yyyyMMdd
EQ_SPREADOPT,权益,NOTIONAL,浮点数,名义金额,,非负有限数
EQ_SPREADOPT,权益,OPTION_TYPE,字符串,期权类型,Call/Put/Up/Down/Double,
EQ_SPREADOPT,权益,PRICE_CURVE,字符串,价格曲线,,
EQ_SPREADOPT,权益,PRODUCT_CODE,字符串,产品代码,,
EQ_SPREADOPT,权益,SETTLE_DATE,日期,结算日,,yyyyMMdd
EQ_SPREADOPT,权益,SETTLE_TYPE,字符串,结算方式,Cash/Physical,
EQ_SPREADOPT,权益,START_DATE,日期,起息日,,yyyyMMdd
EQ_SPREADOPT,权益,STRIKE_PRICE,浮点数,行权价,,正数
EQ_SPREADOPT,权益,TRADE_DATE,日期,交易日,,yyyyMMdd
EQ_SPREADOPT,权益,UNDERLYING_CURRENCY_CODE,字符串,标的货币代码,,
EQ_SPREADOPT,权益,UPPER_BARRIER,浮点数,上障碍价,,Double时须>DOWN_BARRIER
EQ_SPREADOPT,权益,VOLATILITY_SURFACE,字符串,波动率曲面,,引用市场数据波动率曲面key
EQ_SPREADOPT,权益,VV_FLAG,布尔,VannaVolga开关,true/false,
EQ_STEP_UP,权益,ABS_FLAG,布尔,绝对值标志,,
EQ_STEP_UP,权益,BUY_OR_SELL,字符串,买卖方向,B/S,
EQ_STEP_UP,权益,CALL_OR_PUT,字符串,看涨看跌,Call/Put,
EQ_STEP_UP,权益,CURRENCY_CODE,字符串,货币代码,,
EQ_STEP_UP,权益,DAY_COUNT_BASIS,字符串,日计数基准,"actual/365,actual/360,30/360",
EQ_STEP_UP,权益,DISCOUNT_CURVE,字符串,折现曲线,,引用市场数据折现曲线key
EQ_STEP_UP,权益,DOMESTIC_RATE,浮点数,国内利率,,
EQ_STEP_UP,权益,EPS,浮点数,扰动步长,,
EQ_STEP_UP,权益,FIXING_DATE,日期,定盘日,,yyyyMMdd
EQ_STEP_UP,权益,FIXING_ID,字符串,定盘ID,,
EQ_STEP_UP,权益,FOREIGN_RATE,浮点数,国外利率,,
EQ_STEP_UP,权益,HIGH_RATE,浮点数,高收益率,,
EQ_STEP_UP,权益,INSTRUMENT_ID,字符串,交易编号,,
EQ_STEP_UP,权益,LOWER_BARRIER,浮点数,下障碍,,
EQ_STEP_UP,权益,LOW_RATE,浮点数,低收益率,,
EQ_STEP_UP,权益,MATURITY_DATE,日期,到期日,,yyyyMMdd
EQ_STEP_UP,权益,MID_RATE,浮点数,中间收益率,,
EQ_STEP_UP,权益,NOTIONAL,浮点数,名义金额,,非负有限数
EQ_STEP_UP,权益,PRICE_CURVE,字符串,价格曲线,,
EQ_STEP_UP,权益,PRODUCT_CODE,字符串,产品代码,,
EQ_STEP_UP,权益,SETTLE_CURRENCY_CODE,字符串,结算货币,,
EQ_STEP_UP,权益,SETTLE_DATE,日期,结算日,,yyyyMMdd
EQ_STEP_UP,权益,SIGMABYGOALSEEK,浮点数,,,
EQ_STEP_UP,权益,START_DATE,日期,起息日,,yyyyMMdd
EQ_STEP_UP,权益,TRADE_DATE,日期,交易日,,yyyyMMdd
EQ_STEP_UP,权益,UNDERLYING_ID,字符串,标的ID,,
EQ_STEP_UP,权益,UNDERLYING_TYPE,字符串,标的类型,,
EQ_STEP_UP,权益,UPPER_BARRIER,浮点数,上障碍价,,Double时须>DOWN_BARRIER
EQ_STEP_UP,权益,VOLATILITY_SURFACE,字符串,波动率曲面,,引用市场数据波动率曲面key
EQ_STEP_UP,权益,VV_FLAG,布尔,VannaVolga开关,true/false,
EQ_WEDDING_CAKE,权益,ABS_FLAG,布尔,绝对值标志,,
EQ_WEDDING_CAKE,权益,BUY_OR_SELL,字符串,买卖方向,B/S,
EQ_WEDDING_CAKE,权益,CONTRACT_SIZE,浮点数,合约乘数,,默认1
EQ_WEDDING_CAKE,权益,CURRENCY_CODE,字符串,货币代码,,
EQ_WEDDING_CAKE,权益,DISCOUNT_CURVE,字符串,折现曲线,,引用市场数据折现曲线key
EQ_WEDDING_CAKE,权益,EPS,浮点数,扰动步长,,
EQ_WEDDING_CAKE,权益,FIXING_ID,字符串,定盘ID,,
EQ_WEDDING_CAKE,权益,INNER_LOWER_BARRIER,浮点数,内层下障碍,,
EQ_WEDDING_CAKE,权益,INNER_RATE,浮点数,内层收益率,,
EQ_WEDDING_CAKE,权益,INNER_UPPER_BARRIER,浮点数,内层上障碍,,
EQ_WEDDING_CAKE,权益,INSTRUMENT_ID,字符串,交易编号,,
EQ_WEDDING_CAKE,权益,MATURITY_DATE,日期,到期日,,yyyyMMdd
EQ_WEDDING_CAKE,权益,MID_RATE,浮点数,中间收益率,,
EQ_WEDDING_CAKE,权益,NOTIONAL,浮点数,名义金额,,非负有限数
EQ_WEDDING_CAKE,权益,OUTER_LOWER_BARRIER,浮点数,外层下障碍,,
EQ_WEDDING_CAKE,权益,OUTER_UPPER_BARRIER,浮点数,外层上障碍,,
EQ_WEDDING_CAKE,权益,OUT_RATE,浮点数,外层收益率,,
EQ_WEDDING_CAKE,权益,PRICE_CURVE,字符串,价格曲线,,
EQ_WEDDING_CAKE,权益,PRODUCT_CODE,字符串,产品代码,,
EQ_WEDDING_CAKE,权益,SETTLE_CURRENCY_CODE,字符串,结算货币,,
EQ_WEDDING_CAKE,权益,SETTLE_DATE,日期,结算日,,yyyyMMdd
EQ_WEDDING_CAKE,权益,START_DATE,日期,起息日,,yyyyMMdd
EQ_WEDDING_CAKE,权益,TRADE_DATE,日期,交易日,,yyyyMMdd
EQ_WEDDING_CAKE,权益,VOLATILITY_SURFACE,字符串,波动率曲面,,引用市场数据波动率曲面key
EQ_WEDDING_CAKE,权益,VV_FLAG,布尔,VannaVolga开关,true/false,
FXFWD,外汇,BASE_CURRENCY_CODE,字符串,基础货币代码,,
FXFWD,外汇,BASE_CURRENCY_NOTIONAL,浮点数,,,
FXFWD,外汇,BASE_DISCOUNT_CURVE,字符串,基础折现曲线,,
FXFWD,外汇,BUY_OR_SELL,字符串,买卖方向,B/S,
FXFWD,外汇,CURRENCY_PAIR,字符串,货币对,,
FXFWD,外汇,FWD_EXCHANGE_RATE,浮点数,,,
FXFWD,外汇,INSTRUMENT_ID,字符串,交易编号,,
FXFWD,外汇,PRODUCT_CODE,字符串,产品代码,,
FXFWD,外汇,SETTLE_DATE,日期,结算日,,yyyyMMdd
FXFWD,外汇,SETTLE_TYPE,字符串,结算方式,Cash/Physical,
FXFWD,外汇,TRADE_DATE,日期,交易日,,yyyyMMdd
FXFWD,外汇,UNDERLYING_CURRENCY_CODE,字符串,标的货币代码,,
FXFWD,外汇,UNDERLYING_CURRENCY_NOTIONAL,浮点数,,,
FXFWD,外汇,UNDERLYING_DISCOUNT_CURVE,字符串,标的折现曲线,,
FXOPT,外汇,BASE_CURRENCY_CODE,字符串,基础货币代码,,
FXOPT,外汇,BASE_DISCOUNT_CURVE,字符串,基础折现曲线,,
FXOPT,外汇,BUY_OR_SELL,字符串,买卖方向,B/S,
FXOPT,外汇,CALL_OR_PUT,字符串,看涨看跌,Call/Put,
FXOPT,外汇,CONTRACT_SIZE,浮点数,合约乘数,,默认1
FXOPT,外汇,CURRENCY_CODE,字符串,货币代码,,
FXOPT,外汇,CURRENCY_PAIR,字符串,货币对,,
FXOPT,外汇,INSTRUMENT_ID,字符串,交易编号,,
FXOPT,外汇,MATURITY_DATE,日期,到期日,,yyyyMMdd
FXOPT,外汇,OPTION_TYPE,字符串,期权类型,Call/Put/Up/Down/Double,
FXOPT,外汇,PRODUCT_CODE,字符串,产品代码,,
FXOPT,外汇,SETTLE_DATE,日期,结算日,,yyyyMMdd
FXOPT,外汇,SETTLE_TYPE,字符串,结算方式,Cash/Physical,
FXOPT,外汇,STRIKE_PRICE,浮点数,行权价,,正数
FXOPT,外汇,TRADE_DATE,日期,交易日,,yyyyMMdd
FXOPT,外汇,UNDERLYING_CURRENCY_CODE,字符串,标的货币代码,,
FXOPT,外汇,UNDERLYING_DISCOUNT_CURVE,字符串,标的折现曲线,,
FXOPT,外汇,VOLATILITY_SURFACE,字符串,波动率曲面,,引用市场数据波动率曲面key
FXSWAP,外汇,BASE_CURRENCY_CODE,字符串,基础货币代码,,
FXSWAP,外汇,BASE_CURRENCY_NOTIONAL_FWD,浮点数,,,
FXSWAP,外汇,BASE_CURRENCY_NOTIONAL_SPOT,浮点数,,,
FXSWAP,外汇,BASE_DISCOUNT_CURVE,字符串,基础折现曲线,,
FXSWAP,外汇,BUY_OR_SELL,字符串,买卖方向,B/S,
FXSWAP,外汇,CURRENCY_PAIR,字符串,货币对,,
FXSWAP,外汇,FWD_EXCHANGE_RATE,浮点数,,,
FXSWAP,外汇,FWD_SETTLE_DATE,日期,,,
FXSWAP,外汇,INSTRUMENT_ID,字符串,交易编号,,
FXSWAP,外汇,PRODUCT_CODE,字符串,产品代码,,
FXSWAP,外汇,SETTLE_TYPE,字符串,结算方式,Cash/Physical,
FXSWAP,外汇,SPOT_EXCHANGE_RATE,浮点数,,,
FXSWAP,外汇,SPOT_SETTLE_DATE,日期,,,
FXSWAP,外汇,TRADE_DATE,日期,交易日,,yyyyMMdd
FXSWAP,外汇,UNDERLYING_CURRENCY_CODE,字符串,标的货币代码,,
FXSWAP,外汇,UNDERLYING_CURRENCY_NOTIONAL_FWD,浮点数,,,
FXSWAP,外汇,UNDERLYING_CURRENCY_NOTIONAL_SPOT,浮点数,,,
FXSWAP,外汇,UNDERLYING_DISCOUNT_CURVE,字符串,标的折现曲线,,
FX_AUTO_CALL,外汇,BARRIER,浮点数,障碍价,,
FX_AUTO_CALL,外汇,BARRIER_DIRECTION,字符串,障碍方向,Up/Down,
FX_AUTO_CALL,外汇,BASE_CURRENCY_CODE,字符串,基础货币代码,,
FX_AUTO_CALL,外汇,BASE_DISCOUNT_CURVE,字符串,基础折现曲线,,
FX_AUTO_CALL,外汇,BUY_OR_SELL,字符串,买卖方向,B/S,
FX_AUTO_CALL,外汇,CURRENCY_CODE,字符串,货币代码,,
FX_AUTO_CALL,外汇,DISCOUNT_CURVE,字符串,折现曲线,,引用市场数据折现曲线key
FX_AUTO_CALL,外汇,FIXING_ID,字符串,定盘ID,,
FX_AUTO_CALL,外汇,INSTRUMENT_ID,字符串,交易编号,,
FX_AUTO_CALL,外汇,NOTIONAL,浮点数,名义金额,,非负有限数
FX_AUTO_CALL,外汇,OBS_DATE,字符串,观察日,,
FX_AUTO_CALL,外汇,PATH_FLAG,布尔,路径标志,,
FX_AUTO_CALL,外汇,PATH_NB,整数,模拟路径数,,
FX_AUTO_CALL,外汇,PAYOFF_RATE,浮点数,赔付率,,
FX_AUTO_CALL,外汇,PREMIUM_RATE,浮点数,溢价率,,
FX_AUTO_CALL,外汇,PRODUCT_CODE,字符串,产品代码,,
FX_AUTO_CALL,外汇,SETTLE_CALENDAR,字符串,结算日历,,
FX_AUTO_CALL,外汇,SETTLE_DATE,日期,结算日,,yyyyMMdd
FX_AUTO_CALL,外汇,SETTLE_DAYOFF,整数,结算休息日,,
FX_AUTO_CALL,外汇,SETTLE_RULE,字符串,结算规则,,
FX_AUTO_CALL,外汇,START_DATE,日期,起息日,,yyyyMMdd
FX_AUTO_CALL,外汇,UNDERLYING_CURRENCY_CODE,字符串,标的货币代码,,
FX_AUTO_CALL,外汇,UNDERLYING_DISCOUNT_CURVE,字符串,标的折现曲线,,
FX_AUTO_CALL,外汇,VOLATILITY_SURFACE,字符串,波动率曲面,,引用市场数据波动率曲面key
FX_BARRIER,外汇,BASE_CURRENCY_CODE,字符串,基础货币代码,,
FX_BARRIER,外汇,BASE_DISCOUNT_CURVE,字符串,基础折现曲线,,
FX_BARRIER,外汇,BASE_PAYOFF,浮点数,基础赔付,,
FX_BARRIER,外汇,BUY_OR_SELL,字符串,买卖方向,B/S,
FX_BARRIER,外汇,CONTRACT_SIZE,浮点数,合约乘数,,默认1
FX_BARRIER,外汇,CURRENCY_CODE,字符串,货币代码,,
FX_BARRIER,外汇,DISCOUNT_CURVE,字符串,折现曲线,,引用市场数据折现曲线key
FX_BARRIER,外汇,DOWN_BARRIER,浮点数,下障碍价,,
FX_BARRIER,外汇,INSTRUMENT_ID,字符串,交易编号,,
FX_BARRIER,外汇,KNOCK_OUT_FLAG,字符串,敲出标志,,
FX_BARRIER,外汇,MATURITY_DATE,日期,到期日,,yyyyMMdd
FX_BARRIER,外汇,OPTION_TYPE,字符串,期权类型,Call/Put/Up/Down/Double,
FX_BARRIER,外汇,PAYOFF_LOWER,浮点数,下行赔付,,
FX_BARRIER,外汇,PRODUCT_CODE,字符串,产品代码,,
FX_BARRIER,外汇,SETTLE_CURRENCY_CODE,字符串,结算货币,,
FX_BARRIER,外汇,SETTLE_DATE,日期,结算日,,yyyyMMdd
FX_BARRIER,外汇,SETTLE_TYPE,字符串,结算方式,Cash/Physical,
FX_BARRIER,外汇,TOUCH_BEFORE_FLAG,字符串,触碰前标志,,
FX_BARRIER,外汇,TRADE_DATE,日期,交易日,,yyyyMMdd
FX_BARRIER,外汇,UNDERLYING_CURRENCY_CODE,字符串,标的货币代码,,
FX_BARRIER,外汇,UNDERLYING_DISCOUNT_CURVE,字符串,标的折现曲线,,
FX_BARRIER,外汇,UPPER_BARRIER,浮点数,上障碍价,,Double时须>DOWN_BARRIER
FX_BARRIER,外汇,VOLATILITY_SURFACE,字符串,波动率曲面,,引用市场数据波动率曲面key
FX_BARRIER,外汇,VV_FLAG,布尔,VannaVolga开关,true/false,
FX_DIGITAL,外汇,BASE_CURRENCY_CODE,字符串,基础货币代码,,
FX_DIGITAL,外汇,BASE_DISCOUNT_CURVE,字符串,基础折现曲线,,
FX_DIGITAL,外汇,BASE_PAYOFF,浮点数,基础赔付,,
FX_DIGITAL,外汇,BUY_OR_SELL,字符串,买卖方向,B/S,
FX_DIGITAL,外汇,CALL_OR_PUT,字符串,看涨看跌,Call/Put,
FX_DIGITAL,外汇,CONTRACT_SIZE,浮点数,合约乘数,,默认1
FX_DIGITAL,外汇,CURRENCY_CODE,字符串,货币代码,,
FX_DIGITAL,外汇,CURRENCY_PAIR,字符串,货币对,,
FX_DIGITAL,外汇,DISCOUNT_CURVE,字符串,折现曲线,,引用市场数据折现曲线key
FX_DIGITAL,外汇,INSTRUMENT_ID,字符串,交易编号,,
FX_DIGITAL,外汇,MATURITY_DATE,日期,到期日,,yyyyMMdd
FX_DIGITAL,外汇,PAYOFF_LOWER,浮点数,下行赔付,,
FX_DIGITAL,外汇,PRODUCT_CODE,字符串,产品代码,,
FX_DIGITAL,外汇,SETTLE_CURRENCY_CODE,字符串,结算货币,,
FX_DIGITAL,外汇,SETTLE_DATE,日期,结算日,,yyyyMMdd
FX_DIGITAL,外汇,SETTLE_TYPE,字符串,结算方式,Cash/Physical,
FX_DIGITAL,外汇,STRIKE_PRICE,浮点数,行权价,,正数
FX_DIGITAL,外汇,TRADE_DATE,日期,交易日,,yyyyMMdd
FX_DIGITAL,外汇,UNDERLYING_CURRENCY_CODE,字符串,标的货币代码,,
FX_DIGITAL,外汇,UNDERLYING_DISCOUNT_CURVE,字符串,标的折现曲线,,
FX_DIGITAL,外汇,VOLATILITY_SURFACE,字符串,波动率曲面,,引用市场数据波动率曲面key
FX_DIGITAL,外汇,VV_FLAG,布尔,VannaVolga开关,true/false,
FX_MC_SHARKFIN,外汇,BASE_CURRENCY_CODE,字符串,基础货币代码,,
FX_MC_SHARKFIN,外汇,BASE_DISCOUNT_CURVE,字符串,基础折现曲线,,
FX_MC_SHARKFIN,外汇,BUY_OR_SELL,字符串,买卖方向,B/S,
FX_MC_SHARKFIN,外汇,CURRENCY_CODE,字符串,货币代码,,
FX_MC_SHARKFIN,外汇,DISCOUNT_CURVE,字符串,折现曲线,,引用市场数据折现曲线key
FX_MC_SHARKFIN,外汇,DOWN_BARRIER,浮点数,下障碍价,,
FX_MC_SHARKFIN,外汇,DOWN_TOUCH_PAY,浮点数,,,
FX_MC_SHARKFIN,外汇,INSTRUMENT_ID,字符串,交易编号,,
FX_MC_SHARKFIN,外汇,MATURITY_DATE,日期,到期日,,yyyyMMdd
FX_MC_SHARKFIN,外汇,NOTIONAL,浮点数,名义金额,,非负有限数
FX_MC_SHARKFIN,外汇,OBS_DATE,字符串,观察日,,
FX_MC_SHARKFIN,外汇,OPTION_TYPE,字符串,期权类型,Call/Put/Up/Down/Double,
FX_MC_SHARKFIN,外汇,PATH_FLAG,布尔,路径标志,,
FX_MC_SHARKFIN,外汇,PATH_NB,整数,模拟路径数,,
FX_MC_SHARKFIN,外汇,PRODUCT_CODE,字符串,产品代码,,
FX_MC_SHARKFIN,外汇,SETTLE_CURRENCY_CODE,字符串,结算货币,,
FX_MC_SHARKFIN,外汇,SETTLE_DATE,日期,结算日,,yyyyMMdd
FX_MC_SHARKFIN,外汇,START_DATE,日期,起息日,,yyyyMMdd
FX_MC_SHARKFIN,外汇,STRIKE_PRICE,浮点数,行权价,,正数
FX_MC_SHARKFIN,外汇,SWITCH_DATE,日期,,,
FX_MC_SHARKFIN,外汇,UNDERLYING_CURRENCY_CODE,字符串,标的货币代码,,
FX_MC_SHARKFIN,外汇,UNDERLYING_DISCOUNT_CURVE,字符串,标的折现曲线,,
FX_MC_SHARKFIN,外汇,UPPER_BARRIER,浮点数,上障碍价,,Double时须>DOWN_BARRIER
FX_MC_SHARKFIN,外汇,UP_TOUCH_PAY,浮点数,,,
FX_MC_SHARKFIN,外汇,VOLATILITY_SURFACE,字符串,波动率曲面,,引用市场数据波动率曲面key
FX_RANGE_ACCURE,外汇,ABS_FLAG,布尔,绝对值标志,,
FX_RANGE_ACCURE,外汇,BASE_CURRENCY_CODE,字符串,基础货币代码,,
FX_RANGE_ACCURE,外汇,BASE_DISCOUNT_CURVE,字符串,基础折现曲线,,
FX_RANGE_ACCURE,外汇,BUY_OR_SELL,字符串,买卖方向,B/S,
FX_RANGE_ACCURE,外汇,CURRENCY_CODE,字符串,货币代码,,
FX_RANGE_ACCURE,外汇,DISCOUNT_CURVE,字符串,折现曲线,,引用市场数据折现曲线key
FX_RANGE_ACCURE,外汇,DOMESTIC_RATE,浮点数,国内利率,,
FX_RANGE_ACCURE,外汇,EPS,浮点数,扰动步长,,
FX_RANGE_ACCURE,外汇,FIXING_ID,字符串,定盘ID,,
FX_RANGE_ACCURE,外汇,FOREIGN_RATE,浮点数,国外利率,,
FX_RANGE_ACCURE,外汇,INSTRUMENT_ID,字符串,交易编号,,
FX_RANGE_ACCURE,外汇,LOWER_BARRIER,浮点数,下障碍,,
FX_RANGE_ACCURE,外汇,MATURITY_DATE,日期,到期日,,yyyyMMdd
FX_RANGE_ACCURE,外汇,NOTIONAL,浮点数,名义金额,,非负有限数
FX_RANGE_ACCURE,外汇,OBS_DATE,字符串,观察日,,
FX_RANGE_ACCURE,外汇,PRICE_CURVE,字符串,价格曲线,,
FX_RANGE_ACCURE,外汇,PRODUCT_CODE,字符串,产品代码,,
FX_RANGE_ACCURE,外汇,RANGE_ACCURE_RATE,浮点数,区间累积收益率,,
FX_RANGE_ACCURE,外汇,RANGE_DIRECTION,字符串,区间方向,,
FX_RANGE_ACCURE,外汇,SETTLE_CURRENCY_CODE,字符串,结算货币,,
FX_RANGE_ACCURE,外汇,SETTLE_DATE,日期,结算日,,yyyyMMdd
FX_RANGE_ACCURE,外汇,SIGMABYGOALSEEK,浮点数,,,
FX_RANGE_ACCURE,外汇,START_DATE,日期,起息日,,yyyyMMdd
FX_RANGE_ACCURE,外汇,UNDERLYING_CURRENCY_CODE,字符串,标的货币代码,,
FX_RANGE_ACCURE,外汇,UNDERLYING_DISCOUNT_CURVE,字符串,标的折现曲线,,
FX_RANGE_ACCURE,外汇,UNDERLYING_ID,字符串,标的ID,,
FX_RANGE_ACCURE,外汇,UPPER_BARRIER,浮点数,上障碍价,,Double时须>DOWN_BARRIER
FX_RANGE_ACCURE,外汇,VOLATILITY_SURFACE,字符串,波动率曲面,,引用市场数据波动率曲面key
FX_SHARKFIN,外汇,BASE_CURRENCY_CODE,字符串,基础货币代码,,
FX_SHARKFIN,外汇,BASE_DISCOUNT_CURVE,字符串,基础折现曲线,,
FX_SHARKFIN,外汇,BASE_RATE,浮点数,基础收益率,,
FX_SHARKFIN,外汇,BUY_OR_SELL,字符串,买卖方向,B/S,
FX_SHARKFIN,外汇,CONTRACT_SIZE,浮点数,合约乘数,,默认1
FX_SHARKFIN,外汇,CURRENCY_CODE,字符串,货币代码,,
FX_SHARKFIN,外汇,DISCOUNT_CURVE,字符串,折现曲线,,引用市场数据折现曲线key
FX_SHARKFIN,外汇,DOWN_BARRIER,浮点数,下障碍价,,
FX_SHARKFIN,外汇,FIXING_ID,字符串,定盘ID,,
FX_SHARKFIN,外汇,INSTRUMENT_ID,字符串,交易编号,,
FX_SHARKFIN,外汇,MATURITY_DATE,日期,到期日,,yyyyMMdd
FX_SHARKFIN,外汇,NOTIONAL,浮点数,名义金额,,非负有限数
FX_SHARKFIN,外汇,OPTION_TYPE,字符串,期权类型,Call/Put/Up/Down/Double,
FX_SHARKFIN,外汇,PRODUCT_CODE,字符串,产品代码,,
FX_SHARKFIN,外汇,SETTLE_CURRENCY_CODE,字符串,结算货币,,
FX_SHARKFIN,外汇,SETTLE_DATE,日期,结算日,,yyyyMMdd
FX_SHARKFIN,外汇,SETTLE_TYPE,字符串,结算方式,Cash/Physical,
FX_SHARKFIN,外汇,START_DATE,日期,起息日,,yyyyMMdd
FX_SHARKFIN,外汇,STRIKE_PRICE,浮点数,行权价,,正数
FX_SHARKFIN,外汇,TOUCH_RATE,浮点数,触碰收益率,,
FX_SHARKFIN,外汇,TRADE_DATE,日期,交易日,,yyyyMMdd
FX_SHARKFIN,外汇,UNDERLYING_CODE,字符串,标的代码,,
FX_SHARKFIN,外汇,UNDERLYING_CURRENCY_CODE,字符串,标的货币代码,,
FX_SHARKFIN,外汇,UNDERLYING_DISCOUNT_CURVE,字符串,标的折现曲线,,
FX_SHARKFIN,外汇,UPPER_BARRIER,浮点数,上障碍价,,Double时须>DOWN_BARRIER
FX_SHARKFIN,外汇,VOLATILITY_SURFACE,字符串,波动率曲面,,引用市场数据波动率曲面key
FX_SHARKFIN,外汇,VV_FLAG,布尔,VannaVolga开关,true/false,
FX_SPREADOPT,外汇,BASE_CURRENCY_CODE,字符串,基础货币代码,,
FX_SPREADOPT,外汇,BASE_DISCOUNT_CURVE,字符串,基础折现曲线,,
FX_SPREADOPT,外汇,BUY_OR_SELL,字符串,买卖方向,B/S,
FX_SPREADOPT,外汇,CALL_OR_PUT,字符串,看涨看跌,Call/Put,
FX_SPREADOPT,外汇,CONTRACT_SIZE,浮点数,合约乘数,,默认1
FX_SPREADOPT,外汇,CURRENCY_CODE,字符串,货币代码,,
FX_SPREADOPT,外汇,CURRENCY_PAIR,字符串,货币对,,
FX_SPREADOPT,外汇,DOWN_BARRIER,浮点数,下障碍价,,
FX_SPREADOPT,外汇,FIXING_ID,字符串,定盘ID,,
FX_SPREADOPT,外汇,INITIAL_PRICE,浮点数,,,
FX_SPREADOPT,外汇,INSTRUMENT_ID,字符串,交易编号,,
FX_SPREADOPT,外汇,MATURITY_DATE,日期,到期日,,yyyyMMdd
FX_SPREADOPT,外汇,NOTIONAL,浮点数,名义金额,,非负有限数
FX_SPREADOPT,外汇,OPTION_TYPE,字符串,期权类型,Call/Put/Up/Down/Double,
FX_SPREADOPT,外汇,PRODUCT_CODE,字符串,产品代码,,
FX_SPREADOPT,外汇,SETTLE_DATE,日期,结算日,,yyyyMMdd
FX_SPREADOPT,外汇,SETTLE_TYPE,字符串,结算方式,Cash/Physical,
FX_SPREADOPT,外汇,START_DATE,日期,起息日,,yyyyMMdd
FX_SPREADOPT,外汇,STRIKE_PRICE,浮点数,行权价,,正数
FX_SPREADOPT,外汇,TRADE_DATE,日期,交易日,,yyyyMMdd
FX_SPREADOPT,外汇,UNDERLYING_CURRENCY_CODE,字符串,标的货币代码,,
FX_SPREADOPT,外汇,UNDERLYING_DISCOUNT_CURVE,字符串,标的折现曲线,,
FX_SPREADOPT,外汇,UPPER_BARRIER,浮点数,上障碍价,,Double时须>DOWN_BARRIER
FX_SPREADOPT,外汇,VOLATILITY_SURFACE,字符串,波动率曲面,,引用市场数据波动率曲面key
FX_SPREADOPT,外汇,VV_FLAG,布尔,VannaVolga开关,true/false,
FX_STEP_UP,外汇,ABS_FLAG,布尔,绝对值标志,,
FX_STEP_UP,外汇,BASE_CURRENCY_CODE,字符串,基础货币代码,,
FX_STEP_UP,外汇,BASE_DISCOUNT_CURVE,字符串,基础折现曲线,,
FX_STEP_UP,外汇,BUY_OR_SELL,字符串,买卖方向,B/S,
FX_STEP_UP,外汇,CALL_OR_PUT,字符串,看涨看跌,Call/Put,
FX_STEP_UP,外汇,CURRENCY_CODE,字符串,货币代码,,
FX_STEP_UP,外汇,DAY_COUNT_BASIS,字符串,日计数基准,"actual/365,actual/360,30/360",
FX_STEP_UP,外汇,DISCOUNT_CURVE,字符串,折现曲线,,引用市场数据折现曲线key
FX_STEP_UP,外汇,DOMESTIC_RATE,浮点数,国内利率,,
FX_STEP_UP,外汇,EPS,浮点数,扰动步长,,
FX_STEP_UP,外汇,FIXING_DATE,日期,定盘日,,yyyyMMdd
FX_STEP_UP,外汇,FIXING_ID,字符串,定盘ID,,
FX_STEP_UP,外汇,FOREIGN_RATE,浮点数,国外利率,,
FX_STEP_UP,外汇,HIGH_RATE,浮点数,高收益率,,
FX_STEP_UP,外汇,INSTRUMENT_ID,字符串,交易编号,,
FX_STEP_UP,外汇,LOWER_BARRIER,浮点数,下障碍,,
FX_STEP_UP,外汇,LOW_RATE,浮点数,低收益率,,
FX_STEP_UP,外汇,MATURITY_DATE,日期,到期日,,yyyyMMdd
FX_STEP_UP,外汇,MID_RATE,浮点数,中间收益率,,
FX_STEP_UP,外汇,NOTIONAL,浮点数,名义金额,,非负有限数
FX_STEP_UP,外汇,PRODUCT_CODE,字符串,产品代码,,
FX_STEP_UP,外汇,SETTLE_DATE,日期,结算日,,yyyyMMdd
FX_STEP_UP,外汇,SIGMABYGOALSEEK,浮点数,,,
FX_STEP_UP,外汇,START_DATE,日期,起息日,,yyyyMMdd
FX_STEP_UP,外汇,TRADE_DATE,日期,交易日,,yyyyMMdd
FX_STEP_UP,外汇,UNDERLYING_CURRENCY_CODE,字符串,标的货币代码,,
FX_STEP_UP,外汇,UNDERLYING_DISCOUNT_CURVE,字符串,标的折现曲线,,
FX_STEP_UP,外汇,UNDERLYING_ID,字符串,标的ID,,
FX_STEP_UP,外汇,UNDERLYING_TYPE,字符串,标的类型,,
FX_STEP_UP,外汇,UPPER_BARRIER,浮点数,上障碍价,,Double时须>DOWN_BARRIER
FX_STEP_UP,外汇,VOLATILITY_SURFACE,字符串,波动率曲面,,引用市场数据波动率曲面key
FX_STEP_UP,外汇,VV_FLAG,布尔,VannaVolga开关,true/false,
FX_WEDDING_CAKE,外汇,ABS_FLAG,布尔,绝对值标志,,
FX_WEDDING_CAKE,外汇,BASE_CURRENCY_CODE,字符串,基础货币代码,,
FX_WEDDING_CAKE,外汇,BASE_DISCOUNT_CURVE,字符串,基础折现曲线,,
FX_WEDDING_CAKE,外汇,BUY_OR_SELL,字符串,买卖方向,B/S,
FX_WEDDING_CAKE,外汇,CONTRACT_SIZE,浮点数,合约乘数,,默认1
FX_WEDDING_CAKE,外汇,CURRENCY_CODE,字符串,货币代码,,
FX_WEDDING_CAKE,外汇,DISCOUNT_CURVE,字符串,折现曲线,,引用市场数据折现曲线key
FX_WEDDING_CAKE,外汇,EPS,浮点数,扰动步长,,
FX_WEDDING_CAKE,外汇,FIXING_ID,字符串,定盘ID,,
FX_WEDDING_CAKE,外汇,INNER_LOWER_BARRIER,浮点数,内层下障碍,,
FX_WEDDING_CAKE,外汇,INNER_RATE,浮点数,内层收益率,,
FX_WEDDING_CAKE,外汇,INNER_UPPER_BARRIER,浮点数,内层上障碍,,
FX_WEDDING_CAKE,外汇,INSTRUMENT_ID,字符串,交易编号,,
FX_WEDDING_CAKE,外汇,MATURITY_DATE,日期,到期日,,yyyyMMdd
FX_WEDDING_CAKE,外汇,MID_RATE,浮点数,中间收益率,,
FX_WEDDING_CAKE,外汇,NOTIONAL,浮点数,名义金额,,非负有限数
FX_WEDDING_CAKE,外汇,OUTER_LOWER_BARRIER,浮点数,外层下障碍,,
FX_WEDDING_CAKE,外汇,OUTER_UPPER_BARRIER,浮点数,外层上障碍,,
FX_WEDDING_CAKE,外汇,OUT_RATE,浮点数,外层收益率,,
FX_WEDDING_CAKE,外汇,PRODUCT_CODE,字符串,产品代码,,
FX_WEDDING_CAKE,外汇,SETTLE_CURRENCY_CODE,字符串,结算货币,,
FX_WEDDING_CAKE,外汇,SETTLE_DATE,日期,结算日,,yyyyMMdd
FX_WEDDING_CAKE,外汇,START_DATE,日期,起息日,,yyyyMMdd
FX_WEDDING_CAKE,外汇,TRADE_DATE,日期,交易日,,yyyyMMdd
FX_WEDDING_CAKE,外汇,UNDERLYING_CODE,字符串,标的代码,,
FX_WEDDING_CAKE,外汇,UNDERLYING_CURRENCY_CODE,字符串,标的货币代码,,
FX_WEDDING_CAKE,外汇,UNDERLYING_DISCOUNT_CURVE,字符串,标的折现曲线,,
FX_WEDDING_CAKE,外汇,VOLATILITY_SURFACE,字符串,波动率曲面,,引用市场数据波动率曲面key
FX_WEDDING_CAKE,外汇,VV_FLAG,布尔,VannaVolga开关,true/false,
IRSCCS,利率,CURRENCY_CODE,字符串,货币代码,,
IRSCCS,利率,CURRENCY_PAIR,字符串,货币对,,
IRSCCS,利率,DATA_DATE,日期,数据日期,,
IRSCCS,利率,INSTRUMENT_ID,字符串,交易编号,,
IRSCCS,利率,MATURITY_DATE,日期,到期日,,yyyyMMdd
IRSCCS,利率,NOTIONAL_EXCHANGE_TYPE,字符串,,,
IRSCCS,利率,PAY_CURRENCY_CODE,字符串,,,
IRSCCS,利率,PAY_DAY_COUNT_BASIS,字符串,,,
IRSCCS,利率,PAY_DISCOUNT_CURVE,字符串,,,
IRSCCS,利率,PAY_FIXING_CALENDAR,字符串,,,
IRSCCS,利率,PAY_FIXING_CURVE,字符串,,,
IRSCCS,利率,PAY_FIXING_DAYOFF,整数,,,
IRSCCS,利率,PAY_FIXING_FREQ,字符串,,,
IRSCCS,利率,PAY_FIXING_ID,字符串,,,
IRSCCS,利率,PAY_FIXING_RULE,字符串,,,
IRSCCS,利率,PAY_FLOATING_INDEX_FREQ,字符串,,,
IRSCCS,利率,PAY_FLT_DAY_COUNT_BASIS,字符串,,,
IRSCCS,利率,PAY_FREQ,字符串,付息频率,M/Q/S/A,
IRSCCS,利率,PAY_INTEREST,浮点数,,,
IRSCCS,利率,PAY_INTEREST_TYPE,字符串,,,
IRSCCS,利率,PAY_LAST_FIXING_RATE,浮点数,,,
IRSCCS,利率,PAY_NEXT_FIXING_DATE,字符串,,,
IRSCCS,利率,PAY_NOTIONAL,浮点数,支付名义金额,,
IRSCCS,利率,PAY_RESET_FREQ,字符串,,,
IRSCCS,利率,PAY_SETTLE_CALENDAR,字符串,,,
IRSCCS,利率,PAY_SETTLE_DAYOFF,整数,,,
IRSCCS,利率,PAY_SETTLE_RULE,字符串,,,
IRSCCS,利率,PAY_SPREAD,浮点数,,,
IRSCCS,利率,PRODUCT_CODE,字符串,产品代码,,
IRSCCS,利率,REC_CURRENCY_CODE,字符串,,,
IRSCCS,利率,REC_DAY_COUNT_BASIS,字符串,,,
IRSCCS,利率,REC_DISCOUNT_CURVE,字符串,,,
IRSCCS,利率,REC_FIXING_CALENDAR,字符串,,,
IRSCCS,利率,REC_FIXING_CURVE,字符串,,,
IRSCCS,利率,REC_FIXING_DAYOFF,整数,,,
IRSCCS,利率,REC_FIXING_FREQ,字符串,,,
IRSCCS,利率,REC_FIXING_ID,字符串,,,
IRSCCS,利率,REC_FIXING_RULE,字符串,,,
IRSCCS,利率,REC_FLOATING_INDEX_FREQ,字符串,,,
IRSCCS,利率,REC_FLT_DAY_COUNT_BASIS,字符串,,,
IRSCCS,利率,REC_FREQ,字符串,,,
IRSCCS,利率,REC_INTEREST,浮点数,,,
IRSCCS,利率,REC_INTEREST_TYPE,字符串,,,
IRSCCS,利率,REC_LAST_FIXING_RATE,浮点数,,,
IRSCCS,利率,REC_NEXT_FIXING_DATE,日期,,,
IRSCCS,利率,REC_NOTIONAL,浮点数,收取名义金额,,
IRSCCS,利率,REC_RESET_FREQ,字符串,,,
IRSCCS,利率,REC_SETTLE_CALENDAR,字符串,,,
IRSCCS,利率,REC_SETTLE_DAYOFF,整数,,,
IRSCCS,利率,REC_SETTLE_RULE,字符串,,,
IRSCCS,利率,REC_SPREAD,浮点数,,,
IRSCCS,利率,START_DATE,日期,起息日,,yyyyMMdd
IRSCCS,利率,SWAP_TYPE,字符串,互换类型,,
IR_AUTO_CALL,利率,BARRIER,浮点数,障碍价,,
IR_AUTO_CALL,利率,BARRIER_DIRECTION,字符串,障碍方向,Up/Down,
IR_AUTO_CALL,利率,BUY_OR_SELL,字符串,买卖方向,B/S,
IR_AUTO_CALL,利率,CURRENCY_CODE,字符串,货币代码,,
IR_AUTO_CALL,利率,DISCOUNT_CURVE,字符串,折现曲线,,引用市场数据折现曲线key
IR_AUTO_CALL,利率,FIXING_ID,字符串,定盘ID,,
IR_AUTO_CALL,利率,INSTRUMENT_ID,字符串,交易编号,,
IR_AUTO_CALL,利率,NOTIONAL,浮点数,名义金额,,非负有限数
IR_AUTO_CALL,利率,OBS_DATE,字符串,观察日,,
IR_AUTO_CALL,利率,PATH_FLAG,布尔,路径标志,,
IR_AUTO_CALL,利率,PATH_NB,整数,模拟路径数,,
IR_AUTO_CALL,利率,PAYOFF_RATE,浮点数,赔付率,,
IR_AUTO_CALL,利率,PREMIUM_RATE,浮点数,溢价率,,
IR_AUTO_CALL,利率,PRICE_CURVE,字符串,价格曲线,,
IR_AUTO_CALL,利率,PRODUCT_CODE,字符串,产品代码,,
IR_AUTO_CALL,利率,RATE_TYPE,字符串,利率类型,,
IR_AUTO_CALL,利率,SETTLE_CALENDAR,字符串,结算日历,,
IR_AUTO_CALL,利率,SETTLE_DATE,日期,结算日,,yyyyMMdd
IR_AUTO_CALL,利率,SETTLE_DAYOFF,整数,结算休息日,,
IR_AUTO_CALL,利率,SETTLE_RULE,字符串,结算规则,,
IR_AUTO_CALL,利率,START_DATE,日期,起息日,,yyyyMMdd
IR_AUTO_CALL,利率,TERM_CODE,字符串,期限代码,,
IR_AUTO_CALL,利率,TERM_FREQ,字符串,期限频率,,
IR_AUTO_CALL,利率,UNDERLYING_TERM,字符串,,,
IR_AUTO_CALL,利率,VOLATILITY_SURFACE,字符串,波动率曲面,,引用市场数据波动率曲面key
IR_BARRIER,利率,BASE_PAYOFF,浮点数,基础赔付,,
IR_BARRIER,利率,BUY_OR_SELL,字符串,买卖方向,B/S,
IR_BARRIER,利率,CONTRACT_SIZE,浮点数,合约乘数,,默认1
IR_BARRIER,利率,CURRENCY_CODE,字符串,货币代码,,
IR_BARRIER,利率,DISCOUNT_CURVE,字符串,折现曲线,,引用市场数据折现曲线key
IR_BARRIER,利率,DOWN_BARRIER,浮点数,下障碍价,,
IR_BARRIER,利率,FIXING_ID,字符串,定盘ID,,
IR_BARRIER,利率,INSTRUMENT_ID,字符串,交易编号,,
IR_BARRIER,利率,KNOCK_OUT_FLAG,字符串,敲出标志,,
IR_BARRIER,利率,MATURITY_DATE,日期,到期日,,yyyyMMdd
IR_BARRIER,利率,OPTION_TYPE,字符串,期权类型,Call/Put/Up/Down/Double,
IR_BARRIER,利率,PAYOFF_LOWER,浮点数,下行赔付,,
IR_BARRIER,利率,PRICE_CURVE,字符串,价格曲线,,
IR_BARRIER,利率,PRODUCT_CODE,字符串,产品代码,,
IR_BARRIER,利率,RATE_TYPE,字符串,利率类型,,
IR_BARRIER,利率,SETTLE_DATE,日期,结算日,,yyyyMMdd
IR_BARRIER,利率,TERM_CODE,字符串,期限代码,,
IR_BARRIER,利率,TERM_FREQ,字符串,期限频率,,
IR_BARRIER,利率,TOUCH_BEFORE_FLAG,字符串,触碰前标志,,
IR_BARRIER,利率,TRADE_DATE,日期,交易日,,yyyyMMdd
IR_BARRIER,利率,UPPER_BARRIER,浮点数,上障碍价,,Double时须>DOWN_BARRIER
IR_BARRIER,利率,VOLATILITY_SURFACE,字符串,波动率曲面,,引用市场数据波动率曲面key
IR_BARRIER,利率,VV_FLAG,布尔,VannaVolga开关,true/false,
IR_DIGITAL,利率,BASE_PAYOFF,浮点数,基础赔付,,
IR_DIGITAL,利率,BUY_OR_SELL,字符串,买卖方向,B/S,
IR_DIGITAL,利率,CALL_OR_PUT,字符串,看涨看跌,Call/Put,
IR_DIGITAL,利率,CONTRACT_SIZE,浮点数,合约乘数,,默认1
IR_DIGITAL,利率,CURRENCY_CODE,字符串,货币代码,,
IR_DIGITAL,利率,DISCOUNT_CURVE,字符串,折现曲线,,引用市场数据折现曲线key
IR_DIGITAL,利率,FIXING_ID,字符串,定盘ID,,
IR_DIGITAL,利率,INSTRUMENT_ID,字符串,交易编号,,
IR_DIGITAL,利率,MATURITY_DATE,日期,到期日,,yyyyMMdd
IR_DIGITAL,利率,PAYOFF_LOWER,浮点数,下行赔付,,
IR_DIGITAL,利率,PRICE_CURVE,字符串,价格曲线,,
IR_DIGITAL,利率,PRODUCT_CODE,字符串,产品代码,,
IR_DIGITAL,利率,RATE_TYPE,字符串,利率类型,,
IR_DIGITAL,利率,SETTLE_DATE,日期,结算日,,yyyyMMdd
IR_DIGITAL,利率,STRIKE_PRICE,浮点数,行权价,,正数
IR_DIGITAL,利率,TERM_CODE,字符串,期限代码,,
IR_DIGITAL,利率,TERM_FREQ,字符串,期限频率,,
IR_DIGITAL,利率,TRADE_DATE,日期,交易日,,yyyyMMdd
IR_DIGITAL,利率,VOLATILITY_SURFACE,字符串,波动率曲面,,引用市场数据波动率曲面key
IR_DIGITAL,利率,VV_FLAG,布尔,VannaVolga开关,true/false,
IR_RANGE_ACCURE,利率,ABS_FLAG,布尔,绝对值标志,,
IR_RANGE_ACCURE,利率,BUY_OR_SELL,字符串,买卖方向,B/S,
IR_RANGE_ACCURE,利率,CURRENCY_CODE,字符串,货币代码,,
IR_RANGE_ACCURE,利率,DISCOUNT_CURVE,字符串,折现曲线,,引用市场数据折现曲线key
IR_RANGE_ACCURE,利率,DOMESTIC_RATE,浮点数,国内利率,,
IR_RANGE_ACCURE,利率,EPS,浮点数,扰动步长,,
IR_RANGE_ACCURE,利率,FIXING_ID,字符串,定盘ID,,
IR_RANGE_ACCURE,利率,FOREIGN_RATE,浮点数,国外利率,,
IR_RANGE_ACCURE,利率,INSTRUMENT_ID,字符串,交易编号,,
IR_RANGE_ACCURE,利率,LOWER_BARRIER,浮点数,下障碍,,
IR_RANGE_ACCURE,利率,MATURITY_DATE,日期,到期日,,yyyyMMdd
IR_RANGE_ACCURE,利率,NOTIONAL,浮点数,名义金额,,非负有限数
IR_RANGE_ACCURE,利率,OBS_DATE,字符串,观察日,,
IR_RANGE_ACCURE,利率,PRICE_CURVE,字符串,价格曲线,,
IR_RANGE_ACCURE,利率,PRODUCT_CODE,字符串,产品代码,,
IR_RANGE_ACCURE,利率,RANGE_ACCURE_RATE,浮点数,区间累积收益率,,
IR_RANGE_ACCURE,利率,RANGE_DIRECTION,字符串,区间方向,,
IR_RANGE_ACCURE,利率,RATE_TYPE,字符串,利率类型,,
IR_RANGE_ACCURE,利率,SETTLE_CURRENCY_CODE,字符串,结算货币,,
IR_RANGE_ACCURE,利率,SETTLE_DATE,日期,结算日,,yyyyMMdd
IR_RANGE_ACCURE,利率,SIGMABYGOALSEEK,浮点数,,,
IR_RANGE_ACCURE,利率,START_DATE,日期,起息日,,yyyyMMdd
IR_RANGE_ACCURE,利率,TERM_CODE,字符串,期限代码,,
IR_RANGE_ACCURE,利率,TERM_FREQ,字符串,期限频率,,
IR_RANGE_ACCURE,利率,UPPER_BARRIER,浮点数,上障碍价,,Double时须>DOWN_BARRIER
IR_RANGE_ACCURE,利率,VOLATILITY_SURFACE,字符串,波动率曲面,,引用市场数据波动率曲面key
IR_SHARKFIN,利率,BASE_CURRENCY_CODE,字符串,基础货币代码,,
IR_SHARKFIN,利率,BASE_DISCOUNT_CURVE,字符串,基础折现曲线,,
IR_SHARKFIN,利率,BASE_RATE,浮点数,基础收益率,,
IR_SHARKFIN,利率,BUY_OR_SELL,字符串,买卖方向,B/S,
IR_SHARKFIN,利率,CONTRACT_SIZE,浮点数,合约乘数,,默认1
IR_SHARKFIN,利率,CURRENCY_CODE,字符串,货币代码,,
IR_SHARKFIN,利率,DISCOUNT_CURVE,字符串,折现曲线,,引用市场数据折现曲线key
IR_SHARKFIN,利率,DOWN_BARRIER,浮点数,下障碍价,,
IR_SHARKFIN,利率,FIXING_ID,字符串,定盘ID,,
IR_SHARKFIN,利率,INSTRUMENT_ID,字符串,交易编号,,
IR_SHARKFIN,利率,MATURITY_DATE,日期,到期日,,yyyyMMdd
IR_SHARKFIN,利率,NOTIONAL,浮点数,名义金额,,非负有限数
IR_SHARKFIN,利率,OPTION_TYPE,字符串,期权类型,Call/Put/Up/Down/Double,
IR_SHARKFIN,利率,PRICE_CURVE,字符串,价格曲线,,
IR_SHARKFIN,利率,PRODUCT_CODE,字符串,产品代码,,
IR_SHARKFIN,利率,RATE_TYPE,字符串,利率类型,,
IR_SHARKFIN,利率,SETTLE_CURRENCY_CODE,字符串,结算货币,,
IR_SHARKFIN,利率,SETTLE_DATE,日期,结算日,,yyyyMMdd
IR_SHARKFIN,利率,SETTLE_TYPE,字符串,结算方式,Cash/Physical,
IR_SHARKFIN,利率,START_DATE,日期,起息日,,yyyyMMdd
IR_SHARKFIN,利率,STRIKE_PRICE,浮点数,行权价,,正数
IR_SHARKFIN,利率,TERM_CODE,字符串,期限代码,,
IR_SHARKFIN,利率,TERM_FREQ,字符串,期限频率,,
IR_SHARKFIN,利率,TOUCH_RATE,浮点数,触碰收益率,,
IR_SHARKFIN,利率,TRADE_DATE,日期,交易日,,yyyyMMdd
IR_SHARKFIN,利率,UNDERLYING_CODE,字符串,标的代码,,
IR_SHARKFIN,利率,UNDERLYING_CURRENCY_CODE,字符串,标的货币代码,,
IR_SHARKFIN,利率,UNDERLYING_DISCOUNT_CURVE,字符串,标的折现曲线,,
IR_SHARKFIN,利率,UPPER_BARRIER,浮点数,上障碍价,,Double时须>DOWN_BARRIER
IR_SHARKFIN,利率,VOLATILITY_SURFACE,字符串,波动率曲面,,引用市场数据波动率曲面key
IR_SHARKFIN,利率,VV_FLAG,布尔,VannaVolga开关,true/false,
IR_SPREADOPT,利率,BASE_CURRENCY_CODE,字符串,基础货币代码,,
IR_SPREADOPT,利率,BUY_OR_SELL,字符串,买卖方向,B/S,
IR_SPREADOPT,利率,CALL_OR_PUT,字符串,看涨看跌,Call/Put,
IR_SPREADOPT,利率,CONTRACT_SIZE,浮点数,合约乘数,,默认1
IR_SPREADOPT,利率,CURRENCY_CODE,字符串,货币代码,,
IR_SPREADOPT,利率,CURRENCY_PAIR,字符串,货币对,,
IR_SPREADOPT,利率,DISCOUNT_CURVE,字符串,折现曲线,,引用市场数据折现曲线key
IR_SPREADOPT,利率,DOWN_BARRIER,浮点数,下障碍价,,
IR_SPREADOPT,利率,FIXING_ID,字符串,定盘ID,,
IR_SPREADOPT,利率,INITIAL_PRICE,浮点数,,,
IR_SPREADOPT,利率,INSTRUMENT_ID,字符串,交易编号,,
IR_SPREADOPT,利率,MATURITY_DATE,日期,到期日,,yyyyMMdd
IR_SPREADOPT,利率,NOTIONAL,浮点数,名义金额,,非负有限数
IR_SPREADOPT,利率,OPTION_TYPE,字符串,期权类型,Call/Put/Up/Down/Double,
IR_SPREADOPT,利率,PRICE_CURVE,字符串,价格曲线,,
IR_SPREADOPT,利率,PRODUCT_CODE,字符串,产品代码,,
IR_SPREADOPT,利率,RATE_TYPE,字符串,利率类型,,
IR_SPREADOPT,利率,SETTLE_DATE,日期,结算日,,yyyyMMdd
IR_SPREADOPT,利率,SETTLE_TYPE,字符串,结算方式,Cash/Physical,
IR_SPREADOPT,利率,START_DATE,日期,起息日,,yyyyMMdd
IR_SPREADOPT,利率,STRIKE_PRICE,浮点数,行权价,,正数
IR_SPREADOPT,利率,TERM_CODE,字符串,期限代码,,
IR_SPREADOPT,利率,TERM_FREQ,字符串,期限频率,,
IR_SPREADOPT,利率,TRADE_DATE,日期,交易日,,yyyyMMdd
IR_SPREADOPT,利率,UNDERLYING_CURRENCY_CODE,字符串,标的货币代码,,
IR_SPREADOPT,利率,UPPER_BARRIER,浮点数,上障碍价,,Double时须>DOWN_BARRIER
IR_SPREADOPT,利率,VOLATILITY_SURFACE,字符串,波动率曲面,,引用市场数据波动率曲面key
IR_SPREADOPT,利率,VV_FLAG,布尔,VannaVolga开关,true/false,
IR_STEP_UP,利率,ABS_FLAG,布尔,绝对值标志,,
IR_STEP_UP,利率,BUY_OR_SELL,字符串,买卖方向,B/S,
IR_STEP_UP,利率,CALL_OR_PUT,字符串,看涨看跌,Call/Put,
IR_STEP_UP,利率,CURRENCY_CODE,字符串,货币代码,,
IR_STEP_UP,利率,DAY_COUNT_BASIS,字符串,日计数基准,"actual/365,actual/360,30/360",
IR_STEP_UP,利率,DISCOUNT_CURVE,字符串,折现曲线,,引用市场数据折现曲线key
IR_STEP_UP,利率,DOMESTIC_RATE,浮点数,国内利率,,
IR_STEP_UP,利率,EPS,浮点数,扰动步长,,
IR_STEP_UP,利率,FIXING_DATE,日期,定盘日,,yyyyMMdd
IR_STEP_UP,利率,FIXING_ID,字符串,定盘ID,,
IR_STEP_UP,利率,FOREIGN_RATE,浮点数,国外利率,,
IR_STEP_UP,利率,HIGH_RATE,浮点数,高收益率,,
IR_STEP_UP,利率,INSTRUMENT_ID,字符串,交易编号,,
IR_STEP_UP,利率,LOWER_BARRIER,浮点数,下障碍,,
IR_STEP_UP,利率,LOW_RATE,浮点数,低收益率,,
IR_STEP_UP,利率,MATURITY_DATE,日期,到期日,,yyyyMMdd
IR_STEP_UP,利率,MID_RATE,浮点数,中间收益率,,
IR_STEP_UP,利率,NOTIONAL,浮点数,名义金额,,非负有限数
IR_STEP_UP,利率,PRICE_CURVE,字符串,价格曲线,,
IR_STEP_UP,利率,PRODUCT_CODE,字符串,产品代码,,
IR_STEP_UP,利率,SETTLE_CURRENCY_CODE,字符串,结算货币,,
IR_STEP_UP,利率,SETTLE_DATE,日期,结算日,,yyyyMMdd
IR_STEP_UP,利率,SIGMABYGOALSEEK,浮点数,,,
IR_STEP_UP,利率,START_DATE,日期,起息日,,yyyyMMdd
IR_STEP_UP,利率,TERM_DAYS,长整数,,,
IR_STEP_UP,利率,TRADE_DATE,日期,交易日,,yyyyMMdd
IR_STEP_UP,利率,UNDERLYING_ID,字符串,标的ID,,
IR_STEP_UP,利率,UNDERLYING_TYPE,字符串,标的类型,,
IR_STEP_UP,利率,UPPER_BARRIER,浮点数,上障碍价,,Double时须>DOWN_BARRIER
IR_STEP_UP,利率,VOLATILITY_SURFACE,字符串,波动率曲面,,引用市场数据波动率曲面key
IR_STEP_UP,利率,VV_FLAG,布尔,VannaVolga开关,true/false,
IR_WEDDING_CAKE,利率,ABS_FLAG,布尔,绝对值标志,,
IR_WEDDING_CAKE,利率,BUY_OR_SELL,字符串,买卖方向,B/S,
IR_WEDDING_CAKE,利率,CONTRACT_SIZE,浮点数,合约乘数,,默认1
IR_WEDDING_CAKE,利率,CURRENCY_CODE,字符串,货币代码,,
IR_WEDDING_CAKE,利率,DISCOUNT_CURVE,字符串,折现曲线,,引用市场数据折现曲线key
IR_WEDDING_CAKE,利率,EPS,浮点数,扰动步长,,
IR_WEDDING_CAKE,利率,FIXING_ID,字符串,定盘ID,,
IR_WEDDING_CAKE,利率,INNER_LOWER_BARRIER,浮点数,内层下障碍,,
IR_WEDDING_CAKE,利率,INNER_RATE,浮点数,内层收益率,,
IR_WEDDING_CAKE,利率,INNER_UPPER_BARRIER,浮点数,内层上障碍,,
IR_WEDDING_CAKE,利率,INSTRUMENT_ID,字符串,交易编号,,
IR_WEDDING_CAKE,利率,MATURITY_DATE,日期,到期日,,yyyyMMdd
IR_WEDDING_CAKE,利率,MID_RATE,浮点数,中间收益率,,
IR_WEDDING_CAKE,利率,NOTIONAL,浮点数,名义金额,,非负有限数
IR_WEDDING_CAKE,利率,OUTER_LOWER_BARRIER,浮点数,外层下障碍,,
IR_WEDDING_CAKE,利率,OUTER_UPPER_BARRIER,浮点数,外层上障碍,,
IR_WEDDING_CAKE,利率,OUT_RATE,浮点数,外层收益率,,
IR_WEDDING_CAKE,利率,PRICE_CURVE,字符串,价格曲线,,
IR_WEDDING_CAKE,利率,PRODUCT_CODE,字符串,产品代码,,
IR_WEDDING_CAKE,利率,RATE_TYPE,字符串,利率类型,,
IR_WEDDING_CAKE,利率,SETTLE_CURRENCY_CODE,字符串,结算货币,,
IR_WEDDING_CAKE,利率,SETTLE_DATE,日期,结算日,,yyyyMMdd
IR_WEDDING_CAKE,利率,START_DATE,日期,起息日,,yyyyMMdd
IR_WEDDING_CAKE,利率,TERM_CODE,字符串,期限代码,,
IR_WEDDING_CAKE,利率,TERM_FREQ,字符串,期限频率,,
IR_WEDDING_CAKE,利率,TRADE_DATE,日期,交易日,,yyyyMMdd
IR_WEDDING_CAKE,利率,VOLATILITY_SURFACE,字符串,波动率曲面,,引用市场数据波动率曲面key
IR_WEDDING_CAKE,利率,VV_FLAG,布尔,VannaVolga开关,true/false,
STD_IRS,利率,BUY_OR_SELL,字符串,买卖方向,B/S,
STD_IRS,利率,CURRENCY_CODE,字符串,货币代码,,
STD_IRS,利率,DAY_COUNT_BASIS,字符串,日计数基准,"actual/365,actual/360,30/360",
STD_IRS,利率,FIXING_CURVE,字符串,定盘曲线,,引用市场数据定盘曲线key
STD_IRS,利率,INSTRUMENT_ID,字符串,交易编号,,
STD_IRS,利率,MATURITY_DATE,日期,到期日,,yyyyMMdd
STD_IRS,利率,NOTIONAL,浮点数,名义金额,,非负有限数
STD_IRS,利率,PRODUCT_CODE,字符串,产品代码,,
STD_IRS,利率,SETTLE_CALENDAR,字符串,结算日历,,
STD_IRS,利率,TERM_CODE,字符串,期限代码,,
STD_IRS,利率,TRADE_PRICE,浮点数,,,
SWAPTION,利率,BUY_OR_SELL,字符串,买卖方向,B/S,
SWAPTION,利率,CALL_OR_PUT,字符串,看涨看跌,Call/Put,
SWAPTION,利率,CURRENCY_CODE,字符串,货币代码,,
SWAPTION,利率,DISCOUNT_CURVE,字符串,折现曲线,,引用市场数据折现曲线key
SWAPTION,利率,FIXED_DAY_COUNT_BASIS,字符串,,,
SWAPTION,利率,FIXED_RATE,浮点数,,,
SWAPTION,利率,FIXING_CALENDAR,字符串,,,
SWAPTION,利率,FIXING_CURVE,字符串,定盘曲线,,引用市场数据定盘曲线key
SWAPTION,利率,FIXING_DAYOFF,整数,,,
SWAPTION,利率,FIXING_FREQ,字符串,定盘频率,,
SWAPTION,利率,FIXING_ID,字符串,定盘ID,,
SWAPTION,利率,FIXING_INDEX,字符串,,,
SWAPTION,利率,FIXING_RULE,字符串,,,
SWAPTION,利率,FLT_DAY_COUNT_BASIS,字符串,,,
SWAPTION,利率,INSTRUMENT_ID,字符串,交易编号,,
SWAPTION,利率,LAST_FIXING_RATE,字符串,,,
SWAPTION,利率,MATURITY_DATE,日期,到期日,,yyyyMMdd
SWAPTION,利率,NOTIONAL,浮点数,名义金额,,非负有限数
SWAPTION,利率,OPTION_TYPE,字符串,期权类型,Call/Put/Up/Down/Double,
SWAPTION,利率,PRODUCT_CODE,字符串,产品代码,,
SWAPTION,利率,RESET_FREQ,字符串,重置频率,M/Q/S/A,
SWAPTION,利率,TRADE_DATE,日期,交易日,,yyyyMMdd
SWAPTION,利率,UNDERLYING_FREQ,字符串,,,
SWAPTION,利率,UNDERLYING_MATURITY_DATE,日期,,,
SWAPTION,利率,UNDERLYING_SETTLE_CALENDAR,字符串,,,
SWAPTION,利率,UNDERLYING_SETTLE_DAYOFF,整数,,,
SWAPTION,利率,UNDERLYING_SETTLE_RULE,字符串,,,
SWAPTION,利率,UNDERLYING_START_DATE,日期,,,
SWAPTION,利率,VALUATION_MODEL,字符串,,,
SWAPTION,利率,VOLATILITY_SURFACE,字符串,波动率曲面,,引用市场数据波动率曲面key
