产品类型,资产大类,字段,Java字段名,字段类型,字段含义,值域,特殊规则
AUTO_CALL,综合,BARRIER,barrier,浮点数,AutoCall障碍价,,PAYOFF_TYPE=AUTO_CALL时运行时校验
AUTO_CALL,综合,BARRIER_DIRECTION,barrierDirection,字符串,AutoCall障碍方向,UP|DOWN,PAYOFF_TYPE=AUTO_CALL时运行时校验
AUTO_CALL,综合,BASE_CURRENCY_CODE,baseCurrencyCode,字符串,FX基础货币,,UNDERLYING_TYPE=FX时运行时校验
AUTO_CALL,综合,BASE_DISCOUNT_CURVE,baseDiscountCurve,字符串,FX基础货币折现曲线,,UNDERLYING_TYPE=FX时运行时校验
AUTO_CALL,综合,BUY_OR_SELL,buyOrSell,字符串,买卖方向,B|S,运行时校验
AUTO_CALL,综合,CURRENCY_CODE,currencyCode,字符串,估值币种,,运行时校验
AUTO_CALL,综合,DISCOUNT_CURVE,discountCurve,字符串,估值折现曲线,,运行时校验
AUTO_CALL,综合,FRTB_COMM_ASSET,frtbCommAsset,字符串,FRTB商品资产名称,,UNDERLYING_TYPE=COMM时用于FRTB
AUTO_CALL,综合,FRTB_COMM_BUCKET,frtbCommBucket,字符串,FRTB商品Bucket,,UNDERLYING_TYPE=COMM时用于FRTB
AUTO_CALL,综合,FRTB_COMM_LOCATION,frtbCommLocation,字符串,FRTB商品地区,,UNDERLYING_TYPE=COMM时用于FRTB
AUTO_CALL,综合,FRTB_EQ_BUCKET,frtbEqBucket,字符串,FRTB权益Bucket,,UNDERLYING_TYPE=EQ时用于FRTB
AUTO_CALL,综合,INSTRUMENT_ID,instrumentId,字符串,交易编号,,运行时校验
AUTO_CALL,综合,MATURITY_DATE,maturityDate,日期,到期日,,部分payoff使用
AUTO_CALL,综合,MODEL_PARAMS,modelParams,JSON,路径模型扩展参数,,LOCAL_VOL/HESTON等模型使用
AUTO_CALL,综合,MODEL_TYPE,modelType,字符串,路径模型类型,CONST_VOL|LOCAL_VOL|HESTON,默认值=CONST_VOL
AUTO_CALL,综合,NOTIONAL,notional,浮点数,名义金额,,PAYOFF_TYPE=AUTO_CALL时运行时校验
AUTO_CALL,综合,OBS_DATES,obsDates,字符串,观察日序列,,逗号分隔yyyyMMdd；运行时校验
AUTO_CALL,综合,PATH_FLAG,pathFlag,布尔,路径输出开关,true|false,默认值=false
AUTO_CALL,综合,PATH_NB,pathNb,整数,模拟路径数,,默认值=10000
AUTO_CALL,综合,PAYOFF_PARAMS,payoffParams,JSON,Payoff扩展参数,,未传时AUTO_CALL使用平铺字段
AUTO_CALL,综合,PAYOFF_RATE,payoffRate,浮点数,AutoCall敲出收益率,,PAYOFF_TYPE=AUTO_CALL时运行时校验
AUTO_CALL,综合,PAYOFF_TYPE,payoffType,字符串,Payoff类型,AUTO_CALL,运行时校验
AUTO_CALL,综合,PREMIUM_RATE,premiumRate,浮点数,AutoCall溢价率,,PAYOFF_TYPE=AUTO_CALL时运行时校验
AUTO_CALL,综合,PRODUCT_CODE,productCode,字符串,产品代码,AUTO_CALL,固定值=AUTO_CALL
AUTO_CALL,综合,REFERENCE_CURVE,referenceCurve,字符串,标的价格曲线,,UNDERLYING_TYPE=EQ/COMM时运行时校验
AUTO_CALL,综合,SETTLE_DATE,settleDate,日期,结算日,,运行时校验
AUTO_CALL,综合,START_DATE,startDate,日期,起息日,,运行时校验
AUTO_CALL,综合,UNDERLYING_CODE,underlyingCode,字符串,标的代码,,用于结果明细或FRTB
AUTO_CALL,综合,UNDERLYING_CURRENCY_CODE,underlyingCurrencyCode,字符串,FX标的货币,,UNDERLYING_TYPE=FX时运行时校验
AUTO_CALL,综合,UNDERLYING_DISCOUNT_CURVE,underlyingDiscountCurve,字符串,FX标的货币折现曲线,,UNDERLYING_TYPE=FX时运行时校验
AUTO_CALL,综合,UNDERLYING_TYPE,underlyingType,字符串,标的类型,FX|EQ|COMM|IR,运行时校验；严格按字段识别
AUTO_CALL,综合,VOLATILITY_SURFACE,volatilitySurface,字符串,波动率曲面,,运行时校验
BOND,利率,ABS_FLAG,absFlag,布尔,,,数据域=TRADE；默认值=false
BOND,利率,AMORTIZATION_SCHEDULE,amortizationSchedule,List<StructuredCashflow.AmortizationEntry>,摊销计划,,"JSON数组[{date,principal,rate}]"
BOND,利率,BOND_ID,bondId,字符串,,,
BOND,利率,CALLPUT_DATES,callPutDates,字符串,,,
BOND,利率,COUPON_PRORATED,couponProrated,布尔,,,数据域=TRADE；默认值=true
BOND,利率,CREDIT_SPREAD_CURVE,creditSpreadCurve,字符串,信用点差曲线,,
BOND,利率,CURRENCY_CODE,currencyCode,字符串,货币代码,,数据域=TRADE；必填(校验规则)
BOND,利率,DATA_DATE,dataDate,日期,,,
BOND,利率,DAY_COUNT_BASIS,dayCountBasis,字符串,日计数基准,"actual/365,actual/360,30/360",数据域=TRADE；必填(校验规则)；默认值=Actual/365
BOND,利率,DIRTY_PRICE,dirtyPrice,浮点数,脏价,,
BOND,利率,DISCOUNT_CURVE,discountCurve,字符串,折现曲线,,引用市场数据折现曲线key
BOND,利率,DRC_FLAG,drcFlag,字符串,,,
BOND,利率,DRC_LGD,lgd,浮点数,,,数据域=TRADE；默认值=0.75
BOND,利率,FIXING_FREQ,fixingFreq,字符串,定盘频率,,
BOND,利率,FIXING_ID,fixingId,字符串,定盘ID,,
BOND,利率,FRTB_CSR_BUCKET,frtbCsrBucket,字符串,,,
BOND,利率,FRTB_NSEC_DRC_BUCKET,frtbNsecDrcBucket,字符串,,,
BOND,利率,FRTB_SECNCTP_DRC_RW,frtbSecnctpDrcRw,浮点数,,,
BOND,利率,FRTB_SECNCTP_DRC_TYPE,frtbSecnctpDrcType,字符串,,,
BOND,利率,INCLUDE_TODAY_CASHFLOW,includeTodayCashflow,布尔,,,数据域=TRADE；默认值=true
BOND,利率,INSTRUMENT_ID,instrumentId,字符串,交易编号,,数据域=TRADE；通用校验字段(存在时校验)
BOND,利率,INTEREST_RATE,interestRate,浮点数,利率,,数据域=TRADE；必填(校验规则)；默认值=0
BOND,利率,INTEREST_STUB,interestStub,字符串,,,数据域=TRADE；默认值=LongStart
BOND,利率,INTEREST_TYPE,interestType,字符串,利率类型,Fixed|Floating,数据域=TRADE；必填(校验规则)；默认值=Fixed
BOND,利率,ISSUER,issuer,字符串,,,
BOND,利率,ISSUER_RATING,issuerRating,字符串,,,数据域=TRADE；默认值=Unrated
BOND,利率,ISSUE_DATE,issueDate,日期,发行日,,yyyyMMdd；数据域=TRADE；必填(校验规则)
BOND,利率,LAST_RESET_RATE,lastResetRate,浮点数,,,数据域=TRADE；默认值=0
BOND,利率,MATURITY_DATE,maturityDate,日期,到期日,,yyyyMMdd；数据域=TRADE；必填(校验规则)
BOND,利率,NOTIONAL,notional,浮点数,名义金额,,非负有限数；数据域=TRADE；必填(校验规则)；默认值=100
BOND,利率,OPTION_BOND_FLAG,optionBondFlag,布尔,,,
BOND,利率,PAY_FREQ,payFreq,字符串,付息频率,M/Q/S/A,数据域=TRADE；必填(校验规则)
BOND,利率,POSITION_TRADE,positionTrade,浮点数,头寸方向,,数据域=TRADE；必填(校验规则)；默认值=1
BOND,利率,PRODUCT_CODE,productCode,字符串,产品代码,,数据域=TRADE；通用校验字段(存在时校验)
BOND,利率,REFERENCE_CURVE,referenceCurve,字符串,定盘曲线,,引用市场数据定盘曲线key
BOND,利率,RESET_DAYOFF,resetDayoff,浮点数,,,数据域=TRADE；默认值=0
BOND,利率,RESET_FREQ,resetFreq,字符串,重置频率,M/Q/S/A,
BOND,利率,RESET_RULE,resetRule,字符串,,,数据域=TRADE；默认值=Regular_Preceding
BOND,利率,SETTLE_CALENDAR,settleCalendar,字符串,结算日历,,
BOND,利率,SETTLE_DAYOFF,settleDayoff,浮点数,,,数据域=TRADE；默认值=0
BOND,利率,SETTLE_RULE,settleRule,字符串,,,数据域=TRADE；默认值=Regular_Following
BOND,利率,SPREAD,spread,浮点数,点差,,数据域=TRADE；默认值=0
BOND_FUTURE,利率,ABS_FLAG,absFlag,布尔,,,数据域=UNDERLYING_DATA；默认值=false
BOND_FUTURE,利率,CONVERT_FACTORS,convertFactors,JSONArray,,,
BOND_FUTURE,利率,CURRENCY_CODE,currencyCode,字符串,货币代码,,
BOND_FUTURE,利率,DISCOUNT_CURVE,discountCurve,字符串,折现曲线,,引用市场数据折现曲线key
BOND_FUTURE,利率,FRTB_CSR_BUCKET,frtbCsrBucket,字符串,,,
BOND_FUTURE,利率,FUTURE_PRICE,futurePrice,浮点数,,,
BOND_FUTURE,利率,INSTRUMENT_ID,instrumentId,字符串,交易编号,,数据域=TRADE；通用校验字段(存在时校验)
BOND_FUTURE,利率,ISSUER,issuer,字符串,,,
BOND_FUTURE,利率,MATURITY_DATE,maturityDate,日期,到期日,,yyyyMMdd；数据域=TRADE/UNDERLYING_DATA；必填(校验规则)
BOND_FUTURE,利率,PRODUCT_CODE,productCode,字符串,产品代码,,数据域=TRADE；通用校验字段(存在时校验)
BOND_FUTURE,利率,UNDERLYING_POSITION,underlyingPosition,浮点数,,,数据域=TRADE；必填(校验规则)；默认值=1
CAPFLOOR,利率,BUY_OR_SELL,buyOrSell,字符串,买卖方向,B/S,
CAPFLOOR,利率,CAP_OR_FLOOR,capOrFloor,字符串,,,
CAPFLOOR,利率,CURRENCY_CODE,currencyCode,字符串,货币代码,,
CAPFLOOR,利率,DATA_DATE,dataDate,日期,,,
CAPFLOOR,利率,DAY_COUNT_BASIS,dayCountBasis,字符串,日计数基准,"actual/365,actual/360,30/360",数据域=TRADE；默认值=Actual/365
CAPFLOOR,利率,DISCOUNT_CURVE,discountCurve,字符串,折现曲线,,引用市场数据折现曲线key
CAPFLOOR,利率,FIXING_CALENDAR,fixingCalendar,字符串,,,
CAPFLOOR,利率,FIXING_DAYOFF,fixingDayoff,浮点数,,,数据域=TRADE；默认值=0
CAPFLOOR,利率,FIXING_FREQ,fixingFreq,字符串,定盘频率,,
CAPFLOOR,利率,FIXING_ID,fixingId,字符串,定盘ID,,
CAPFLOOR,利率,FIXING_RULE,fixingRule,字符串,,,数据域=TRADE；默认值=Regular_Preceding
CAPFLOOR,利率,INSTRUMENT_ID,instrumentId,字符串,交易编号,,数据域=TRADE；通用校验字段(存在时校验)
CAPFLOOR,利率,MATURITY_DATE,maturityDate,日期,到期日,,yyyyMMdd
CAPFLOOR,利率,NOTIONAL,notional,浮点数,名义金额,,非负有限数
CAPFLOOR,利率,PAY_FREQ,payFreq,字符串,付息频率,M/Q/S/A,
CAPFLOOR,利率,PRODUCT_CODE,productCode,字符串,产品代码,,数据域=TRADE；通用校验字段(存在时校验)
CAPFLOOR,利率,REFERENCE_CURVE,referenceCurve,字符串,定盘曲线,,引用市场数据定盘曲线key
CAPFLOOR,利率,RESET_FREQ,resetFreq,字符串,重置频率,M/Q/S/A,
CAPFLOOR,利率,SETTLE_CALENDAR,settleCalendar,字符串,结算日历,,
CAPFLOOR,利率,SETTLE_DAYOFF,settleDayoff,浮点数,,,数据域=TRADE；默认值=0
CAPFLOOR,利率,SETTLE_RULE,settleRule,字符串,,,数据域=TRADE；默认值=Regular_Following
CAPFLOOR,利率,START_DATE,startDate,日期,起息日,,yyyyMMdd
CAPFLOOR,利率,STRIKE_RATE,strikeRate,浮点数,,,
CAPFLOOR,利率,VALUATION_MODEL,valuationModel,字符串,估值模型,BACHELIER/BLACK76,
CAPFLOOR,利率,VOLATILITY_SURFACE,volatilitySurface,字符串,波动率曲面,,引用市场数据波动率曲面key
CDS,信用,BUY_OR_SELL,buyOrSell,字符串,买卖方向,B/S,
CDS,信用,CURRENCY_CODE,currencyCode,字符串,货币代码,,数据域=TRADE/UNDERLYING_DATA；必填(校验规则)
CDS,信用,DAY_COUNT_BASIS,dayCountBasis,字符串,日计数基准,"actual/365,actual/360,30/360",数据域=TRADE/UNDERLYING_DATA；默认值=Actual/365
CDS,信用,DISCOUNT_CURVE,discountCurve,字符串,折现曲线,,引用市场数据折现曲线key；数据域=TRADE；必填(校验规则)
CDS,信用,FIXED_PREMIUM,fixedPremium,字符串,,,
CDS,信用,FIXED_RATE,fixedRate,浮点数,固定利率,,数据域=TRADE；必填(校验规则)；默认值=0
CDS,信用,INSTRUMENT_ID,instrumentId,字符串,交易编号,,数据域=TRADE；通用校验字段(存在时校验)
CDS,信用,INTEREST_STUB,interestStub,字符串,,,数据域=TRADE/UNDERLYING_DATA；默认值=LongEnd
CDS,信用,MATURITY_DATE,maturityDate,日期,到期日,,yyyyMMdd；数据域=TRADE/UNDERLYING_DATA；必填(校验规则)
CDS,信用,NOTIONAL,notional,浮点数,名义金额,,非负有限数；数据域=TRADE/UNDERLYING_DATA；必填(校验规则)；默认值=100
CDS,信用,PAY_FREQ,payFreq,字符串,付息频率,M/Q/S/A,数据域=TRADE；必填(校验规则)
CDS,信用,PRODUCT_CODE,productCode,字符串,产品代码,,数据域=TRADE；通用校验字段(存在时校验)
CDS,信用,RECOVERY_RATE,recoveryRate,浮点数,回收率,,数据域=TRADE；必填(校验规则)；默认值=0.4
CDS,信用,SETTLE_CALENDAR,settleCalendar,字符串,结算日历,,
CDS,信用,START_DATE,startDate,日期,起息日,,yyyyMMdd；数据域=TRADE；必填(校验规则)
CDS,信用,UNDERLYING_BOND_ID,underlyingBondId,字符串,,,数据域=TRADE；必填(校验规则)
COMMFWD,商品,BUY_OR_SELL,buyOrSell,字符串,买卖方向,B/S,
COMMFWD,商品,CONTRACT_SIZE,contractSize,浮点数,合约乘数,,默认1
COMMFWD,商品,CURRENCY_CODE,currencyCode,字符串,货币代码,,
COMMFWD,商品,DISCOUNT_CURVE,discountCurve,字符串,折现曲线,,引用市场数据折现曲线key
COMMFWD,商品,FRTB_COMM_ASSET,frtbCommAsset,字符串,,,数据域=TRADE；默认值=null
COMMFWD,商品,FRTB_COMM_BUCKET,frtbCommBucket,字符串,,,数据域=TRADE；默认值=Bucket 11
COMMFWD,商品,FRTB_COMM_LOCATION,frtbCommLocation,字符串,,,数据域=TRADE；默认值=null
COMMFWD,商品,INSTRUMENT_ID,instrumentId,字符串,交易编号,,数据域=TRADE；通用校验字段(存在时校验)
COMMFWD,商品,PRODUCT_CODE,productCode,字符串,产品代码,,数据域=TRADE；通用校验字段(存在时校验)
COMMFWD,商品,REFERENCE_CURVE,referenceCurve,字符串,价格曲线,,
COMMFWD,商品,SETTLE_DATE,settleDate,日期,结算日,,yyyyMMdd；数据域=TRADE；必填(校验规则)
COMMFWD,商品,STRIKE_CURRENCY_CODE,strikeCurrencyCode,字符串,行权货币,,
COMMFWD,商品,STRIKE_PRICE,strikePrice,浮点数,行权价,,正数
COMMFWD,商品,UNDERLYING_CODE,underlyingCode,字符串,标的代码,,数据域=TRADE；必填(校验规则)
COMMOPT,商品,BUY_OR_SELL,buyOrSell,字符串,买卖方向,B/S,
COMMOPT,商品,CALL_OR_PUT,callOrPut,字符串,看涨看跌,Call/Put,
COMMOPT,商品,CONTRACT_SIZE,contractSize,浮点数,合约乘数,,默认1
COMMOPT,商品,CURRENCY_CODE,currencyCode,字符串,货币代码,,
COMMOPT,商品,DISCOUNT_CURVE,discountCurve,字符串,折现曲线,,引用市场数据折现曲线key
COMMOPT,商品,FRTB_COMM_ASSET,frtbCommAsset,字符串,,,数据域=TRADE；默认值=null
COMMOPT,商品,FRTB_COMM_BUCKET,frtbCommBucket,字符串,,,数据域=TRADE；默认值=Bucket 11
COMMOPT,商品,FRTB_COMM_LOCATION,frtbCommLocation,字符串,,,数据域=TRADE；默认值=null
COMMOPT,商品,INSTRUMENT_ID,instrumentId,字符串,交易编号,,数据域=TRADE；通用校验字段(存在时校验)
COMMOPT,商品,MATURITY_DATE,maturityDate,日期,到期日,,yyyyMMdd
COMMOPT,商品,OPTION_TYPE,optionType,字符串,期权类型,,数据域=TRADE；默认值=EUROPEAN
COMMOPT,商品,PRODUCT_CODE,productCode,字符串,产品代码,,数据域=TRADE；通用校验字段(存在时校验)
COMMOPT,商品,REFERENCE_CURVE,referenceCurve,字符串,价格曲线,,
COMMOPT,商品,SETTLE_DATE,settleDate,日期,结算日,,yyyyMMdd
COMMOPT,商品,SETTLE_TYPE,settleType,字符串,结算方式,Cash/Physical,数据域=TRADE；默认值=PHYSICAL
COMMOPT,商品,STRIKE_CURRENCY_CODE,strikeCurrencyCode,字符串,行权货币,,
COMMOPT,商品,STRIKE_PRICE,strikePrice,浮点数,行权价,,正数
COMMOPT,商品,UNDERLYING_CODE,underlyingCode,字符串,标的代码,,
COMMOPT,商品,VOLATILITY_SURFACE,volatilitySurface,字符串,波动率曲面,,引用市场数据波动率曲面key
COMMSWAP,商品,BUY_OR_SELL,buyOrSell,字符串,买卖方向,B/S,
COMMSWAP,商品,CONTRACT_SIZE,contractSize,浮点数,合约乘数,,默认1
COMMSWAP,商品,CURRENCY_CODE,currencyCode,字符串,货币代码,,
COMMSWAP,商品,DISCOUNT_CURVE,discountCurve,字符串,折现曲线,,引用市场数据折现曲线key
COMMSWAP,商品,FRTB_COMM_ASSET,frtbCommAsset,字符串,,,数据域=TRADE；默认值=null
COMMSWAP,商品,FRTB_COMM_BUCKET,frtbCommBucket,字符串,,,数据域=TRADE；默认值=Bucket 11
COMMSWAP,商品,FRTB_COMM_LOCATION,frtbCommLocation,字符串,,,数据域=TRADE；默认值=null
COMMSWAP,商品,FWD_SETTLE_DATE,fwdSettleDate,日期,,,数据域=TRADE；必填(校验规则)
COMMSWAP,商品,FWD_STRIKE,fwdStrike,浮点数,,,
COMMSWAP,商品,INSTRUMENT_ID,instrumentId,字符串,交易编号,,数据域=TRADE；通用校验字段(存在时校验)
COMMSWAP,商品,PRODUCT_CODE,productCode,字符串,产品代码,,数据域=TRADE；通用校验字段(存在时校验)
COMMSWAP,商品,REFERENCE_CURVE,referenceCurve,字符串,价格曲线,,
COMMSWAP,商品,SPOT_SETTLE_DATE,spotSettleDate,日期,,,数据域=TRADE；必填(校验规则)
COMMSWAP,商品,SPOT_STRIKE,spotStrike,浮点数,,,
COMMSWAP,商品,STRIKE_CURRENCY_CODE,strikeCurrencyCode,字符串,行权货币,,
COMMSWAP,商品,UNDERLYING_CODE,underlyingCode,字符串,标的代码,,数据域=TRADE；必填(校验规则)
COMM_ASIAN,商品,BUY_OR_SELL,buyOrSell,字符串,,B|S,数据域=TRADE；必填(校验规则)
COMM_ASIAN,商品,CALL_OR_PUT,callOrPut,字符串,,CALL|PUT,数据域=TRADE；必填(校验规则)
COMM_ASIAN,商品,CONTRACT_SIZE,contractSize,浮点数,,,数据域=TRADE；必填(校验规则)
COMM_ASIAN,商品,CURRENCY_CODE,currencyCode,字符串,,,数据域=TRADE；必填(校验规则)
COMM_ASIAN,商品,DISCOUNT_CURVE,discountCurve,字符串,,,数据域=TRADE；必填(校验规则)
COMM_ASIAN,商品,FIXING_ID,fixingId,字符串,,,数据域=TRADE；必填(校验规则)
COMM_ASIAN,商品,FRTB_COMM_ASSET,frtbCommAsset,字符串,,,数据域=TRADE；必填(校验规则)
COMM_ASIAN,商品,FRTB_COMM_BUCKET,frtbCommBucket,字符串,,,数据域=TRADE；必填(校验规则)
COMM_ASIAN,商品,FRTB_COMM_LOCATION,frtbCommLocation,字符串,,,数据域=TRADE；必填(校验规则)
COMM_ASIAN,商品,INSTRUMENT_ID,instrumentId,字符串,,,数据域=TRADE；通用校验字段(存在时校验)
COMM_ASIAN,商品,MATURITY_DATE,maturityDate,日期,,,数据域=TRADE；必填(校验规则)
COMM_ASIAN,商品,OBS_END_DATE,obsEndDate,日期,,,数据域=TRADE；必填(校验规则)
COMM_ASIAN,商品,OBS_START_DATE,obsStartDate,日期,,,数据域=TRADE；必填(校验规则)
COMM_ASIAN,商品,PRODUCT_CODE,productCode,字符串,,,数据域=TRADE；通用校验字段(存在时校验)
COMM_ASIAN,商品,REFERENCE_CURVE,referenceCurve,字符串,,,数据域=TRADE；必填(校验规则)
COMM_ASIAN,商品,SETTLE_DATE,settleDate,日期,,,数据域=TRADE；必填(校验规则)
COMM_ASIAN,商品,SETTLE_TYPE,settleType,字符串,,,数据域=TRADE；必填(校验规则)
COMM_ASIAN,商品,STRIKE_PRICE,strikePrice,浮点数,,,数据域=TRADE；必填(校验规则)
COMM_ASIAN,商品,UNDERLYING_CODE,underlyingCode,字符串,,,数据域=TRADE；必填(校验规则)
COMM_ASIAN,商品,VOLATILITY_SURFACE,volatilitySurface,字符串,,,数据域=TRADE；必填(校验规则)
COMM_BARRIER,商品,BASE_PAYOFF,basePayoff,浮点数,基础赔付,,
COMM_BARRIER,商品,BUY_OR_SELL,buyOrSell,字符串,买卖方向,B/S,
COMM_BARRIER,商品,CONTRACT_SIZE,contractSize,浮点数,合约乘数,,默认1
COMM_BARRIER,商品,CURRENCY_CODE,currencyCode,字符串,货币代码,,
COMM_BARRIER,商品,DISCOUNT_CURVE,discountCurve,字符串,折现曲线,,引用市场数据折现曲线key
COMM_BARRIER,商品,DOWN_BARRIER,downBarrierPrice,浮点数,下障碍价,,
COMM_BARRIER,商品,FRTB_COMM_ASSET,frtbCommAsset,字符串,,,
COMM_BARRIER,商品,FRTB_COMM_BUCKET,frtbCommBucket,字符串,,,
COMM_BARRIER,商品,FRTB_COMM_LOCATION,frtbCommLocation,字符串,,,
COMM_BARRIER,商品,INSTRUMENT_ID,instrumentId,字符串,交易编号,,数据域=TRADE；通用校验字段(存在时校验)
COMM_BARRIER,商品,KNOCK_OUT_FLAG,knockOutFlag,字符串,敲出标志,,
COMM_BARRIER,商品,MATURITY_DATE,maturityDate,日期,到期日,,yyyyMMdd
COMM_BARRIER,商品,OPTION_TYPE,optionType,字符串,期权类型,,
COMM_BARRIER,商品,PAYOFF_LOWER,payoffLower,浮点数,下行赔付,,
COMM_BARRIER,商品,PRODUCT_CODE,productCode,字符串,产品代码,,数据域=TRADE；通用校验字段(存在时校验)
COMM_BARRIER,商品,REFERENCE_CURVE,referenceCurve,字符串,价格曲线,,
COMM_BARRIER,商品,SETTLE_DATE,settleDate,日期,结算日,,yyyyMMdd
COMM_BARRIER,商品,TOUCH_BEFORE_FLAG,touchBeforeFlag,字符串,,,
COMM_BARRIER,商品,UNDERLYING_CODE,underlyingCode,字符串,,,
COMM_BARRIER,商品,UPPER_BARRIER,upBarrierPrice,浮点数,上障碍价,,
COMM_BARRIER,商品,VOLATILITY_SURFACE,volatilitySurface,字符串,波动率曲面,,引用市场数据波动率曲面key
COMM_BARRIER,商品,VV_FLAG,vvFlag,布尔,VannaVolga开关,true/false,
COMM_DIGITAL,商品,BASE_PAYOFF,basePayoff,浮点数,基础赔付,,
COMM_DIGITAL,商品,BUY_OR_SELL,buyOrSell,字符串,买卖方向,B/S,
COMM_DIGITAL,商品,CALL_OR_PUT,callOrPut,字符串,看涨看跌,Call/Put,
COMM_DIGITAL,商品,CONTRACT_SIZE,contractSize,浮点数,合约乘数,,默认1
COMM_DIGITAL,商品,CURRENCY_CODE,currencyCode,字符串,货币代码,,
COMM_DIGITAL,商品,DISCOUNT_CURVE,discountCurve,字符串,折现曲线,,引用市场数据折现曲线key
COMM_DIGITAL,商品,FRTB_COMM_ASSET,frtbCommAsset,字符串,,,
COMM_DIGITAL,商品,FRTB_COMM_BUCKET,frtbCommBucket,字符串,,,
COMM_DIGITAL,商品,FRTB_COMM_LOCATION,frtbCommLocation,字符串,,,
COMM_DIGITAL,商品,INSTRUMENT_ID,instrumentId,字符串,交易编号,,数据域=TRADE；通用校验字段(存在时校验)
COMM_DIGITAL,商品,MATURITY_DATE,maturityDate,日期,到期日,,yyyyMMdd
COMM_DIGITAL,商品,PAYOFF_LOWER,payoffLower,浮点数,下行赔付,,
COMM_DIGITAL,商品,PRODUCT_CODE,productCode,字符串,产品代码,,数据域=TRADE；通用校验字段(存在时校验)
COMM_DIGITAL,商品,REFERENCE_CURVE,referenceCurve,字符串,价格曲线,,
COMM_DIGITAL,商品,SETTLE_DATE,settleDate,日期,结算日,,yyyyMMdd
COMM_DIGITAL,商品,STRIKE_PRICE,strikePrice,浮点数,行权价,,正数
COMM_DIGITAL,商品,UNDERLYING_CODE,underlyingCode,字符串,,,
COMM_DIGITAL,商品,VOLATILITY_SURFACE,volatilitySurface,字符串,波动率曲面,,引用市场数据波动率曲面key
COMM_DIGITAL,商品,VV_FLAG,vvFlag,布尔,VannaVolga开关,true/false,
COMM_RANGE_ACCURE,商品,ABS_FLAG,absFlag,布尔,,,
COMM_RANGE_ACCURE,商品,BUY_OR_SELL,buyOrSell,字符串,买卖方向,B/S,
COMM_RANGE_ACCURE,商品,CURRENCY_CODE,currencyCode,字符串,货币代码,,
COMM_RANGE_ACCURE,商品,DISCOUNT_CURVE,discountCurve,字符串,折现曲线,,引用市场数据折现曲线key
COMM_RANGE_ACCURE,商品,EPS,eps,浮点数,,,
COMM_RANGE_ACCURE,商品,FIXING_ID,fixingId,字符串,定盘ID,,
COMM_RANGE_ACCURE,商品,FRTB_COMM_ASSET,frtbCommAsset,字符串,,,
COMM_RANGE_ACCURE,商品,FRTB_COMM_BUCKET,frtbCommBucket,字符串,,,
COMM_RANGE_ACCURE,商品,FRTB_COMM_LOCATION,frtbCommLocation,字符串,,,
COMM_RANGE_ACCURE,商品,INSTRUMENT_ID,instrumentId,字符串,交易编号,,数据域=TRADE；通用校验字段(存在时校验)
COMM_RANGE_ACCURE,商品,LOWER_BARRIER,lowerBarrier,浮点数,下障碍,,
COMM_RANGE_ACCURE,商品,MATURITY_DATE,maturityDate,日期,到期日,,yyyyMMdd
COMM_RANGE_ACCURE,商品,MODEL_TYPE,modelType,字符串,,CONST_VOL|LOCAL_VOL|HESTON,
COMM_RANGE_ACCURE,商品,NOTIONAL,notional,浮点数,名义金额,,非负有限数
COMM_RANGE_ACCURE,商品,OBS_DATES,obsDates,字符串,,,
COMM_RANGE_ACCURE,商品,PRODUCT_CODE,productCode,字符串,产品代码,,数据域=TRADE；通用校验字段(存在时校验)
COMM_RANGE_ACCURE,商品,RANGE_ACCURE_RATE,rangeAccureRate,浮点数,,,
COMM_RANGE_ACCURE,商品,RANGE_DIRECTION,rangeDirection,字符串,区间方向,,
COMM_RANGE_ACCURE,商品,REFERENCE_CURVE,referenceCurve,字符串,价格曲线,,
COMM_RANGE_ACCURE,商品,SETTLE_DATE,settleDate,日期,结算日,,yyyyMMdd
COMM_RANGE_ACCURE,商品,START_DATE,startDate,日期,起息日,,yyyyMMdd
COMM_RANGE_ACCURE,商品,UNDERLYING_CODE,underlyingCode,字符串,标的代码,,
COMM_RANGE_ACCURE,商品,UPPER_BARRIER,upperBarrier,浮点数,上障碍价,,
COMM_RANGE_ACCURE,商品,VOLATILITY_SURFACE,volatilitySurface,字符串,波动率曲面,,引用市场数据波动率曲面key
COMM_SHARKFIN,商品,BASE_RATE,baseRate,浮点数,基础收益率,,数据域=TRADE；必填(校验规则)
COMM_SHARKFIN,商品,BUY_OR_SELL,buyOrSell,字符串,买卖方向,B|S,数据域=TRADE；必填(校验规则)
COMM_SHARKFIN,商品,CONTRACT_SIZE,contractSize,浮点数,合约乘数,,默认1；数据域=TRADE；默认值=1
COMM_SHARKFIN,商品,CURRENCY_CODE,currencyCode,字符串,货币代码,,数据域=TRADE；必填(校验规则)
COMM_SHARKFIN,商品,DISCOUNT_CURVE,discountCurve,字符串,折现曲线,,引用市场数据折现曲线key
COMM_SHARKFIN,商品,DOWN_BARRIER,downBarrierPrice,浮点数,下障碍价,,数据域=TRADE；必填(校验规则)
COMM_SHARKFIN,商品,FIXING_ID,fixingId,字符串,定盘ID,,
COMM_SHARKFIN,商品,FRTB_COMM_ASSET,frtbCommAsset,字符串,,,
COMM_SHARKFIN,商品,FRTB_COMM_BUCKET,frtbCommBucket,字符串,,,
COMM_SHARKFIN,商品,FRTB_COMM_LOCATION,frtbCommLocation,字符串,,,
COMM_SHARKFIN,商品,INSTRUMENT_ID,instrumentId,字符串,交易编号,,数据域=TRADE；通用校验字段(存在时校验)
COMM_SHARKFIN,商品,MATURITY_DATE,maturityDate,日期,到期日,,yyyyMMdd；数据域=TRADE；必填(校验规则)
COMM_SHARKFIN,商品,NOTIONAL,notional,浮点数,名义金额,,非负有限数；数据域=TRADE；必填(校验规则)
COMM_SHARKFIN,商品,OPTION_TYPE,optionType,字符串,期权类型,,数据域=TRADE；必填(校验规则)
COMM_SHARKFIN,商品,PRODUCT_CODE,productCode,字符串,产品代码,,数据域=TRADE；通用校验字段(存在时校验)
COMM_SHARKFIN,商品,REFERENCE_CURVE,referenceCurve,字符串,价格曲线,,数据域=TRADE；必填(校验规则)
COMM_SHARKFIN,商品,SETTLE_DATE,settleDate,日期,结算日,,yyyyMMdd；数据域=TRADE；必填(校验规则)
COMM_SHARKFIN,商品,SETTLE_TYPE,settleType,字符串,结算方式,Cash/Physical,数据域=TRADE；默认值=CASH
COMM_SHARKFIN,商品,START_DATE,startDate,日期,起息日,,yyyyMMdd；数据域=TRADE；必填(校验规则)
COMM_SHARKFIN,商品,STRIKE_PRICE,strikePrice,浮点数,行权价,,正数；数据域=TRADE；必填(校验规则)
COMM_SHARKFIN,商品,TOUCH_RATE,touchRate,浮点数,触碰收益率,,数据域=TRADE；必填(校验规则)
COMM_SHARKFIN,商品,UNDERLYING_CODE,underlyingCode,字符串,标的代码,,
COMM_SHARKFIN,商品,UPPER_BARRIER,upBarrierPrice,浮点数,上障碍价,,数据域=TRADE；必填(校验规则)
COMM_SHARKFIN,商品,VOLATILITY_SURFACE,volatilitySurface,字符串,波动率曲面,,引用市场数据波动率曲面key；数据域=TRADE；必填(校验规则)
COMM_SHARKFIN,商品,VV_FLAG,vvFlag,布尔,VannaVolga开关,true/false,
COMM_SPREADOPT,商品,BASE_CURRENCY_CODE,baseCurrencyCode,字符串,基础货币代码,,
COMM_SPREADOPT,商品,BUY_OR_SELL,buyOrSell,字符串,买卖方向,B|S,数据域=TRADE；必填(校验规则)
COMM_SPREADOPT,商品,CALL_OR_PUT,callOrPut,字符串,看涨看跌,Call/Put,数据域=TRADE；默认值=CALL
COMM_SPREADOPT,商品,CONTRACT_SIZE,contractSize,浮点数,合约乘数,,默认1；数据域=TRADE；必填(校验规则)；默认值=1
COMM_SPREADOPT,商品,CURRENCY_CODE,currencyCode,字符串,货币代码,,数据域=TRADE；必填(校验规则)
COMM_SPREADOPT,商品,DISCOUNT_CURVE,discountCurve,字符串,折现曲线,,引用市场数据折现曲线key；数据域=TRADE；必填(校验规则)
COMM_SPREADOPT,商品,DOWN_BARRIER,downBarrierPrice,浮点数,下障碍价,,数据域=TRADE；必填(校验规则)
COMM_SPREADOPT,商品,FIXING_ID,fixingId,字符串,定盘ID,,
COMM_SPREADOPT,商品,FRTB_COMM_ASSET,frtbCommAsset,字符串,,,
COMM_SPREADOPT,商品,FRTB_COMM_BUCKET,frtbCommBucket,字符串,,,
COMM_SPREADOPT,商品,FRTB_COMM_LOCATION,frtbCommLocation,字符串,,,
COMM_SPREADOPT,商品,INITIAL_PRICE,initialPrice,浮点数,,,数据域=TRADE；必填(校验规则)
COMM_SPREADOPT,商品,INSTRUMENT_ID,instrumentId,字符串,交易编号,,数据域=TRADE；通用校验字段(存在时校验)
COMM_SPREADOPT,商品,MATURITY_DATE,maturityDate,日期,到期日,,yyyyMMdd；数据域=TRADE；必填(校验规则)
COMM_SPREADOPT,商品,NOTIONAL,notional,浮点数,名义金额,,非负有限数；数据域=TRADE；必填(校验规则)
COMM_SPREADOPT,商品,OPTION_TYPE,optionType,字符串,期权类型,Call|Put,数据域=TRADE；必填(校验规则)
COMM_SPREADOPT,商品,PRODUCT_CODE,productCode,字符串,产品代码,,数据域=TRADE；通用校验字段(存在时校验)
COMM_SPREADOPT,商品,REFERENCE_CURVE,referenceCurve,字符串,价格曲线,,数据域=TRADE；必填(校验规则)
COMM_SPREADOPT,商品,SETTLE_DATE,settleDate,日期,结算日,,yyyyMMdd；数据域=TRADE；必填(校验规则)
COMM_SPREADOPT,商品,SETTLE_TYPE,settleType,字符串,结算方式,Cash/Physical,数据域=TRADE；必填(校验规则)；默认值=CASH
COMM_SPREADOPT,商品,START_DATE,startDate,日期,起息日,,yyyyMMdd；数据域=TRADE；必填(校验规则)
COMM_SPREADOPT,商品,STRIKE_PRICE,strikePrice,浮点数,行权价,,正数
COMM_SPREADOPT,商品,UNDERLYING_CODE,underlyingCode,字符串,,,
COMM_SPREADOPT,商品,UNDERLYING_CURRENCY_CODE,underlyingCurrencyCode,字符串,标的货币代码,,
COMM_SPREADOPT,商品,UPPER_BARRIER,upBarrierPrice,浮点数,上障碍价,,数据域=TRADE；必填(校验规则)
COMM_SPREADOPT,商品,VOLATILITY_SURFACE,volatilitySurface,字符串,波动率曲面,,引用市场数据波动率曲面key；数据域=TRADE；必填(校验规则)
COMM_SPREADOPT,商品,VV_FLAG,vvFlag,布尔,VannaVolga开关,true/false,
COMM_STEP_UP,商品,ABS_FLAG,absFlag,布尔,,,
COMM_STEP_UP,商品,BUY_OR_SELL,buyOrSell,字符串,买卖方向,B/S,
COMM_STEP_UP,商品,CALL_OR_PUT,callOrPut,字符串,看涨看跌,Call/Put,
COMM_STEP_UP,商品,CURRENCY_CODE,currencyCode,字符串,货币代码,,
COMM_STEP_UP,商品,DAY_COUNT_BASIS,dayCountBasis,字符串,日计数基准,"actual/365,actual/360,30/360",
COMM_STEP_UP,商品,DISCOUNT_CURVE,discountCurve,字符串,折现曲线,,引用市场数据折现曲线key
COMM_STEP_UP,商品,EPS,eps,浮点数,,,
COMM_STEP_UP,商品,FIXING_DATE,fixingDate,日期,,,
COMM_STEP_UP,商品,FIXING_ID,fixingId,字符串,定盘ID,,
COMM_STEP_UP,商品,FRTB_COMM_ASSET,frtbCommAsset,字符串,,,
COMM_STEP_UP,商品,FRTB_COMM_BUCKET,frtbCommBucket,字符串,,,
COMM_STEP_UP,商品,FRTB_COMM_LOCATION,frtbCommLocation,字符串,,,
COMM_STEP_UP,商品,HIGH_RATE,highRate,浮点数,高收益率,,
COMM_STEP_UP,商品,INSTRUMENT_ID,instrumentId,字符串,交易编号,,数据域=TRADE；通用校验字段(存在时校验)
COMM_STEP_UP,商品,LOWER_BARRIER,lowerBarrier,浮点数,下障碍,,
COMM_STEP_UP,商品,LOW_RATE,lowRate,浮点数,低收益率,,
COMM_STEP_UP,商品,MATURITY_DATE,maturityDate,日期,到期日,,yyyyMMdd
COMM_STEP_UP,商品,MID_RATE,midRate,浮点数,中间收益率,,
COMM_STEP_UP,商品,MODEL_TYPE,modelType,字符串,,CONST_VOL|LOCAL_VOL|HESTON,
COMM_STEP_UP,商品,NOTIONAL,notional,浮点数,名义金额,,非负有限数
COMM_STEP_UP,商品,PRODUCT_CODE,productCode,字符串,产品代码,,数据域=TRADE；通用校验字段(存在时校验)
COMM_STEP_UP,商品,REFERENCE_CURVE,referenceCurve,字符串,价格曲线,,
COMM_STEP_UP,商品,SETTLE_DATE,settleDate,日期,结算日,,yyyyMMdd
COMM_STEP_UP,商品,START_DATE,startDate,日期,起息日,,yyyyMMdd
COMM_STEP_UP,商品,UNDERLYING_CODE,underlyingCode,字符串,标的代码,,
COMM_STEP_UP,商品,UPPER_BARRIER,upperBarrier,浮点数,上障碍价,,
COMM_STEP_UP,商品,VOLATILITY_SURFACE,volatilitySurface,字符串,波动率曲面,,引用市场数据波动率曲面key
COMM_STEP_UP,商品,VV_FLAG,vvFlag,布尔,VannaVolga开关,true/false,
COMM_WEDDING_CAKE,商品,ABS_FLAG,absFlag,布尔,,,
COMM_WEDDING_CAKE,商品,BUY_OR_SELL,buyOrSell,字符串,买卖方向,B|S,数据域=TRADE；必填(校验规则)
COMM_WEDDING_CAKE,商品,CONTRACT_SIZE,contractSize,浮点数,合约乘数,,默认1；数据域=TRADE；必填(校验规则)
COMM_WEDDING_CAKE,商品,CURRENCY_CODE,currencyCode,字符串,货币代码,,数据域=TRADE；必填(校验规则)
COMM_WEDDING_CAKE,商品,DISCOUNT_CURVE,discountCurve,字符串,折现曲线,,引用市场数据折现曲线key
COMM_WEDDING_CAKE,商品,EPS,eps,浮点数,,,
COMM_WEDDING_CAKE,商品,FIXING_ID,fixingId,字符串,定盘ID,,
COMM_WEDDING_CAKE,商品,FRTB_COMM_ASSET,frtbCommAsset,字符串,,,
COMM_WEDDING_CAKE,商品,FRTB_COMM_BUCKET,frtbCommBucket,字符串,,,
COMM_WEDDING_CAKE,商品,FRTB_COMM_LOCATION,frtbCommLocation,字符串,,,
COMM_WEDDING_CAKE,商品,INNER_LOWER_BARRIER,innerLowerBarrier,浮点数,内层下障碍,,数据域=TRADE；必填(校验规则)
COMM_WEDDING_CAKE,商品,INNER_RATE,innerRate,浮点数,内层收益率,,数据域=TRADE；必填(校验规则)
COMM_WEDDING_CAKE,商品,INNER_UPPER_BARRIER,innerUpperBarrier,浮点数,内层上障碍,,数据域=TRADE；必填(校验规则)
COMM_WEDDING_CAKE,商品,INSTRUMENT_ID,instrumentId,字符串,交易编号,,数据域=TRADE；通用校验字段(存在时校验)
COMM_WEDDING_CAKE,商品,MATURITY_DATE,maturityDate,日期,到期日,,yyyyMMdd；数据域=TRADE；必填(校验规则)
COMM_WEDDING_CAKE,商品,MID_RATE,midRate,浮点数,中间收益率,,数据域=TRADE；必填(校验规则)
COMM_WEDDING_CAKE,商品,NOTIONAL,notional,浮点数,名义金额,,非负有限数；数据域=TRADE；必填(校验规则)
COMM_WEDDING_CAKE,商品,OUTER_LOWER_BARRIER,outerLowerBarrier,浮点数,外层下障碍,,数据域=TRADE；必填(校验规则)
COMM_WEDDING_CAKE,商品,OUTER_UPPER_BARRIER,outerUpperBarrier,浮点数,外层上障碍,,数据域=TRADE；必填(校验规则)
COMM_WEDDING_CAKE,商品,OUT_RATE,outRate,浮点数,外层收益率,,数据域=TRADE；必填(校验规则)
COMM_WEDDING_CAKE,商品,PRODUCT_CODE,productCode,字符串,产品代码,,数据域=TRADE；通用校验字段(存在时校验)
COMM_WEDDING_CAKE,商品,REFERENCE_CURVE,referenceCurve,字符串,价格曲线,,数据域=TRADE；必填(校验规则)
COMM_WEDDING_CAKE,商品,SETTLE_DATE,settleDate,日期,结算日,,yyyyMMdd；数据域=TRADE；必填(校验规则)
COMM_WEDDING_CAKE,商品,START_DATE,startDate,日期,起息日,,yyyyMMdd；数据域=TRADE；必填(校验规则)
COMM_WEDDING_CAKE,商品,UNDERLYING_CODE,underlyingCode,字符串,,,
COMM_WEDDING_CAKE,商品,VOLATILITY_SURFACE,volatilitySurface,字符串,波动率曲面,,引用市场数据波动率曲面key；数据域=TRADE；必填(校验规则)
COMM_WEDDING_CAKE,商品,VV_FLAG,vvFlag,布尔,VannaVolga开关,true/false,
EQ_ASIAN,权益,BUY_OR_SELL,buyOrSell,字符串,,B|S,数据域=TRADE；必填(校验规则)
EQ_ASIAN,权益,CALL_OR_PUT,callOrPut,字符串,,CALL|PUT,数据域=TRADE；必填(校验规则)
EQ_ASIAN,权益,CONTRACT_SIZE,contractSize,浮点数,,,数据域=TRADE；必填(校验规则)
EQ_ASIAN,权益,CURRENCY_CODE,currencyCode,字符串,,,数据域=TRADE；必填(校验规则)
EQ_ASIAN,权益,DISCOUNT_CURVE,discountCurve,字符串,,,数据域=TRADE；必填(校验规则)
EQ_ASIAN,权益,FIXING_ID,fixingId,字符串,,,数据域=TRADE；必填(校验规则)
EQ_ASIAN,权益,FRTB_EQ_BUCKET,frtbEqBucket,字符串,,,数据域=TRADE；必填(校验规则)
EQ_ASIAN,权益,INSTRUMENT_ID,instrumentId,字符串,,,数据域=TRADE；通用校验字段(存在时校验)
EQ_ASIAN,权益,MATURITY_DATE,maturityDate,日期,,,数据域=TRADE；必填(校验规则)
EQ_ASIAN,权益,OBS_END_DATE,obsEndDate,日期,,,数据域=TRADE；必填(校验规则)
EQ_ASIAN,权益,OBS_START_DATE,obsStartDate,日期,,,数据域=TRADE；必填(校验规则)
EQ_ASIAN,权益,PRODUCT_CODE,productCode,字符串,,,数据域=TRADE；通用校验字段(存在时校验)
EQ_ASIAN,权益,REFERENCE_CURVE,referenceCurve,字符串,,,数据域=TRADE；必填(校验规则)
EQ_ASIAN,权益,SETTLE_DATE,settleDate,日期,,,数据域=TRADE；必填(校验规则)
EQ_ASIAN,权益,SETTLE_TYPE,settleType,字符串,,,数据域=TRADE；必填(校验规则)
EQ_ASIAN,权益,STRIKE_PRICE,strikePrice,浮点数,,,数据域=TRADE；必填(校验规则)
EQ_ASIAN,权益,VOLATILITY_SURFACE,volatilitySurface,字符串,,,数据域=TRADE；必填(校验规则)
EQ_BARRIER,权益,BASE_PAYOFF,basePayoff,浮点数,基础赔付,,
EQ_BARRIER,权益,BUY_OR_SELL,buyOrSell,字符串,买卖方向,B/S,
EQ_BARRIER,权益,CONTRACT_SIZE,contractSize,浮点数,合约乘数,,默认1
EQ_BARRIER,权益,CURRENCY_CODE,currencyCode,字符串,货币代码,,
EQ_BARRIER,权益,DISCOUNT_CURVE,discountCurve,字符串,折现曲线,,引用市场数据折现曲线key
EQ_BARRIER,权益,DOWN_BARRIER,downBarrierPrice,浮点数,下障碍价,,
EQ_BARRIER,权益,INSTRUMENT_ID,instrumentId,字符串,交易编号,,数据域=TRADE；通用校验字段(存在时校验)
EQ_BARRIER,权益,KNOCK_OUT_FLAG,knockOutFlag,字符串,敲出标志,,
EQ_BARRIER,权益,MATURITY_DATE,maturityDate,日期,到期日,,yyyyMMdd
EQ_BARRIER,权益,OPTION_TYPE,optionType,字符串,期权类型,,
EQ_BARRIER,权益,PAYOFF_LOWER,payoffLower,浮点数,下行赔付,,
EQ_BARRIER,权益,PRODUCT_CODE,productCode,字符串,产品代码,,数据域=TRADE；通用校验字段(存在时校验)
EQ_BARRIER,权益,REFERENCE_CURVE,referenceCurve,字符串,价格曲线,,
EQ_BARRIER,权益,SETTLE_DATE,settleDate,日期,结算日,,yyyyMMdd
EQ_BARRIER,权益,TOUCH_BEFORE_FLAG,touchBeforeFlag,字符串,,,
EQ_BARRIER,权益,UPPER_BARRIER,upBarrierPrice,浮点数,上障碍价,,
EQ_BARRIER,权益,VOLATILITY_SURFACE,volatilitySurface,字符串,波动率曲面,,引用市场数据波动率曲面key
EQ_BARRIER,权益,VV_FLAG,vvFlag,布尔,VannaVolga开关,true/false,
EQ_DIGITAL,权益,BASE_PAYOFF,basePayoff,浮点数,基础赔付,,
EQ_DIGITAL,权益,BUY_OR_SELL,buyOrSell,字符串,买卖方向,B/S,
EQ_DIGITAL,权益,CALL_OR_PUT,callOrPut,字符串,看涨看跌,Call/Put,
EQ_DIGITAL,权益,CONTRACT_SIZE,contractSize,浮点数,合约乘数,,默认1
EQ_DIGITAL,权益,CURRENCY_CODE,currencyCode,字符串,货币代码,,
EQ_DIGITAL,权益,DISCOUNT_CURVE,discountCurve,字符串,折现曲线,,引用市场数据折现曲线key
EQ_DIGITAL,权益,INSTRUMENT_ID,instrumentId,字符串,交易编号,,数据域=TRADE；通用校验字段(存在时校验)
EQ_DIGITAL,权益,MATURITY_DATE,maturityDate,日期,到期日,,yyyyMMdd
EQ_DIGITAL,权益,PAYOFF_LOWER,payoffLower,浮点数,下行赔付,,
EQ_DIGITAL,权益,PRODUCT_CODE,productCode,字符串,产品代码,,数据域=TRADE；通用校验字段(存在时校验)
EQ_DIGITAL,权益,REFERENCE_CURVE,referenceCurve,字符串,价格曲线,,
EQ_DIGITAL,权益,SETTLE_DATE,settleDate,日期,结算日,,yyyyMMdd
EQ_DIGITAL,权益,STRIKE_PRICE,strikePrice,浮点数,行权价,,正数
EQ_DIGITAL,权益,VOLATILITY_SURFACE,volatilitySurface,字符串,波动率曲面,,引用市场数据波动率曲面key
EQ_DIGITAL,权益,VV_FLAG,vvFlag,布尔,VannaVolga开关,true/false,
EQ_RANGE_ACCURE,权益,ABS_FLAG,absFlag,布尔,,,
EQ_RANGE_ACCURE,权益,BUY_OR_SELL,buyOrSell,字符串,买卖方向,B/S,
EQ_RANGE_ACCURE,权益,CURRENCY_CODE,currencyCode,字符串,货币代码,,
EQ_RANGE_ACCURE,权益,DISCOUNT_CURVE,discountCurve,字符串,折现曲线,,引用市场数据折现曲线key
EQ_RANGE_ACCURE,权益,EPS,eps,浮点数,,,
EQ_RANGE_ACCURE,权益,FIXING_ID,fixingId,字符串,定盘ID,,
EQ_RANGE_ACCURE,权益,INSTRUMENT_ID,instrumentId,字符串,交易编号,,数据域=TRADE；通用校验字段(存在时校验)
EQ_RANGE_ACCURE,权益,LOWER_BARRIER,lowerBarrier,浮点数,下障碍,,
EQ_RANGE_ACCURE,权益,MATURITY_DATE,maturityDate,日期,到期日,,yyyyMMdd
EQ_RANGE_ACCURE,权益,MODEL_TYPE,modelType,字符串,,CONST_VOL|LOCAL_VOL|HESTON,
EQ_RANGE_ACCURE,权益,NOTIONAL,notional,浮点数,名义金额,,非负有限数
EQ_RANGE_ACCURE,权益,OBS_DATES,obsDates,字符串,,,
EQ_RANGE_ACCURE,权益,PRODUCT_CODE,productCode,字符串,产品代码,,数据域=TRADE；通用校验字段(存在时校验)
EQ_RANGE_ACCURE,权益,RANGE_ACCURE_RATE,rangeAccureRate,浮点数,,,
EQ_RANGE_ACCURE,权益,RANGE_DIRECTION,rangeDirection,字符串,区间方向,,
EQ_RANGE_ACCURE,权益,REFERENCE_CURVE,referenceCurve,字符串,价格曲线,,
EQ_RANGE_ACCURE,权益,SETTLE_DATE,settleDate,日期,结算日,,yyyyMMdd
EQ_RANGE_ACCURE,权益,START_DATE,startDate,日期,起息日,,yyyyMMdd
EQ_RANGE_ACCURE,权益,UPPER_BARRIER,upperBarrier,浮点数,上障碍价,,
EQ_RANGE_ACCURE,权益,VOLATILITY_SURFACE,volatilitySurface,字符串,波动率曲面,,引用市场数据波动率曲面key
EQ_SHARKFIN,权益,BASE_RATE,baseRate,浮点数,基础收益率,,数据域=TRADE；必填(校验规则)
EQ_SHARKFIN,权益,BUY_OR_SELL,buyOrSell,字符串,买卖方向,B|S,数据域=TRADE；必填(校验规则)
EQ_SHARKFIN,权益,CONTRACT_SIZE,contractSize,浮点数,合约乘数,,默认1；数据域=TRADE；默认值=1
EQ_SHARKFIN,权益,CURRENCY_CODE,currencyCode,字符串,货币代码,,数据域=TRADE；必填(校验规则)
EQ_SHARKFIN,权益,DISCOUNT_CURVE,discountCurve,字符串,折现曲线,,引用市场数据折现曲线key
EQ_SHARKFIN,权益,DOWN_BARRIER,downBarrierPrice,浮点数,下障碍价,,数据域=TRADE；必填(校验规则)
EQ_SHARKFIN,权益,FIXING_ID,fixingId,字符串,定盘ID,,
EQ_SHARKFIN,权益,INSTRUMENT_ID,instrumentId,字符串,交易编号,,数据域=TRADE；通用校验字段(存在时校验)
EQ_SHARKFIN,权益,MATURITY_DATE,maturityDate,日期,到期日,,yyyyMMdd；数据域=TRADE；必填(校验规则)
EQ_SHARKFIN,权益,NOTIONAL,notional,浮点数,名义金额,,非负有限数；数据域=TRADE；必填(校验规则)
EQ_SHARKFIN,权益,OPTION_TYPE,optionType,字符串,期权类型,,数据域=TRADE；必填(校验规则)
EQ_SHARKFIN,权益,PRODUCT_CODE,productCode,字符串,产品代码,,数据域=TRADE；通用校验字段(存在时校验)
EQ_SHARKFIN,权益,REFERENCE_CURVE,referenceCurve,字符串,价格曲线,,数据域=TRADE；必填(校验规则)
EQ_SHARKFIN,权益,SETTLE_DATE,settleDate,日期,结算日,,yyyyMMdd；数据域=TRADE；必填(校验规则)
EQ_SHARKFIN,权益,SETTLE_TYPE,settleType,字符串,结算方式,Cash/Physical,数据域=TRADE；默认值=CASH
EQ_SHARKFIN,权益,START_DATE,startDate,日期,起息日,,yyyyMMdd；数据域=TRADE；必填(校验规则)
EQ_SHARKFIN,权益,STRIKE_PRICE,strikePrice,浮点数,行权价,,正数；数据域=TRADE；必填(校验规则)
EQ_SHARKFIN,权益,TOUCH_RATE,touchRate,浮点数,触碰收益率,,数据域=TRADE；必填(校验规则)
EQ_SHARKFIN,权益,UNDERLYING_CODE,underlyingCode,字符串,标的代码,,
EQ_SHARKFIN,权益,UPPER_BARRIER,upBarrierPrice,浮点数,上障碍价,,数据域=TRADE；必填(校验规则)
EQ_SHARKFIN,权益,VOLATILITY_SURFACE,volatilitySurface,字符串,波动率曲面,,引用市场数据波动率曲面key；数据域=TRADE；必填(校验规则)
EQ_SHARKFIN,权益,VV_FLAG,vvFlag,布尔,VannaVolga开关,true/false,
EQ_SPREADOPT,权益,BASE_CURRENCY_CODE,baseCurrencyCode,字符串,基础货币代码,,
EQ_SPREADOPT,权益,BUY_OR_SELL,buyOrSell,字符串,买卖方向,B|S,数据域=TRADE；必填(校验规则)
EQ_SPREADOPT,权益,CALL_OR_PUT,callOrPut,字符串,看涨看跌,Call/Put,数据域=TRADE；默认值=CALL
EQ_SPREADOPT,权益,CONTRACT_SIZE,contractSize,浮点数,合约乘数,,默认1；数据域=TRADE；必填(校验规则)；默认值=1
EQ_SPREADOPT,权益,CURRENCY_CODE,currencyCode,字符串,货币代码,,数据域=TRADE；必填(校验规则)
EQ_SPREADOPT,权益,DISCOUNT_CURVE,discountCurve,字符串,折现曲线,,引用市场数据折现曲线key；数据域=TRADE；必填(校验规则)
EQ_SPREADOPT,权益,DOWN_BARRIER,downBarrierPrice,浮点数,下障碍价,,数据域=TRADE；必填(校验规则)
EQ_SPREADOPT,权益,FIXING_ID,fixingId,字符串,定盘ID,,
EQ_SPREADOPT,权益,INITIAL_PRICE,initialPrice,浮点数,,,数据域=TRADE；必填(校验规则)
EQ_SPREADOPT,权益,INSTRUMENT_ID,instrumentId,字符串,交易编号,,数据域=TRADE；通用校验字段(存在时校验)
EQ_SPREADOPT,权益,MATURITY_DATE,maturityDate,日期,到期日,,yyyyMMdd；数据域=TRADE；必填(校验规则)
EQ_SPREADOPT,权益,NOTIONAL,notional,浮点数,名义金额,,非负有限数；数据域=TRADE；必填(校验规则)
EQ_SPREADOPT,权益,OPTION_TYPE,optionType,字符串,期权类型,Call|Put,数据域=TRADE；必填(校验规则)
EQ_SPREADOPT,权益,PRODUCT_CODE,productCode,字符串,产品代码,,数据域=TRADE；通用校验字段(存在时校验)
EQ_SPREADOPT,权益,REFERENCE_CURVE,referenceCurve,字符串,价格曲线,,数据域=TRADE；必填(校验规则)
EQ_SPREADOPT,权益,SETTLE_DATE,settleDate,日期,结算日,,yyyyMMdd；数据域=TRADE；必填(校验规则)
EQ_SPREADOPT,权益,SETTLE_TYPE,settleType,字符串,结算方式,Cash/Physical,数据域=TRADE；必填(校验规则)；默认值=CASH
EQ_SPREADOPT,权益,START_DATE,startDate,日期,起息日,,yyyyMMdd；数据域=TRADE；必填(校验规则)
EQ_SPREADOPT,权益,STRIKE_PRICE,strikePrice,浮点数,行权价,,正数
EQ_SPREADOPT,权益,UNDERLYING_CURRENCY_CODE,underlyingCurrencyCode,字符串,标的货币代码,,
EQ_SPREADOPT,权益,UPPER_BARRIER,upBarrierPrice,浮点数,上障碍价,,数据域=TRADE；必填(校验规则)
EQ_SPREADOPT,权益,VOLATILITY_SURFACE,volatilitySurface,字符串,波动率曲面,,引用市场数据波动率曲面key；数据域=TRADE；必填(校验规则)
EQ_SPREADOPT,权益,VV_FLAG,vvFlag,布尔,VannaVolga开关,true/false,
EQ_STEP_UP,权益,ABS_FLAG,absFlag,布尔,,,
EQ_STEP_UP,权益,BUY_OR_SELL,buyOrSell,字符串,买卖方向,B/S,
EQ_STEP_UP,权益,CALL_OR_PUT,callOrPut,字符串,看涨看跌,Call/Put,
EQ_STEP_UP,权益,CURRENCY_CODE,currencyCode,字符串,货币代码,,
EQ_STEP_UP,权益,DAY_COUNT_BASIS,dayCountBasis,字符串,日计数基准,"actual/365,actual/360,30/360",
EQ_STEP_UP,权益,DISCOUNT_CURVE,discountCurve,字符串,折现曲线,,引用市场数据折现曲线key
EQ_STEP_UP,权益,EPS,eps,浮点数,,,
EQ_STEP_UP,权益,FIXING_DATE,fixingDate,日期,,,
EQ_STEP_UP,权益,FIXING_ID,fixingId,字符串,定盘ID,,
EQ_STEP_UP,权益,HIGH_RATE,highRate,浮点数,高收益率,,
EQ_STEP_UP,权益,INSTRUMENT_ID,instrumentId,字符串,交易编号,,数据域=TRADE；通用校验字段(存在时校验)
EQ_STEP_UP,权益,LOWER_BARRIER,lowerBarrier,浮点数,下障碍,,
EQ_STEP_UP,权益,LOW_RATE,lowRate,浮点数,低收益率,,
EQ_STEP_UP,权益,MATURITY_DATE,maturityDate,日期,到期日,,yyyyMMdd
EQ_STEP_UP,权益,MID_RATE,midRate,浮点数,中间收益率,,
EQ_STEP_UP,权益,MODEL_TYPE,modelType,字符串,,CONST_VOL|LOCAL_VOL|HESTON,
EQ_STEP_UP,权益,NOTIONAL,notional,浮点数,名义金额,,非负有限数
EQ_STEP_UP,权益,PRODUCT_CODE,productCode,字符串,产品代码,,数据域=TRADE；通用校验字段(存在时校验)
EQ_STEP_UP,权益,REFERENCE_CURVE,referenceCurve,字符串,价格曲线,,
EQ_STEP_UP,权益,SETTLE_DATE,settleDate,日期,结算日,,yyyyMMdd
EQ_STEP_UP,权益,START_DATE,startDate,日期,起息日,,yyyyMMdd
EQ_STEP_UP,权益,UPPER_BARRIER,upperBarrier,浮点数,上障碍价,,
EQ_STEP_UP,权益,VOLATILITY_SURFACE,volatilitySurface,字符串,波动率曲面,,引用市场数据波动率曲面key
EQ_STEP_UP,权益,VV_FLAG,vvFlag,布尔,VannaVolga开关,true/false,
EQ_WEDDING_CAKE,权益,ABS_FLAG,absFlag,布尔,,,
EQ_WEDDING_CAKE,权益,BUY_OR_SELL,buyOrSell,字符串,买卖方向,B|S,数据域=TRADE；必填(校验规则)
EQ_WEDDING_CAKE,权益,CONTRACT_SIZE,contractSize,浮点数,合约乘数,,默认1；数据域=TRADE；必填(校验规则)
EQ_WEDDING_CAKE,权益,CURRENCY_CODE,currencyCode,字符串,货币代码,,数据域=TRADE；必填(校验规则)
EQ_WEDDING_CAKE,权益,DISCOUNT_CURVE,discountCurve,字符串,折现曲线,,引用市场数据折现曲线key
EQ_WEDDING_CAKE,权益,EPS,eps,浮点数,,,
EQ_WEDDING_CAKE,权益,FIXING_ID,fixingId,字符串,定盘ID,,
EQ_WEDDING_CAKE,权益,INNER_LOWER_BARRIER,innerLowerBarrier,浮点数,内层下障碍,,数据域=TRADE；必填(校验规则)
EQ_WEDDING_CAKE,权益,INNER_RATE,innerRate,浮点数,内层收益率,,数据域=TRADE；必填(校验规则)
EQ_WEDDING_CAKE,权益,INNER_UPPER_BARRIER,innerUpperBarrier,浮点数,内层上障碍,,数据域=TRADE；必填(校验规则)
EQ_WEDDING_CAKE,权益,INSTRUMENT_ID,instrumentId,字符串,交易编号,,数据域=TRADE；通用校验字段(存在时校验)
EQ_WEDDING_CAKE,权益,MATURITY_DATE,maturityDate,日期,到期日,,yyyyMMdd；数据域=TRADE；必填(校验规则)
EQ_WEDDING_CAKE,权益,MID_RATE,midRate,浮点数,中间收益率,,数据域=TRADE；必填(校验规则)
EQ_WEDDING_CAKE,权益,NOTIONAL,notional,浮点数,名义金额,,非负有限数；数据域=TRADE；必填(校验规则)
EQ_WEDDING_CAKE,权益,OUTER_LOWER_BARRIER,outerLowerBarrier,浮点数,外层下障碍,,数据域=TRADE；必填(校验规则)
EQ_WEDDING_CAKE,权益,OUTER_UPPER_BARRIER,outerUpperBarrier,浮点数,外层上障碍,,数据域=TRADE；必填(校验规则)
EQ_WEDDING_CAKE,权益,OUT_RATE,outRate,浮点数,外层收益率,,数据域=TRADE；必填(校验规则)
EQ_WEDDING_CAKE,权益,PRODUCT_CODE,productCode,字符串,产品代码,,数据域=TRADE；通用校验字段(存在时校验)
EQ_WEDDING_CAKE,权益,REFERENCE_CURVE,referenceCurve,字符串,价格曲线,,数据域=TRADE；必填(校验规则)
EQ_WEDDING_CAKE,权益,SETTLE_DATE,settleDate,日期,结算日,,yyyyMMdd；数据域=TRADE；必填(校验规则)
EQ_WEDDING_CAKE,权益,START_DATE,startDate,日期,起息日,,yyyyMMdd；数据域=TRADE；必填(校验规则)
EQ_WEDDING_CAKE,权益,VOLATILITY_SURFACE,volatilitySurface,字符串,波动率曲面,,引用市场数据波动率曲面key；数据域=TRADE；必填(校验规则)
EQ_WEDDING_CAKE,权益,VV_FLAG,vvFlag,布尔,VannaVolga开关,true/false,
FXFWD,外汇,BASE_CURRENCY_CODE,baseCurrencyCode,字符串,基础货币代码,,数据域=TRADE；必填(校验规则)
FXFWD,外汇,BASE_CURRENCY_NOTIONAL,baseCurrencyNotional,浮点数,,,数据域=TRADE；必填(校验规则)
FXFWD,外汇,BASE_DISCOUNT_CURVE,baseDiscountCurve,字符串,基础折现曲线,,
FXFWD,外汇,BUY_OR_SELL,buyOrSell,字符串,买卖方向,B/S,
FXFWD,外汇,INSTRUMENT_ID,instrumentId,字符串,交易编号,,数据域=TRADE；通用校验字段(存在时校验)
FXFWD,外汇,PRODUCT_CODE,productCode,字符串,产品代码,,数据域=TRADE；通用校验字段(存在时校验)
FXFWD,外汇,SETTLE_DATE,settleDate,日期,结算日,,yyyyMMdd；数据域=TRADE；必填(校验规则)
FXFWD,外汇,UNDERLYING_CURRENCY_CODE,underlyingCurrencyCode,字符串,标的货币代码,,数据域=TRADE；必填(校验规则)
FXFWD,外汇,UNDERLYING_CURRENCY_NOTIONAL,underlyingCurrencyNotional,浮点数,,,数据域=TRADE；必填(校验规则)
FXFWD,外汇,UNDERLYING_DISCOUNT_CURVE,underlyingDiscountCurve,字符串,标的折现曲线,,
FXOPT,外汇,BASE_CURRENCY_CODE,baseCurrencyCode,字符串,基础货币代码,,
FXOPT,外汇,BASE_DISCOUNT_CURVE,baseDiscountCurve,字符串,基础折现曲线,,
FXOPT,外汇,BUY_OR_SELL,buyOrSell,字符串,买卖方向,B/S,
FXOPT,外汇,CALL_OR_PUT,callOrPut,字符串,看涨看跌,Call/Put,
FXOPT,外汇,CONTRACT_SIZE,contractSize,浮点数,合约乘数,,默认1
FXOPT,外汇,CURRENCY_CODE,currencyCode,字符串,货币代码,,
FXOPT,外汇,INSTRUMENT_ID,instrumentId,字符串,交易编号,,数据域=TRADE；通用校验字段(存在时校验)
FXOPT,外汇,MATURITY_DATE,maturityDate,日期,到期日,,yyyyMMdd
FXOPT,外汇,OPTION_TYPE,optionType,字符串,期权类型,,
FXOPT,外汇,PRODUCT_CODE,productCode,字符串,产品代码,,数据域=TRADE；通用校验字段(存在时校验)
FXOPT,外汇,SETTLE_DATE,settleDate,日期,结算日,,yyyyMMdd
FXOPT,外汇,SETTLE_TYPE,settleType,字符串,结算方式,Cash/Physical,
FXOPT,外汇,STRIKE_PRICE,strikePrice,浮点数,行权价,,正数
FXOPT,外汇,UNDERLYING_CURRENCY_CODE,underlyingCurrencyCode,字符串,标的货币代码,,
FXOPT,外汇,UNDERLYING_DISCOUNT_CURVE,underlyingDiscountCurve,字符串,标的折现曲线,,
FXOPT,外汇,VOLATILITY_SURFACE,volatilitySurface,字符串,波动率曲面,,引用市场数据波动率曲面key
FXSWAP,外汇,BASE_CURRENCY_CODE,baseCurrencyCode,字符串,基础货币代码,,数据域=TRADE；必填(校验规则)
FXSWAP,外汇,BASE_CURRENCY_NOTIONAL_FWD,baseCurrencyNotionalFwd,浮点数,,,
FXSWAP,外汇,BASE_CURRENCY_NOTIONAL_SPOT,baseCurrencyNotionalSpot,浮点数,,,数据域=TRADE；必填(校验规则)
FXSWAP,外汇,BASE_DISCOUNT_CURVE,baseDiscountCurve,字符串,基础折现曲线,,
FXSWAP,外汇,BUY_OR_SELL,buyOrSell,字符串,买卖方向,B/S,
FXSWAP,外汇,FWD_SETTLE_DATE,fwdSettleDate,日期,,,数据域=TRADE；必填(校验规则)
FXSWAP,外汇,INSTRUMENT_ID,instrumentId,字符串,交易编号,,数据域=TRADE；通用校验字段(存在时校验)
FXSWAP,外汇,PRODUCT_CODE,productCode,字符串,产品代码,,数据域=TRADE；通用校验字段(存在时校验)
FXSWAP,外汇,SPOT_SETTLE_DATE,spotSettleDate,日期,,,数据域=TRADE；必填(校验规则)
FXSWAP,外汇,UNDERLYING_CURRENCY_CODE,underlyingCurrencyCode,字符串,标的货币代码,,数据域=TRADE；必填(校验规则)
FXSWAP,外汇,UNDERLYING_CURRENCY_NOTIONAL_FWD,underlyingCurrencyNotionalFwd,浮点数,,,
FXSWAP,外汇,UNDERLYING_CURRENCY_NOTIONAL_SPOT,underlyingCurrencyNotionalSpot,浮点数,,,数据域=TRADE；必填(校验规则)
FXSWAP,外汇,UNDERLYING_DISCOUNT_CURVE,underlyingDiscountCurve,字符串,标的折现曲线,,
FX_ASIAN,外汇,BASE_CURRENCY_CODE,baseCurrencyCode,字符串,,,
FX_ASIAN,外汇,BASE_DISCOUNT_CURVE,baseDiscountCurve,字符串,,,
FX_ASIAN,外汇,BUY_OR_SELL,buyOrSell,字符串,,B|S,
FX_ASIAN,外汇,CALL_OR_PUT,callOrPut,字符串,,,
FX_ASIAN,外汇,CONTRACT_SIZE,contractSize,字符串,,,
FX_ASIAN,外汇,CURRENCY_CODE,currencyCode,字符串,,,
FX_ASIAN,外汇,FIXING_ID,fixingId,字符串,,,
FX_ASIAN,外汇,INSTRUMENT_ID,instrumentId,字符串,,,数据域=TRADE；通用校验字段(存在时校验)
FX_ASIAN,外汇,MATURITY_DATE,maturityDate,日期,,,
FX_ASIAN,外汇,OBS_END_DATE,obsEndDate,日期,,,
FX_ASIAN,外汇,OBS_START_DATE,obsStartDate,日期,,,
FX_ASIAN,外汇,PRODUCT_CODE,productCode,字符串,,,数据域=TRADE；通用校验字段(存在时校验)
FX_ASIAN,外汇,SETTLE_DATE,settleDate,日期,,,
FX_ASIAN,外汇,SETTLE_TYPE,settleType,字符串,,,
FX_ASIAN,外汇,STRIKE_PRICE,strikePrice,浮点数,,,
FX_ASIAN,外汇,UNDERLYING_CURRENCY_CODE,underlyingCurrencyCode,字符串,,,
FX_ASIAN,外汇,UNDERLYING_DISCOUNT_CURVE,underlyingDiscountCurve,字符串,,,
FX_ASIAN,外汇,VOLATILITY_SURFACE,volatilitySurface,字符串,,,
FX_BARRIER,外汇,BASE_CURRENCY_CODE,baseCurrencyCode,字符串,基础货币代码,,
FX_BARRIER,外汇,BASE_DISCOUNT_CURVE,baseDiscountCurve,字符串,基础折现曲线,,
FX_BARRIER,外汇,BASE_PAYOFF,basePayoff,浮点数,基础赔付,,
FX_BARRIER,外汇,BUY_OR_SELL,buyOrSell,字符串,买卖方向,B/S,
FX_BARRIER,外汇,CONTRACT_SIZE,contractSize,浮点数,合约乘数,,默认1
FX_BARRIER,外汇,CURRENCY_CODE,currencyCode,字符串,货币代码,,
FX_BARRIER,外汇,DISCOUNT_CURVE,discountCurve,字符串,折现曲线,,引用市场数据折现曲线key
FX_BARRIER,外汇,DOWN_BARRIER,downBarrierPrice,浮点数,下障碍价,,
FX_BARRIER,外汇,INSTRUMENT_ID,instrumentId,字符串,交易编号,,数据域=TRADE；通用校验字段(存在时校验)
FX_BARRIER,外汇,KNOCK_OUT_FLAG,knockOutFlag,字符串,敲出标志,,
FX_BARRIER,外汇,MATURITY_DATE,maturityDate,日期,到期日,,yyyyMMdd
FX_BARRIER,外汇,OPTION_TYPE,optionType,字符串,期权类型,,
FX_BARRIER,外汇,PAYOFF_LOWER,payoffLower,浮点数,下行赔付,,
FX_BARRIER,外汇,PRODUCT_CODE,productCode,字符串,产品代码,,数据域=TRADE；通用校验字段(存在时校验)
FX_BARRIER,外汇,SETTLE_DATE,settleDate,日期,结算日,,yyyyMMdd
FX_BARRIER,外汇,TOUCH_BEFORE_FLAG,touchBeforeFlag,字符串,,,
FX_BARRIER,外汇,UNDERLYING_CURRENCY_CODE,underlyingCurrencyCode,字符串,标的货币代码,,
FX_BARRIER,外汇,UNDERLYING_DISCOUNT_CURVE,underlyingDiscountCurve,字符串,标的折现曲线,,
FX_BARRIER,外汇,UPPER_BARRIER,upBarrierPrice,浮点数,上障碍价,,
FX_BARRIER,外汇,VOLATILITY_SURFACE,volatilitySurface,字符串,波动率曲面,,引用市场数据波动率曲面key
FX_BARRIER,外汇,VV_FLAG,vvFlag,布尔,VannaVolga开关,true/false,
FX_DIGITAL,外汇,BASE_CURRENCY_CODE,baseCurrencyCode,字符串,基础货币代码,,
FX_DIGITAL,外汇,BASE_DISCOUNT_CURVE,baseDiscountCurve,字符串,基础折现曲线,,
FX_DIGITAL,外汇,BASE_PAYOFF,basePayoff,浮点数,基础赔付,,
FX_DIGITAL,外汇,BUY_OR_SELL,buyOrSell,字符串,买卖方向,B/S,
FX_DIGITAL,外汇,CALL_OR_PUT,callOrPut,字符串,看涨看跌,Call/Put,
FX_DIGITAL,外汇,CONTRACT_SIZE,contractSize,浮点数,合约乘数,,默认1
FX_DIGITAL,外汇,CURRENCY_CODE,currencyCode,字符串,货币代码,,
FX_DIGITAL,外汇,DISCOUNT_CURVE,discountCurve,字符串,折现曲线,,引用市场数据折现曲线key
FX_DIGITAL,外汇,INSTRUMENT_ID,instrumentId,字符串,交易编号,,数据域=TRADE；通用校验字段(存在时校验)
FX_DIGITAL,外汇,MATURITY_DATE,maturityDate,日期,到期日,,yyyyMMdd
FX_DIGITAL,外汇,PAYOFF_LOWER,payoffLower,浮点数,下行赔付,,
FX_DIGITAL,外汇,PRODUCT_CODE,productCode,字符串,产品代码,,数据域=TRADE；通用校验字段(存在时校验)
FX_DIGITAL,外汇,SETTLE_DATE,settleDate,日期,结算日,,yyyyMMdd
FX_DIGITAL,外汇,STRIKE_PRICE,strikePrice,浮点数,行权价,,正数
FX_DIGITAL,外汇,UNDERLYING_CURRENCY_CODE,underlyingCurrencyCode,字符串,标的货币代码,,
FX_DIGITAL,外汇,UNDERLYING_DISCOUNT_CURVE,underlyingDiscountCurve,字符串,标的折现曲线,,
FX_DIGITAL,外汇,VOLATILITY_SURFACE,volatilitySurface,字符串,波动率曲面,,引用市场数据波动率曲面key
FX_DIGITAL,外汇,VV_FLAG,vvFlag,布尔,VannaVolga开关,true/false,
FX_RANGE_ACCURE,外汇,ABS_FLAG,absFlag,布尔,,,
FX_RANGE_ACCURE,外汇,BASE_CURRENCY_CODE,baseCurrencyCode,字符串,基础货币代码,,
FX_RANGE_ACCURE,外汇,BASE_DISCOUNT_CURVE,baseDiscountCurve,字符串,基础折现曲线,,
FX_RANGE_ACCURE,外汇,BUY_OR_SELL,buyOrSell,字符串,买卖方向,B/S,
FX_RANGE_ACCURE,外汇,CURRENCY_CODE,currencyCode,字符串,货币代码,,
FX_RANGE_ACCURE,外汇,DISCOUNT_CURVE,discountCurve,字符串,折现曲线,,引用市场数据折现曲线key
FX_RANGE_ACCURE,外汇,EPS,eps,浮点数,,,
FX_RANGE_ACCURE,外汇,FIXING_ID,fixingId,字符串,定盘ID,,
FX_RANGE_ACCURE,外汇,INSTRUMENT_ID,instrumentId,字符串,交易编号,,数据域=TRADE；通用校验字段(存在时校验)
FX_RANGE_ACCURE,外汇,LOWER_BARRIER,lowerBarrier,浮点数,下障碍,,
FX_RANGE_ACCURE,外汇,MATURITY_DATE,maturityDate,日期,到期日,,yyyyMMdd
FX_RANGE_ACCURE,外汇,MODEL_TYPE,modelType,字符串,,CONST_VOL|LOCAL_VOL|HESTON,
FX_RANGE_ACCURE,外汇,NOTIONAL,notional,浮点数,名义金额,,非负有限数
FX_RANGE_ACCURE,外汇,OBS_DATES,obsDates,字符串,,,
FX_RANGE_ACCURE,外汇,PRODUCT_CODE,productCode,字符串,产品代码,,数据域=TRADE；通用校验字段(存在时校验)
FX_RANGE_ACCURE,外汇,RANGE_ACCURE_RATE,rangeAccureRate,浮点数,,,
FX_RANGE_ACCURE,外汇,RANGE_DIRECTION,rangeDirection,字符串,区间方向,,
FX_RANGE_ACCURE,外汇,REFERENCE_CURVE,referenceCurve,字符串,价格曲线,,
FX_RANGE_ACCURE,外汇,SETTLE_DATE,settleDate,日期,结算日,,yyyyMMdd
FX_RANGE_ACCURE,外汇,START_DATE,startDate,日期,起息日,,yyyyMMdd
FX_RANGE_ACCURE,外汇,UNDERLYING_CURRENCY_CODE,underlyingCurrencyCode,字符串,标的货币代码,,
FX_RANGE_ACCURE,外汇,UNDERLYING_DISCOUNT_CURVE,underlyingDiscountCurve,字符串,标的折现曲线,,
FX_RANGE_ACCURE,外汇,UPPER_BARRIER,upperBarrier,浮点数,上障碍价,,
FX_RANGE_ACCURE,外汇,VOLATILITY_SURFACE,volatilitySurface,字符串,波动率曲面,,引用市场数据波动率曲面key
FX_SHARKFIN,外汇,BASE_CURRENCY_CODE,baseCurrencyCode,字符串,基础货币代码,,
FX_SHARKFIN,外汇,BASE_DISCOUNT_CURVE,baseDiscountCurve,字符串,基础折现曲线,,
FX_SHARKFIN,外汇,BASE_RATE,baseRate,浮点数,基础收益率,,数据域=TRADE；必填(校验规则)
FX_SHARKFIN,外汇,BUY_OR_SELL,buyOrSell,字符串,买卖方向,B|S,数据域=TRADE；必填(校验规则)
FX_SHARKFIN,外汇,CONTRACT_SIZE,contractSize,浮点数,合约乘数,,默认1；数据域=TRADE；必填(校验规则)；默认值=1
FX_SHARKFIN,外汇,CURRENCY_CODE,currencyCode,字符串,货币代码,,数据域=TRADE；必填(校验规则)
FX_SHARKFIN,外汇,DISCOUNT_CURVE,discountCurve,字符串,折现曲线,,引用市场数据折现曲线key
FX_SHARKFIN,外汇,DOWN_BARRIER,downBarrierPrice,浮点数,下障碍价,,数据域=TRADE；必填(校验规则)
FX_SHARKFIN,外汇,FIXING_ID,fixingId,字符串,定盘ID,,
FX_SHARKFIN,外汇,INSTRUMENT_ID,instrumentId,字符串,交易编号,,数据域=TRADE；通用校验字段(存在时校验)
FX_SHARKFIN,外汇,MATURITY_DATE,maturityDate,日期,到期日,,yyyyMMdd；数据域=TRADE；必填(校验规则)
FX_SHARKFIN,外汇,NOTIONAL,notional,浮点数,名义金额,,非负有限数；数据域=TRADE；必填(校验规则)
FX_SHARKFIN,外汇,OPTION_TYPE,optionType,字符串,期权类型,,数据域=TRADE；必填(校验规则)
FX_SHARKFIN,外汇,PRODUCT_CODE,productCode,字符串,产品代码,,数据域=TRADE；通用校验字段(存在时校验)
FX_SHARKFIN,外汇,SETTLE_DATE,settleDate,日期,结算日,,yyyyMMdd；数据域=TRADE；必填(校验规则)
FX_SHARKFIN,外汇,SETTLE_TYPE,settleType,字符串,结算方式,Cash/Physical,数据域=TRADE；默认值=CASH
FX_SHARKFIN,外汇,START_DATE,startDate,日期,起息日,,yyyyMMdd；数据域=TRADE；必填(校验规则)
FX_SHARKFIN,外汇,STRIKE_PRICE,strikePrice,浮点数,行权价,,正数；数据域=TRADE；必填(校验规则)
FX_SHARKFIN,外汇,TOUCH_RATE,touchRate,浮点数,触碰收益率,,数据域=TRADE；必填(校验规则)
FX_SHARKFIN,外汇,UNDERLYING_CURRENCY_CODE,underlyingCurrencyCode,字符串,标的货币代码,,
FX_SHARKFIN,外汇,UNDERLYING_DISCOUNT_CURVE,underlyingDiscountCurve,字符串,标的折现曲线,,
FX_SHARKFIN,外汇,UPPER_BARRIER,upBarrierPrice,浮点数,上障碍价,,数据域=TRADE；必填(校验规则)
FX_SHARKFIN,外汇,VOLATILITY_SURFACE,volatilitySurface,字符串,波动率曲面,,引用市场数据波动率曲面key；数据域=TRADE；必填(校验规则)
FX_SHARKFIN,外汇,VV_FLAG,vvFlag,布尔,VannaVolga开关,true/false,
FX_SPREADOPT,外汇,BASE_CURRENCY_CODE,baseCurrencyCode,字符串,基础货币代码,,数据域=TRADE；必填(校验规则)
FX_SPREADOPT,外汇,BASE_DISCOUNT_CURVE,baseDiscountCurve,字符串,基础折现曲线,,数据域=TRADE；必填(校验规则)
FX_SPREADOPT,外汇,BUY_OR_SELL,buyOrSell,字符串,买卖方向,B|S,数据域=TRADE；必填(校验规则)
FX_SPREADOPT,外汇,CALL_OR_PUT,callOrPut,字符串,看涨看跌,Call/Put,数据域=TRADE；默认值=CALL
FX_SPREADOPT,外汇,CONTRACT_SIZE,contractSize,浮点数,合约乘数,,默认1；数据域=TRADE；必填(校验规则)；默认值=1
FX_SPREADOPT,外汇,CURRENCY_CODE,currencyCode,字符串,货币代码,,
FX_SPREADOPT,外汇,DOWN_BARRIER,downBarrierPrice,浮点数,下障碍价,,数据域=TRADE；必填(校验规则)
FX_SPREADOPT,外汇,FIXING_ID,fixingId,字符串,定盘ID,,
FX_SPREADOPT,外汇,INITIAL_PRICE,initialPrice,浮点数,,,数据域=TRADE；必填(校验规则)
FX_SPREADOPT,外汇,INSTRUMENT_ID,instrumentId,字符串,交易编号,,数据域=TRADE；通用校验字段(存在时校验)
FX_SPREADOPT,外汇,MATURITY_DATE,maturityDate,日期,到期日,,yyyyMMdd；数据域=TRADE；必填(校验规则)
FX_SPREADOPT,外汇,NOTIONAL,notional,浮点数,名义金额,,非负有限数；数据域=TRADE；必填(校验规则)
FX_SPREADOPT,外汇,OPTION_TYPE,optionType,字符串,期权类型,Call|Put,数据域=TRADE；必填(校验规则)
FX_SPREADOPT,外汇,PRODUCT_CODE,productCode,字符串,产品代码,,数据域=TRADE；通用校验字段(存在时校验)
FX_SPREADOPT,外汇,SETTLE_DATE,settleDate,日期,结算日,,yyyyMMdd；数据域=TRADE；必填(校验规则)
FX_SPREADOPT,外汇,SETTLE_TYPE,settleType,字符串,结算方式,Cash/Physical,数据域=TRADE；必填(校验规则)；默认值=CASH
FX_SPREADOPT,外汇,START_DATE,startDate,日期,起息日,,yyyyMMdd；数据域=TRADE；必填(校验规则)
FX_SPREADOPT,外汇,STRIKE_PRICE,strikePrice,浮点数,行权价,,正数
FX_SPREADOPT,外汇,UNDERLYING_CURRENCY_CODE,underlyingCurrencyCode,字符串,标的货币代码,,数据域=TRADE；必填(校验规则)
FX_SPREADOPT,外汇,UNDERLYING_DISCOUNT_CURVE,underlyingDiscountCurve,字符串,标的折现曲线,,数据域=TRADE；必填(校验规则)
FX_SPREADOPT,外汇,UPPER_BARRIER,upBarrierPrice,浮点数,上障碍价,,数据域=TRADE；必填(校验规则)
FX_SPREADOPT,外汇,VOLATILITY_SURFACE,volatilitySurface,字符串,波动率曲面,,引用市场数据波动率曲面key；数据域=TRADE；必填(校验规则)
FX_SPREADOPT,外汇,VV_FLAG,vvFlag,布尔,VannaVolga开关,true/false,
FX_STEP_UP,外汇,ABS_FLAG,absFlag,布尔,,,
FX_STEP_UP,外汇,BASE_CURRENCY_CODE,baseCurrencyCode,字符串,基础货币代码,,
FX_STEP_UP,外汇,BASE_DISCOUNT_CURVE,baseDiscountCurve,字符串,基础折现曲线,,
FX_STEP_UP,外汇,BUY_OR_SELL,buyOrSell,字符串,买卖方向,B/S,
FX_STEP_UP,外汇,CALL_OR_PUT,callOrPut,字符串,看涨看跌,Call/Put,
FX_STEP_UP,外汇,CURRENCY_CODE,currencyCode,字符串,货币代码,,
FX_STEP_UP,外汇,DAY_COUNT_BASIS,dayCountBasis,字符串,日计数基准,"actual/365,actual/360,30/360",
FX_STEP_UP,外汇,DISCOUNT_CURVE,discountCurve,字符串,折现曲线,,引用市场数据折现曲线key
FX_STEP_UP,外汇,EPS,eps,浮点数,,,
FX_STEP_UP,外汇,FIXING_DATE,fixingDate,日期,,,
FX_STEP_UP,外汇,FIXING_ID,fixingId,字符串,定盘ID,,
FX_STEP_UP,外汇,HIGH_RATE,highRate,浮点数,高收益率,,
FX_STEP_UP,外汇,INSTRUMENT_ID,instrumentId,字符串,交易编号,,数据域=TRADE；通用校验字段(存在时校验)
FX_STEP_UP,外汇,LOWER_BARRIER,lowerBarrier,浮点数,下障碍,,
FX_STEP_UP,外汇,LOW_RATE,lowRate,浮点数,低收益率,,
FX_STEP_UP,外汇,MATURITY_DATE,maturityDate,日期,到期日,,yyyyMMdd
FX_STEP_UP,外汇,MID_RATE,midRate,浮点数,中间收益率,,
FX_STEP_UP,外汇,MODEL_TYPE,modelType,字符串,,CONST_VOL|LOCAL_VOL|HESTON,
FX_STEP_UP,外汇,NOTIONAL,notional,浮点数,名义金额,,非负有限数
FX_STEP_UP,外汇,PRODUCT_CODE,productCode,字符串,产品代码,,数据域=TRADE；通用校验字段(存在时校验)
FX_STEP_UP,外汇,SETTLE_DATE,settleDate,日期,结算日,,yyyyMMdd
FX_STEP_UP,外汇,START_DATE,startDate,日期,起息日,,yyyyMMdd
FX_STEP_UP,外汇,UNDERLYING_CURRENCY_CODE,underlyingCurrencyCode,字符串,标的货币代码,,
FX_STEP_UP,外汇,UNDERLYING_DISCOUNT_CURVE,underlyingDiscountCurve,字符串,标的折现曲线,,
FX_STEP_UP,外汇,UPPER_BARRIER,upperBarrier,浮点数,上障碍价,,
FX_STEP_UP,外汇,VOLATILITY_SURFACE,volatilitySurface,字符串,波动率曲面,,引用市场数据波动率曲面key
FX_STEP_UP,外汇,VV_FLAG,vvFlag,布尔,VannaVolga开关,true/false,
FX_WEDDING_CAKE,外汇,ABS_FLAG,absFlag,布尔,,,
FX_WEDDING_CAKE,外汇,BASE_CURRENCY_CODE,baseCurrencyCode,字符串,基础货币代码,,
FX_WEDDING_CAKE,外汇,BASE_DISCOUNT_CURVE,baseDiscountCurve,字符串,基础折现曲线,,数据域=TRADE；必填(校验规则)
FX_WEDDING_CAKE,外汇,BUY_OR_SELL,buyOrSell,字符串,买卖方向,B|S,数据域=TRADE；必填(校验规则)
FX_WEDDING_CAKE,外汇,CONTRACT_SIZE,contractSize,浮点数,合约乘数,,默认1；数据域=TRADE；必填(校验规则)
FX_WEDDING_CAKE,外汇,CURRENCY_CODE,currencyCode,字符串,货币代码,,数据域=TRADE；必填(校验规则)
FX_WEDDING_CAKE,外汇,DISCOUNT_CURVE,discountCurve,字符串,折现曲线,,引用市场数据折现曲线key
FX_WEDDING_CAKE,外汇,EPS,eps,浮点数,,,
FX_WEDDING_CAKE,外汇,FIXING_ID,fixingId,字符串,定盘ID,,
FX_WEDDING_CAKE,外汇,INNER_LOWER_BARRIER,innerLowerBarrier,浮点数,内层下障碍,,数据域=TRADE；必填(校验规则)
FX_WEDDING_CAKE,外汇,INNER_RATE,innerRate,浮点数,内层收益率,,数据域=TRADE；必填(校验规则)
FX_WEDDING_CAKE,外汇,INNER_UPPER_BARRIER,innerUpperBarrier,浮点数,内层上障碍,,数据域=TRADE；必填(校验规则)
FX_WEDDING_CAKE,外汇,INSTRUMENT_ID,instrumentId,字符串,交易编号,,数据域=TRADE；通用校验字段(存在时校验)
FX_WEDDING_CAKE,外汇,MATURITY_DATE,maturityDate,日期,到期日,,yyyyMMdd；数据域=TRADE；必填(校验规则)
FX_WEDDING_CAKE,外汇,MID_RATE,midRate,浮点数,中间收益率,,数据域=TRADE；必填(校验规则)
FX_WEDDING_CAKE,外汇,NOTIONAL,notional,浮点数,名义金额,,非负有限数；数据域=TRADE；必填(校验规则)
FX_WEDDING_CAKE,外汇,OUTER_LOWER_BARRIER,outerLowerBarrier,浮点数,外层下障碍,,数据域=TRADE；必填(校验规则)
FX_WEDDING_CAKE,外汇,OUTER_UPPER_BARRIER,outerUpperBarrier,浮点数,外层上障碍,,数据域=TRADE；必填(校验规则)
FX_WEDDING_CAKE,外汇,OUT_RATE,outRate,浮点数,外层收益率,,数据域=TRADE；必填(校验规则)
FX_WEDDING_CAKE,外汇,PRODUCT_CODE,productCode,字符串,产品代码,,数据域=TRADE；通用校验字段(存在时校验)
FX_WEDDING_CAKE,外汇,SETTLE_DATE,settleDate,日期,结算日,,yyyyMMdd；数据域=TRADE；必填(校验规则)
FX_WEDDING_CAKE,外汇,START_DATE,startDate,日期,起息日,,yyyyMMdd；数据域=TRADE；必填(校验规则)
FX_WEDDING_CAKE,外汇,UNDERLYING_CURRENCY_CODE,underlyingCurrencyCode,字符串,标的货币代码,,
FX_WEDDING_CAKE,外汇,UNDERLYING_DISCOUNT_CURVE,underlyingDiscountCurve,字符串,标的折现曲线,,数据域=TRADE；必填(校验规则)
FX_WEDDING_CAKE,外汇,VOLATILITY_SURFACE,volatilitySurface,字符串,波动率曲面,,引用市场数据波动率曲面key；数据域=TRADE；必填(校验规则)
FX_WEDDING_CAKE,外汇,VV_FLAG,vvFlag,布尔,VannaVolga开关,true/false,
IRSCCS,利率,CURRENCY_CODE,currencyCode,字符串,货币代码,,
IRSCCS,利率,DATA_DATE,dataDate,日期,,,
IRSCCS,利率,INSTRUMENT_ID,instrumentId,字符串,交易编号,,数据域=TRADE；通用校验字段(存在时校验)
IRSCCS,利率,MATURITY_DATE,maturityDate,日期,到期日,,yyyyMMdd；数据域=TRADE；必填(校验规则)
IRSCCS,利率,NOTIONAL_EXCHANGE_TYPE,notionalExchangeType,字符串,,,
IRSCCS,利率,PAY_CURRENCY_CODE,payCurrencyCode,字符串,支付货币,,数据域=TRADE；必填(校验规则)
IRSCCS,利率,PAY_DAY_COUNT_BASIS,payDayCountBasis,字符串,支付日计数,,数据域=TRADE；必填(校验规则)；默认值=Actual/365
IRSCCS,利率,PAY_DISCOUNT_CURVE,payDiscountCurve,字符串,支付折现曲线,,数据域=TRADE；必填(校验规则)
IRSCCS,利率,PAY_FIXING_CALENDAR,payFixingCalendar,字符串,,,
IRSCCS,利率,PAY_FIXING_DAYOFF,payFixingDayoff,浮点数,,,数据域=TRADE；默认值=0
IRSCCS,利率,PAY_FIXING_FREQ,payFixingFreq,字符串,,,
IRSCCS,利率,PAY_FIXING_ID,payFixingId,字符串,支付定盘ID,,
IRSCCS,利率,PAY_FIXING_RULE,payFixingRule,字符串,,,数据域=TRADE；默认值=Regular_Preceding
IRSCCS,利率,PAY_FREQ,payFreq,字符串,付息频率,M/Q/S/A,数据域=TRADE；必填(校验规则)
IRSCCS,利率,PAY_INTEREST,payInterest,浮点数,,,数据域=TRADE；默认值=0
IRSCCS,利率,PAY_INTEREST_TYPE,payInterestType,字符串,,Fixed|Floating,数据域=TRADE；必填(校验规则)；默认值=Fixed
IRSCCS,利率,PAY_LAST_FIXING_RATE,payLastFixingRate,浮点数,,,数据域=TRADE；默认值=0
IRSCCS,利率,PAY_NOTIONAL,payNotional,浮点数,支付名义金额,,数据域=TRADE；必填(校验规则)
IRSCCS,利率,PAY_REFERENCE_CURVE,payReferenceCurve,字符串,支付定盘曲线,,
IRSCCS,利率,PAY_RESET_FREQ,payResetFreq,字符串,,,
IRSCCS,利率,PAY_SETTLE_CALENDAR,paySettleCalendar,字符串,,,
IRSCCS,利率,PAY_SETTLE_DAYOFF,paySettleDayoff,浮点数,,,数据域=TRADE；默认值=0
IRSCCS,利率,PAY_SETTLE_RULE,paySettleRule,字符串,,,数据域=TRADE；默认值=Regular_Following
IRSCCS,利率,PAY_SPREAD,paySpread,浮点数,,,数据域=TRADE；默认值=0
IRSCCS,利率,PRODUCT_CODE,productCode,字符串,产品代码,,数据域=TRADE；通用校验字段(存在时校验)
IRSCCS,利率,REC_CURRENCY_CODE,recCurrencyCode,字符串,收取货币,,数据域=TRADE；必填(校验规则)
IRSCCS,利率,REC_DAY_COUNT_BASIS,recDayCountBasis,字符串,收取日计数,,数据域=TRADE；必填(校验规则)；默认值=Actual/365
IRSCCS,利率,REC_DISCOUNT_CURVE,recDiscountCurve,字符串,收取折现曲线,,数据域=TRADE；必填(校验规则)
IRSCCS,利率,REC_FIXING_CALENDAR,recFixingCalendar,字符串,,,
IRSCCS,利率,REC_FIXING_DAYOFF,recFixingDayoff,浮点数,,,数据域=TRADE；默认值=0
IRSCCS,利率,REC_FIXING_FREQ,recFixingFreq,字符串,,,
IRSCCS,利率,REC_FIXING_ID,recFixingId,字符串,收取定盘ID,,
IRSCCS,利率,REC_FIXING_RULE,recFixingRule,字符串,,,数据域=TRADE；默认值=Regular_Preceding
IRSCCS,利率,REC_FREQ,recFreq,字符串,,,数据域=TRADE；必填(校验规则)
IRSCCS,利率,REC_INTEREST,recInterest,浮点数,,,数据域=TRADE；默认值=0
IRSCCS,利率,REC_INTEREST_TYPE,recInterestType,字符串,,Fixed|Floating,数据域=TRADE；必填(校验规则)；默认值=Fixed
IRSCCS,利率,REC_LAST_FIXING_RATE,recLastFixingRate,浮点数,,,数据域=TRADE；默认值=0
IRSCCS,利率,REC_NOTIONAL,recNotional,浮点数,收取名义金额,,数据域=TRADE；必填(校验规则)
IRSCCS,利率,REC_REFERENCE_CURVE,recReferenceCurve,字符串,收取定盘曲线,,
IRSCCS,利率,REC_RESET_FREQ,recResetFreq,字符串,,,
IRSCCS,利率,REC_SETTLE_CALENDAR,recSettleCalendar,字符串,,,
IRSCCS,利率,REC_SETTLE_DAYOFF,recSettleDayoff,浮点数,,,数据域=TRADE；默认值=0
IRSCCS,利率,REC_SETTLE_RULE,recSettleRule,字符串,,,数据域=TRADE；默认值=Regular_Following
IRSCCS,利率,REC_SPREAD,recSpread,浮点数,,,数据域=TRADE；默认值=0
IRSCCS,利率,START_DATE,startDate,日期,起息日,,yyyyMMdd；数据域=TRADE；必填(校验规则)
IRSCCS,利率,SWAP_TYPE,swapType,字符串,互换类型,,
IR_BARRIER,利率,BASE_PAYOFF,basePayoff,浮点数,基础赔付,,
IR_BARRIER,利率,BUY_OR_SELL,buyOrSell,字符串,买卖方向,B/S,
IR_BARRIER,利率,CONTRACT_SIZE,contractSize,浮点数,合约乘数,,默认1
IR_BARRIER,利率,CURRENCY_CODE,currencyCode,字符串,货币代码,,
IR_BARRIER,利率,DISCOUNT_CURVE,discountCurve,字符串,折现曲线,,引用市场数据折现曲线key
IR_BARRIER,利率,DOWN_BARRIER,downBarrierPrice,浮点数,下障碍价,,
IR_BARRIER,利率,FIXING_ID,fixingId,字符串,定盘ID,,
IR_BARRIER,利率,INSTRUMENT_ID,instrumentId,字符串,交易编号,,数据域=TRADE；通用校验字段(存在时校验)
IR_BARRIER,利率,KNOCK_OUT_FLAG,knockOutFlag,字符串,敲出标志,,
IR_BARRIER,利率,MATURITY_DATE,maturityDate,日期,到期日,,yyyyMMdd
IR_BARRIER,利率,OPTION_TYPE,optionType,字符串,期权类型,,
IR_BARRIER,利率,PAYOFF_LOWER,payoffLower,浮点数,下行赔付,,
IR_BARRIER,利率,PRODUCT_CODE,productCode,字符串,产品代码,,数据域=TRADE；通用校验字段(存在时校验)
IR_BARRIER,利率,RATE_TYPE,rateType,字符串,利率类型,,
IR_BARRIER,利率,REFERENCE_CURVE,referenceCurve,字符串,价格曲线,,
IR_BARRIER,利率,SETTLE_DATE,settleDate,日期,结算日,,yyyyMMdd
IR_BARRIER,利率,TERM_CODE,termCode,字符串,期限代码,,
IR_BARRIER,利率,TERM_FREQ,termFreq,字符串,,,
IR_BARRIER,利率,TOUCH_BEFORE_FLAG,touchBeforeFlag,字符串,,,
IR_BARRIER,利率,UPPER_BARRIER,upBarrierPrice,浮点数,上障碍价,,
IR_BARRIER,利率,VOLATILITY_SURFACE,volatilitySurface,字符串,波动率曲面,,引用市场数据波动率曲面key
IR_BARRIER,利率,VV_FLAG,vvFlag,布尔,VannaVolga开关,true/false,
IR_DIGITAL,利率,BASE_PAYOFF,basePayoff,浮点数,基础赔付,,
IR_DIGITAL,利率,BUY_OR_SELL,buyOrSell,字符串,买卖方向,B/S,
IR_DIGITAL,利率,CALL_OR_PUT,callOrPut,字符串,看涨看跌,Call/Put,
IR_DIGITAL,利率,CONTRACT_SIZE,contractSize,浮点数,合约乘数,,默认1
IR_DIGITAL,利率,CURRENCY_CODE,currencyCode,字符串,货币代码,,
IR_DIGITAL,利率,DISCOUNT_CURVE,discountCurve,字符串,折现曲线,,引用市场数据折现曲线key
IR_DIGITAL,利率,FIXING_ID,fixingId,字符串,定盘ID,,
IR_DIGITAL,利率,INSTRUMENT_ID,instrumentId,字符串,交易编号,,数据域=TRADE；通用校验字段(存在时校验)
IR_DIGITAL,利率,MATURITY_DATE,maturityDate,日期,到期日,,yyyyMMdd
IR_DIGITAL,利率,PAYOFF_LOWER,payoffLower,浮点数,下行赔付,,
IR_DIGITAL,利率,PRODUCT_CODE,productCode,字符串,产品代码,,数据域=TRADE；通用校验字段(存在时校验)
IR_DIGITAL,利率,RATE_TYPE,rateType,字符串,利率类型,,
IR_DIGITAL,利率,REFERENCE_CURVE,referenceCurve,字符串,价格曲线,,
IR_DIGITAL,利率,SETTLE_DATE,settleDate,日期,结算日,,yyyyMMdd
IR_DIGITAL,利率,STRIKE_PRICE,strikePrice,浮点数,行权价,,正数
IR_DIGITAL,利率,TERM_CODE,termCode,字符串,期限代码,,
IR_DIGITAL,利率,TERM_FREQ,termFreq,字符串,,,
IR_DIGITAL,利率,VOLATILITY_SURFACE,volatilitySurface,字符串,波动率曲面,,引用市场数据波动率曲面key
IR_DIGITAL,利率,VV_FLAG,vvFlag,布尔,VannaVolga开关,true/false,
IR_RANGE_ACCURE,利率,ABS_FLAG,absFlag,布尔,,,
IR_RANGE_ACCURE,利率,BUY_OR_SELL,buyOrSell,字符串,买卖方向,B/S,
IR_RANGE_ACCURE,利率,CURRENCY_CODE,currencyCode,字符串,货币代码,,
IR_RANGE_ACCURE,利率,DISCOUNT_CURVE,discountCurve,字符串,折现曲线,,引用市场数据折现曲线key
IR_RANGE_ACCURE,利率,EPS,eps,浮点数,,,
IR_RANGE_ACCURE,利率,FIXING_ID,fixingId,字符串,定盘ID,,
IR_RANGE_ACCURE,利率,INSTRUMENT_ID,instrumentId,字符串,交易编号,,数据域=TRADE；通用校验字段(存在时校验)
IR_RANGE_ACCURE,利率,LOWER_BARRIER,lowerBarrier,浮点数,下障碍,,
IR_RANGE_ACCURE,利率,MATURITY_DATE,maturityDate,日期,到期日,,yyyyMMdd
IR_RANGE_ACCURE,利率,MODEL_TYPE,modelType,字符串,,CONST_VOL|LOCAL_VOL|HESTON,
IR_RANGE_ACCURE,利率,NOTIONAL,notional,浮点数,名义金额,,非负有限数
IR_RANGE_ACCURE,利率,OBS_DATES,obsDates,字符串,,,
IR_RANGE_ACCURE,利率,PRODUCT_CODE,productCode,字符串,产品代码,,数据域=TRADE；通用校验字段(存在时校验)
IR_RANGE_ACCURE,利率,RANGE_ACCURE_RATE,rangeAccureRate,浮点数,,,
IR_RANGE_ACCURE,利率,RANGE_DIRECTION,rangeDirection,字符串,区间方向,,
IR_RANGE_ACCURE,利率,RATE_TYPE,rateType,字符串,利率类型,,
IR_RANGE_ACCURE,利率,REFERENCE_CURVE,referenceCurve,字符串,价格曲线,,
IR_RANGE_ACCURE,利率,SETTLE_DATE,settleDate,日期,结算日,,yyyyMMdd
IR_RANGE_ACCURE,利率,START_DATE,startDate,日期,起息日,,yyyyMMdd
IR_RANGE_ACCURE,利率,TERM_CODE,termCode,字符串,期限代码,,
IR_RANGE_ACCURE,利率,TERM_FREQ,termFreq,字符串,,,
IR_RANGE_ACCURE,利率,UPPER_BARRIER,upperBarrier,浮点数,上障碍价,,
IR_RANGE_ACCURE,利率,VOLATILITY_SURFACE,volatilitySurface,字符串,波动率曲面,,引用市场数据波动率曲面key
IR_SHARKFIN,利率,BASE_RATE,baseRate,浮点数,基础收益率,,数据域=TRADE；必填(校验规则)
IR_SHARKFIN,利率,BUY_OR_SELL,buyOrSell,字符串,买卖方向,B|S,数据域=TRADE；必填(校验规则)
IR_SHARKFIN,利率,CONTRACT_SIZE,contractSize,浮点数,合约乘数,,默认1；数据域=TRADE；必填(校验规则)；默认值=1
IR_SHARKFIN,利率,CURRENCY_CODE,currencyCode,字符串,货币代码,,数据域=TRADE；必填(校验规则)
IR_SHARKFIN,利率,DISCOUNT_CURVE,discountCurve,字符串,折现曲线,,引用市场数据折现曲线key
IR_SHARKFIN,利率,DOWN_BARRIER,downBarrierPrice,浮点数,下障碍价,,数据域=TRADE；必填(校验规则)
IR_SHARKFIN,利率,FIXING_ID,fixingId,字符串,定盘ID,,
IR_SHARKFIN,利率,INSTRUMENT_ID,instrumentId,字符串,交易编号,,数据域=TRADE；通用校验字段(存在时校验)
IR_SHARKFIN,利率,MATURITY_DATE,maturityDate,日期,到期日,,yyyyMMdd；数据域=TRADE；必填(校验规则)
IR_SHARKFIN,利率,NOTIONAL,notional,浮点数,名义金额,,非负有限数；数据域=TRADE；必填(校验规则)
IR_SHARKFIN,利率,OPTION_TYPE,optionType,字符串,期权类型,,数据域=TRADE；必填(校验规则)
IR_SHARKFIN,利率,PRODUCT_CODE,productCode,字符串,产品代码,,数据域=TRADE；通用校验字段(存在时校验)
IR_SHARKFIN,利率,RATE_TYPE,rateType,字符串,利率类型,,
IR_SHARKFIN,利率,REFERENCE_CURVE,referenceCurve,字符串,价格曲线,,
IR_SHARKFIN,利率,SETTLE_DATE,settleDate,日期,结算日,,yyyyMMdd；数据域=TRADE；必填(校验规则)
IR_SHARKFIN,利率,SETTLE_TYPE,settleType,字符串,结算方式,Cash/Physical,数据域=TRADE；默认值=CASH
IR_SHARKFIN,利率,START_DATE,startDate,日期,起息日,,yyyyMMdd；数据域=TRADE；必填(校验规则)
IR_SHARKFIN,利率,STRIKE_PRICE,strikePrice,浮点数,行权价,,正数；数据域=TRADE；必填(校验规则)
IR_SHARKFIN,利率,TERM_CODE,termCode,字符串,期限代码,,
IR_SHARKFIN,利率,TERM_FREQ,termFreq,字符串,,,
IR_SHARKFIN,利率,TOUCH_RATE,touchRate,浮点数,触碰收益率,,数据域=TRADE；必填(校验规则)
IR_SHARKFIN,利率,UPPER_BARRIER,upBarrierPrice,浮点数,上障碍价,,数据域=TRADE；必填(校验规则)
IR_SHARKFIN,利率,VOLATILITY_SURFACE,volatilitySurface,字符串,波动率曲面,,引用市场数据波动率曲面key；数据域=TRADE；必填(校验规则)
IR_SHARKFIN,利率,VV_FLAG,vvFlag,布尔,VannaVolga开关,true/false,
IR_SPREADOPT,利率,BASE_CURRENCY_CODE,baseCurrencyCode,字符串,基础货币代码,,
IR_SPREADOPT,利率,BUY_OR_SELL,buyOrSell,字符串,买卖方向,B/S,
IR_SPREADOPT,利率,CALL_OR_PUT,callOrPut,字符串,看涨看跌,Call/Put,
IR_SPREADOPT,利率,CONTRACT_SIZE,contractSize,浮点数,合约乘数,,默认1
IR_SPREADOPT,利率,CURRENCY_CODE,currencyCode,字符串,货币代码,,
IR_SPREADOPT,利率,DISCOUNT_CURVE,discountCurve,字符串,折现曲线,,引用市场数据折现曲线key
IR_SPREADOPT,利率,DOWN_BARRIER,downBarrierPrice,浮点数,下障碍价,,
IR_SPREADOPT,利率,FIXING_ID,fixingId,字符串,定盘ID,,
IR_SPREADOPT,利率,INITIAL_PRICE,initialPrice,浮点数,,,
IR_SPREADOPT,利率,INSTRUMENT_ID,instrumentId,字符串,交易编号,,数据域=TRADE；通用校验字段(存在时校验)
IR_SPREADOPT,利率,MATURITY_DATE,maturityDate,日期,到期日,,yyyyMMdd
IR_SPREADOPT,利率,NOTIONAL,notional,浮点数,名义金额,,非负有限数
IR_SPREADOPT,利率,OPTION_TYPE,optionType,字符串,期权类型,,
IR_SPREADOPT,利率,PRODUCT_CODE,productCode,字符串,产品代码,,数据域=TRADE；通用校验字段(存在时校验)
IR_SPREADOPT,利率,RATE_TYPE,rateType,字符串,利率类型,,
IR_SPREADOPT,利率,REFERENCE_CURVE,referenceCurve,字符串,价格曲线,,
IR_SPREADOPT,利率,SETTLE_DATE,settleDate,日期,结算日,,yyyyMMdd
IR_SPREADOPT,利率,SETTLE_TYPE,settleType,字符串,结算方式,Cash/Physical,
IR_SPREADOPT,利率,START_DATE,startDate,日期,起息日,,yyyyMMdd
IR_SPREADOPT,利率,STRIKE_PRICE,strikePrice,浮点数,行权价,,正数
IR_SPREADOPT,利率,TERM_CODE,termCode,字符串,期限代码,,
IR_SPREADOPT,利率,TERM_FREQ,termFreq,字符串,,,
IR_SPREADOPT,利率,UNDERLYING_CURRENCY_CODE,underlyingCurrencyCode,字符串,标的货币代码,,
IR_SPREADOPT,利率,UPPER_BARRIER,upBarrierPrice,浮点数,上障碍价,,
IR_SPREADOPT,利率,VOLATILITY_SURFACE,volatilitySurface,字符串,波动率曲面,,引用市场数据波动率曲面key
IR_SPREADOPT,利率,VV_FLAG,vvFlag,布尔,VannaVolga开关,true/false,
IR_STEP_UP,利率,ABS_FLAG,absFlag,布尔,,,
IR_STEP_UP,利率,BUY_OR_SELL,buyOrSell,字符串,买卖方向,B/S,
IR_STEP_UP,利率,CALL_OR_PUT,callOrPut,字符串,看涨看跌,Call/Put,
IR_STEP_UP,利率,CURRENCY_CODE,currencyCode,字符串,货币代码,,
IR_STEP_UP,利率,DAY_COUNT_BASIS,dayCountBasis,字符串,日计数基准,"actual/365,actual/360,30/360",
IR_STEP_UP,利率,DISCOUNT_CURVE,discountCurve,字符串,折现曲线,,引用市场数据折现曲线key
IR_STEP_UP,利率,EPS,eps,浮点数,,,
IR_STEP_UP,利率,FIXING_DATE,fixingDate,日期,,,
IR_STEP_UP,利率,FIXING_ID,fixingId,字符串,定盘ID,,
IR_STEP_UP,利率,HIGH_RATE,highRate,浮点数,高收益率,,
IR_STEP_UP,利率,INSTRUMENT_ID,instrumentId,字符串,交易编号,,数据域=TRADE；通用校验字段(存在时校验)
IR_STEP_UP,利率,LOWER_BARRIER,lowerBarrier,浮点数,下障碍,,
IR_STEP_UP,利率,LOW_RATE,lowRate,浮点数,低收益率,,
IR_STEP_UP,利率,MATURITY_DATE,maturityDate,日期,到期日,,yyyyMMdd
IR_STEP_UP,利率,MID_RATE,midRate,浮点数,中间收益率,,
IR_STEP_UP,利率,MODEL_TYPE,modelType,字符串,,CONST_VOL|LOCAL_VOL|HESTON,
IR_STEP_UP,利率,NOTIONAL,notional,浮点数,名义金额,,非负有限数
IR_STEP_UP,利率,PRODUCT_CODE,productCode,字符串,产品代码,,数据域=TRADE；通用校验字段(存在时校验)
IR_STEP_UP,利率,RATE_TYPE,rateType,字符串,,,
IR_STEP_UP,利率,REFERENCE_CURVE,referenceCurve,字符串,价格曲线,,
IR_STEP_UP,利率,SETTLE_DATE,settleDate,日期,结算日,,yyyyMMdd
IR_STEP_UP,利率,START_DATE,startDate,日期,起息日,,yyyyMMdd
IR_STEP_UP,利率,TERM_CODE,termCode,字符串,,,
IR_STEP_UP,利率,TERM_FREQ,termFreq,字符串,,,
IR_STEP_UP,利率,UPPER_BARRIER,upperBarrier,浮点数,上障碍价,,
IR_STEP_UP,利率,VOLATILITY_SURFACE,volatilitySurface,字符串,波动率曲面,,引用市场数据波动率曲面key
IR_STEP_UP,利率,VV_FLAG,vvFlag,布尔,VannaVolga开关,true/false,
IR_WEDDING_CAKE,利率,ABS_FLAG,absFlag,布尔,,,
IR_WEDDING_CAKE,利率,BUY_OR_SELL,buyOrSell,字符串,买卖方向,B|S,数据域=TRADE；必填(校验规则)
IR_WEDDING_CAKE,利率,CONTRACT_SIZE,contractSize,浮点数,合约乘数,,默认1；数据域=TRADE；必填(校验规则)
IR_WEDDING_CAKE,利率,CURRENCY_CODE,currencyCode,字符串,货币代码,,数据域=TRADE；必填(校验规则)
IR_WEDDING_CAKE,利率,DISCOUNT_CURVE,discountCurve,字符串,折现曲线,,引用市场数据折现曲线key
IR_WEDDING_CAKE,利率,EPS,eps,浮点数,,,
IR_WEDDING_CAKE,利率,FIXING_ID,fixingId,字符串,定盘ID,,
IR_WEDDING_CAKE,利率,INNER_LOWER_BARRIER,innerLowerBarrier,浮点数,内层下障碍,,数据域=TRADE；必填(校验规则)
IR_WEDDING_CAKE,利率,INNER_RATE,innerRate,浮点数,内层收益率,,数据域=TRADE；必填(校验规则)
IR_WEDDING_CAKE,利率,INNER_UPPER_BARRIER,innerUpperBarrier,浮点数,内层上障碍,,数据域=TRADE；必填(校验规则)
IR_WEDDING_CAKE,利率,INSTRUMENT_ID,instrumentId,字符串,交易编号,,数据域=TRADE；通用校验字段(存在时校验)
IR_WEDDING_CAKE,利率,MATURITY_DATE,maturityDate,日期,到期日,,yyyyMMdd；数据域=TRADE；必填(校验规则)
IR_WEDDING_CAKE,利率,MID_RATE,midRate,浮点数,中间收益率,,数据域=TRADE；必填(校验规则)
IR_WEDDING_CAKE,利率,NOTIONAL,notional,浮点数,名义金额,,非负有限数；数据域=TRADE；必填(校验规则)
IR_WEDDING_CAKE,利率,OUTER_LOWER_BARRIER,outerLowerBarrier,浮点数,外层下障碍,,数据域=TRADE；必填(校验规则)
IR_WEDDING_CAKE,利率,OUTER_UPPER_BARRIER,outerUpperBarrier,浮点数,外层上障碍,,数据域=TRADE；必填(校验规则)
IR_WEDDING_CAKE,利率,OUT_RATE,outRate,浮点数,外层收益率,,数据域=TRADE；必填(校验规则)
IR_WEDDING_CAKE,利率,PRODUCT_CODE,productCode,字符串,产品代码,,数据域=TRADE；通用校验字段(存在时校验)
IR_WEDDING_CAKE,利率,RATE_TYPE,rateType,字符串,利率类型,,
IR_WEDDING_CAKE,利率,REFERENCE_CURVE,referenceCurve,字符串,价格曲线,,
IR_WEDDING_CAKE,利率,SETTLE_DATE,settleDate,日期,结算日,,yyyyMMdd；数据域=TRADE；必填(校验规则)
IR_WEDDING_CAKE,利率,START_DATE,startDate,日期,起息日,,yyyyMMdd；数据域=TRADE；必填(校验规则)
IR_WEDDING_CAKE,利率,TERM_CODE,termCode,字符串,期限代码,,
IR_WEDDING_CAKE,利率,TERM_FREQ,termFreq,字符串,,,
IR_WEDDING_CAKE,利率,VOLATILITY_SURFACE,volatilitySurface,字符串,波动率曲面,,引用市场数据波动率曲面key；数据域=TRADE；必填(校验规则)
IR_WEDDING_CAKE,利率,VV_FLAG,vvFlag,布尔,VannaVolga开关,true/false,
STD_IRS,利率,BUY_OR_SELL,buyOrSell,字符串,买卖方向,B|S,数据域=TRADE；必填(校验规则)
STD_IRS,利率,CURRENCY_CODE,currencyCode,字符串,货币代码,,数据域=TRADE；必填(校验规则)
STD_IRS,利率,DAY_COUNT_BASIS,dayCountBasis,字符串,日计数基准,"actual/365,actual/360,30/360",
STD_IRS,利率,INSTRUMENT_ID,instrumentId,字符串,交易编号,,数据域=TRADE；通用校验字段(存在时校验)
STD_IRS,利率,MATURITY_DATE,maturityDate,日期,到期日,,yyyyMMdd；数据域=TRADE；必填(校验规则)
STD_IRS,利率,NOTIONAL,notional,浮点数,名义金额,,非负有限数；数据域=TRADE；必填(校验规则)
STD_IRS,利率,PRODUCT_CODE,productCode,字符串,产品代码,,数据域=TRADE；通用校验字段(存在时校验)
STD_IRS,利率,REFERENCE_CURVE,referenceCurve,字符串,定盘曲线,,引用市场数据定盘曲线key；数据域=TRADE；必填(校验规则)
STD_IRS,利率,SETTLE_CALENDAR,settleCalendar,字符串,结算日历,,
STD_IRS,利率,TERM_CODE,termCode,字符串,期限代码,,
STD_IRS,利率,TRADE_PRICE,tradePrice,浮点数,,,数据域=TRADE；必填(校验规则)
SWAPTION,利率,BUY_OR_SELL,buyOrSell,字符串,买卖方向,B/S,
SWAPTION,利率,CALL_OR_PUT,callOrPut,字符串,看涨看跌,Call/Put,
SWAPTION,利率,CURRENCY_CODE,currencyCode,字符串,货币代码,,
SWAPTION,利率,DISCOUNT_CURVE,discountCurve,字符串,折现曲线,,引用市场数据折现曲线key
SWAPTION,利率,FIXED_DAY_COUNT_BASIS,fixedDayCountBasis,字符串,固定日计数基准,,
SWAPTION,利率,FIXED_RATE,fixedRate,浮点数,固定利率,,
SWAPTION,利率,FIXING_CALENDAR,fixingCalendar,字符串,,,
SWAPTION,利率,FIXING_DAYOFF,fixingDayoff,整数,,,
SWAPTION,利率,FIXING_FREQ,fixingFreq,字符串,定盘频率,,
SWAPTION,利率,FIXING_RULE,fixingRule,字符串,,,
SWAPTION,利率,INSTRUMENT_ID,instrumentId,字符串,交易编号,,数据域=TRADE；通用校验字段(存在时校验)
SWAPTION,利率,MATURITY_DATE,maturityDate,日期,到期日,,yyyyMMdd
SWAPTION,利率,NOTIONAL,notional,浮点数,名义金额,,非负有限数
SWAPTION,利率,PRODUCT_CODE,productCode,字符串,产品代码,,数据域=TRADE；通用校验字段(存在时校验)
SWAPTION,利率,REFERENCE_CURVE,referenceCurve,字符串,定盘曲线,,引用市场数据定盘曲线key
SWAPTION,利率,UNDERLYING_FREQ,underlyingFreq,字符串,标的付息频率,,
SWAPTION,利率,UNDERLYING_MATURITY_DATE,underlyingMaturityDate,日期,标的到期日,,yyyyMMdd
SWAPTION,利率,UNDERLYING_SETTLE_CALENDAR,underlyingSettleCalendar,字符串,,,
SWAPTION,利率,UNDERLYING_SETTLE_DAYOFF,underlyingSettleDayoff,整数,,,
SWAPTION,利率,UNDERLYING_SETTLE_RULE,underlyingSettleRule,字符串,,,
SWAPTION,利率,UNDERLYING_START_DATE,underlyingStartDate,日期,标的起息日,,yyyyMMdd
SWAPTION,利率,VALUATION_MODEL,valuationModel,字符串,估值模型,BACHELIER/BLACK76,
SWAPTION,利率,VOLATILITY_SURFACE,volatilitySurface,字符串,波动率曲面,,引用市场数据波动率曲面key
TRS,信用,BUY_OR_SELL,buyOrSell,字符串,,B|S,
TRS,信用,CREDIT_SPREAD_CURVE,creditSpreadCurve,字符串,,,
TRS,信用,CURRENCY_CODE,currencyCode,字符串,,,
TRS,信用,DAY_COUNT_BASIS,dayCountBasis,字符串,,,
TRS,信用,DISCOUNT_CURVE,discountCurve,字符串,,,
TRS,信用,INSTRUMENT_ID,instrumentId,字符串,,,数据域=TRADE；通用校验字段(存在时校验)
TRS,信用,INTEREST_RATE,interestRate,浮点数,,,
TRS,信用,INTEREST_STUB,interestStub,字符串,,,
TRS,信用,INTEREST_TYPE,interestType,字符串,,,
TRS,信用,MATURITY_DATE,maturityDate,日期,,,
TRS,信用,NOTIONAL,notional,浮点数,,,
TRS,信用,PAY_FREQ,payFreq,字符串,,,
TRS,信用,PRODUCT_CODE,productCode,字符串,,,数据域=TRADE；通用校验字段(存在时校验)
TRS,信用,RECOVERY_RATE,recoveryRate,浮点数,,,
TRS,信用,REFERENCE_CURVE,referenceCurve,字符串,,,
TRS,信用,SETTLE_CALENDAR,settleCalendar,字符串,,,
TRS,信用,START_DATE,startDate,日期,,,
TRS,信用,UNDERLYING_BOND_ID,underlyingBondId,字符串,,,
TRS,信用,UNDERLYING_CURRENCY_CODE,underlyingCurrencyCode,字符串,,,
TRS,信用,UNDERLYING_CURRENCY_DISCOUNT_CURVE,underlyingCurrencyDiscountCurve,字符串,,,
TRS,信用,UNDERLYING_NOTIONAL,underlyingNotional,浮点数,,,
TRS,信用,UNDERLYING_TYPE,underlyingType,字符串,,FX|EQ|COMM|IR,
WILLOW_BOND,利率,ABS_FLAG,absFlag,字符串,,,
WILLOW_BOND,利率,AMORTIZATION_SCHEDULE,amortizationSchedule,字符串,,,
WILLOW_BOND,利率,BOND_ID,bondId,字符串,,,
WILLOW_BOND,利率,CALLPUT_DATES,callPutDates,字符串,,,
WILLOW_BOND,利率,COUPON_PRORATED,couponProrated,浮点数,,,
WILLOW_BOND,利率,CREDIT_SPREAD_CURVE,creditSpreadCurve,字符串,,,
WILLOW_BOND,利率,CURRENCY_CODE,currencyCode,字符串,,,数据域=TRADE；必填(校验规则)
WILLOW_BOND,利率,DATA_DATE,dataDate,日期,,,
WILLOW_BOND,利率,DAY_COUNT_BASIS,dayCountBasis,字符串,,,数据域=TRADE；必填(校验规则)
WILLOW_BOND,利率,DIRTY_PRICE,dirtyPrice,字符串,,,
WILLOW_BOND,利率,DISCOUNT_CURVE,discountCurve,字符串,,,数据域=TRADE；必填(校验规则)
WILLOW_BOND,利率,DRC_FLAG,drcFlag,字符串,,,
WILLOW_BOND,利率,DRC_LGD,lgd,字符串,,,
WILLOW_BOND,利率,FIXING_FREQ,fixingFreq,字符串,,,
WILLOW_BOND,利率,FIXING_ID,fixingId,字符串,,,
WILLOW_BOND,利率,FRTB_CSR_BUCKET,frtbCsrBucket,字符串,,,
WILLOW_BOND,利率,FRTB_NSEC_DRC_BUCKET,frtbNsecDrcBucket,字符串,,,
WILLOW_BOND,利率,FRTB_SECNCTP_DRC_RW,frtbSecnctpDrcRw,字符串,,,
WILLOW_BOND,利率,FRTB_SECNCTP_DRC_TYPE,frtbSecnctpDrcType,字符串,,,
WILLOW_BOND,利率,INCLUDE_TODAY_CASHFLOW,includeTodayCashflow,字符串,,,
WILLOW_BOND,利率,INSTRUMENT_ID,instrumentId,字符串,,,数据域=TRADE；通用校验字段(存在时校验)
WILLOW_BOND,利率,INTEREST_RATE,interestRate,浮点数,,,数据域=TRADE；必填(校验规则)
WILLOW_BOND,利率,INTEREST_STUB,interestStub,字符串,,,
WILLOW_BOND,利率,INTEREST_TYPE,interestType,字符串,,Fixed,数据域=TRADE；必填(校验规则)
WILLOW_BOND,利率,ISSUER,issuer,字符串,,,
WILLOW_BOND,利率,ISSUER_RATING,issuerRating,字符串,,,
WILLOW_BOND,利率,ISSUE_DATE,issueDate,日期,,,数据域=TRADE；必填(校验规则)
WILLOW_BOND,利率,LAST_RESET_RATE,lastResetRate,浮点数,,,
WILLOW_BOND,利率,MATURITY_DATE,maturityDate,日期,,,数据域=TRADE；必填(校验规则)
WILLOW_BOND,利率,NOTIONAL,notional,浮点数,,,数据域=TRADE；必填(校验规则)
WILLOW_BOND,利率,OPTION_BOND_FLAG,optionBondFlag,字符串,,,
WILLOW_BOND,利率,PAY_FREQ,payFreq,字符串,,,数据域=TRADE；必填(校验规则)
WILLOW_BOND,利率,POSITION_TRADE,positionTrade,浮点数,,,数据域=TRADE；必填(校验规则)
WILLOW_BOND,利率,PRODUCT_CODE,productCode,字符串,,,数据域=TRADE；通用校验字段(存在时校验)
WILLOW_BOND,利率,REFERENCE_CURVE,referenceCurve,字符串,,,
WILLOW_BOND,利率,RESET_DAYOFF,resetDayoff,字符串,,,
WILLOW_BOND,利率,RESET_FREQ,resetFreq,字符串,,,
WILLOW_BOND,利率,RESET_RULE,resetRule,字符串,,,
WILLOW_BOND,利率,SETTLE_CALENDAR,settleCalendar,字符串,,,
WILLOW_BOND,利率,SETTLE_DAYOFF,settleDayoff,字符串,,,
WILLOW_BOND,利率,SETTLE_RULE,settleRule,字符串,,,
WILLOW_BOND,利率,SPREAD,spread,字符串,,,
WILLOW_BOND,利率,WILLOW_MODEL_TYPE,willowModelType,字符串,,NORMAL|LOG_NORMAL,数据域=TRADE；必填(校验规则)
WILLOW_BOND,利率,WILLOW_REFERENCE_CURVE,willowReferenceCurve,字符串,,,数据域=TRADE；必填(校验规则)
WILLOW_BOND,利率,WILLOW_STEP_DAYS,willowStepDays,字符串,,,
WILLOW_BOND,利率,WILLOW_VOLATILITY,willowVolatility,浮点数,,,数据域=TRADE；必填(校验规则)
