产品类型,输入字段,字段名称,字段类型,值域,特殊格式说明
BOND,ABS_FLAG,ABS标志,boolean,true/false,
BOND,AMORTIZATION_SCHEDULE,摊还计划,List<StructuredCashflow.AmortizationEntry>,,子JSON字符串或结构化计划
BOND,DIRTY_PRICE,净价脏价标识,Double,,
BOND,BOND_ID,债券编号,String,,
BOND,CALLPUT_DATES,赎回回售日期集合,List<CallPutDate>,,日期对象列表，日期格式 yyyyMMdd
BOND,CREDIT_SPREAD_CURVE,信用利差曲线,String,,市场数据键
BOND,CURRENCY_CODE,产品计价币种,String,,
BOND,DATA_DATE,数据日期,LocalDate,,日期格式 yyyyMMdd
BOND,DAY_COUNT_BASIS,计息日计数规则,String,ACT/360、ACT/365、30/360 等,
BOND,DISCOUNT_CURVE,贴现曲线,String,,市场数据键
BOND,DRC_FLAG,DRC_FLAG,String,,
BOND,DRC_LGD,DRC_LGD,Double,,
BOND,FIXING_CURVE,定盘曲线,String,,市场数据键
BOND,FIXING_FREQ,定盘频率,String,1D/1W/1M/3M/6M/1Y...,
BOND,FIXING_ID,定盘标识,String,,
BOND,FRTB_CSR_BUCKET,FRTB信用桶,String,,
BOND,FRTB_NSEC_DRC_BUCKET,非证券化DRC桶,String,,
BOND,FRTB_SECNCTP_DRC_RW,证券化DRC权重,Double,,
BOND,FRTB_SECNCTP_DRC_TYPE,证券化DRC类型,String,,
BOND,INSTRUMENT_ID,交易编号,String,,
BOND,INTEREST_RATE,票息/固定利率,Double,,
BOND,INTEREST_STUB,INTEREST_STUB,String,,
BOND,INTEREST_TYPE,利率类型,String,Fixed/Floating,
BOND,ISSUE_DATE,发行日期,LocalDate,,日期格式 yyyyMMdd
BOND,ISSUER,发行人,String,,
BOND,ISSUER_RATING,发行人评级,String,,
BOND,LAST_RESET_RATE,LAST_RESET_RATE,Double,,
BOND,MATURITY_DATE,到期日期,LocalDate,,日期格式 yyyyMMdd
BOND,NOTIONAL,名义金额,Double,>=0,
BOND,PAY_FREQ,付息频率,String,1D/1W/1M/3M/6M/1Y...,
BOND,POSITION_TRADE,持仓方向,Double,,
BOND,PRODUCT_CODE,产品代码,String,,
BOND,RESET_DAYOFF,重置节假日调整,Integer,,
BOND,RESET_FREQ,重置频率,String,1D/1W/1M/3M/6M/1Y...,
BOND,RESET_RULE,重置规则,String,,
BOND,SETTLE_CALENDAR,结算日历,String,,日历代码
BOND,SETTLE_DAYOFF,结算节假日调整,Integer,,
BOND,SETTLE_RULE,结算规则,String,,
BOND,SPREAD,利差,Double,,
BOND_FUTURE,ABS_FLAG,ABS标志,boolean,true/false,
BOND_FUTURE,CONVERT_FACTORS,转换因子,JSONArray,,多值字符串或JSON数组
BOND_FUTURE,CURRENCY_CODE,产品计价币种,String,,
BOND_FUTURE,DISCOUNT_CURVE,贴现曲线,String,,市场数据键
BOND_FUTURE,FRTB_CSR_BUCKET,FRTB信用桶,String,,
BOND_FUTURE,FUTURE_PRICE,期货价格,Double,,
BOND_FUTURE,INSTRUMENT_ID,交易编号,String,,
BOND_FUTURE,ISSUER,发行人,String,,
BOND_FUTURE,MATURITY_DATE,到期日期,LocalDate,,日期格式 yyyyMMdd
BOND_FUTURE,PRODUCT_CODE,产品代码,String,,
BOND_FUTURE,UNDERLYING_POSITION,标的持仓,Double,,
CAPFLOOR,BUY_OR_SELL,买卖方向,String,B/S,
CAPFLOOR,CAP_OR_FLOOR,上限下限类型,String,Cap/Floor,
CAPFLOOR,CURRENCY_CODE,产品计价币种,String,,
CAPFLOOR,DATA_DATE,数据日期,LocalDate,,日期格式 yyyyMMdd
CAPFLOOR,DAY_COUNT_BASIS,计息日计数规则,String,ACT/360、ACT/365、30/360 等,
CAPFLOOR,DISCOUNT_CURVE,贴现曲线,String,,市场数据键
CAPFLOOR,FIXING_CALENDAR,定盘日历,String,,日历代码
CAPFLOOR,FIXING_CURVE,定盘曲线,String,,市场数据键
CAPFLOOR,FIXING_DAYOFF,定盘节假日调整,Integer,,
CAPFLOOR,FIXING_FREQ,定盘频率,String,1D/1W/1M/3M/6M/1Y...,
CAPFLOOR,FIXING_ID,定盘标识,String,,
CAPFLOOR,FIXING_RULE,定盘规则,String,,
CAPFLOOR,INSTRUMENT_ID,交易编号,String,,
CAPFLOOR,MATURITY_DATE,到期日期,LocalDate,,日期格式 yyyyMMdd
CAPFLOOR,NOTIONAL,名义金额,Double,>=0,
CAPFLOOR,PAY_FREQ,付息频率,String,1D/1W/1M/3M/6M/1Y...,
CAPFLOOR,PRODUCT_CODE,产品代码,String,,
CAPFLOOR,RESET_FREQ,重置频率,String,1D/1W/1M/3M/6M/1Y...,
CAPFLOOR,SETTLE_CALENDAR,结算日历,String,,日历代码
CAPFLOOR,SETTLE_DAYOFF,结算节假日调整,Integer,,
CAPFLOOR,SETTLE_RULE,结算规则,String,,
CAPFLOOR,START_DATE,起始日期,LocalDate,,日期格式 yyyyMMdd
CAPFLOOR,STRIKE_RATE,执行利率,Double,,
CAPFLOOR,VALUATION_MODEL,估值模型,String,BACHELIER/BLACK76/BLACK/LOGNORMAL,
CAPFLOOR,VOLATILITY_SURFACE,波动率曲面,String,,
CDS,BUY_OR_SELL,买卖方向,String,B/S,
CDS,CURRENCY_CODE,产品计价币种,String,,
CDS,DAY_COUNT_BASIS,计息日计数规则,String,ACT/360、ACT/365、30/360 等,
CDS,DISCOUNT_CURVE,贴现曲线,String,,市场数据键
CDS,FIXED_PREMIUM,固定保费,String,,子JSON字符串/数组
CDS,FIXED_RATE,固定端利率,Double,,
CDS,INSTRUMENT_ID,交易编号,String,,
CDS,INTEREST_STUB,INTEREST_STUB,String,,
CDS,MATURITY_DATE,到期日期,LocalDate,,日期格式 yyyyMMdd
CDS,NOTIONAL,名义金额,Double,>=0,
CDS,PAY_FREQ,付息频率,String,1D/1W/1M/3M/6M/1Y...,
CDS,PRODUCT_CODE,产品代码,String,,
CDS,RECOVERY_RATE,RECOVERY_RATE,Double,,
CDS,SETTLE_CALENDAR,结算日历,String,,日历代码
CDS,START_DATE,起始日期,LocalDate,,日期格式 yyyyMMdd
CDS,UNDERLYING_BOND_ID,UNDERLYING_BOND_ID,String,,
COMM_AUTO_CALL,BARRIER,障碍值,Double,,
COMM_AUTO_CALL,BARRIER_DIRECTION,障碍方向,String,,
COMM_AUTO_CALL,BUY_OR_SELL,买卖方向,String,B/S,
COMM_AUTO_CALL,CURRENCY_CODE,产品计价币种,String,,
COMM_AUTO_CALL,DISCOUNT_CURVE,贴现曲线,String,,市场数据键
COMM_AUTO_CALL,FIXING_ID,定盘标识,String,,
COMM_AUTO_CALL,FRTB_COMM_ASSET,FRTB_COMM_ASSET,String,,
COMM_AUTO_CALL,FRTB_COMM_BUCKET,FRTB_COMM_BUCKET,String,,
COMM_AUTO_CALL,FRTB_COMM_LOCATION,FRTB_COMM_LOCATION,String,,
COMM_AUTO_CALL,INSTRUMENT_ID,交易编号,String,,
COMM_AUTO_CALL,NOTIONAL,名义金额,Double,>=0,
COMM_AUTO_CALL,OBS_DATES,观察日期集合,String,,多值字符串，日期格式 yyyyMMdd，逗号分隔
COMM_AUTO_CALL,PATH_FLAG,路径输出标志,Boolean,,
COMM_AUTO_CALL,PATH_NB,路径数,Integer,正整数,
COMM_AUTO_CALL,PAYOFF_RATE,PAYOFF_RATE,Double,,
COMM_AUTO_CALL,PREMIUM_RATE,权利金率,Double,,
COMM_AUTO_CALL,PRICE_CURVE,价格曲线,String,,市场数据键
COMM_AUTO_CALL,PRODUCT_CODE,产品代码,String,,
COMM_AUTO_CALL,SETTLE_CALENDAR,结算日历,String,,日历代码
COMM_AUTO_CALL,SETTLE_DATE,结算日期,LocalDate,,日期格式 yyyyMMdd
COMM_AUTO_CALL,SETTLE_DAYOFF,结算节假日调整,Integer,,
COMM_AUTO_CALL,SETTLE_RULE,结算规则,String,,
COMM_AUTO_CALL,START_DATE,起始日期,LocalDate,,日期格式 yyyyMMdd
COMM_AUTO_CALL,UNDERLYING_CODE,标的代码,String,,
COMM_AUTO_CALL,VOLATILITY_SURFACE,波动率曲面,String,,
COMM_BARRIER,BASE_PAYOFF,固定收益,Double,,
COMM_BARRIER,BUY_OR_SELL,买卖方向,String,B/S,
COMM_BARRIER,CONTRACT_SIZE,合约张数,Double,>=0,
COMM_BARRIER,CURRENCY_CODE,产品计价币种,String,,
COMM_BARRIER,DISCOUNT_CURVE,贴现曲线,String,,市场数据键
COMM_BARRIER,DOWN_BARRIER,DOWN_BARRIER,Double,,
COMM_BARRIER,FRTB_COMM_ASSET,FRTB_COMM_ASSET,String,,
COMM_BARRIER,FRTB_COMM_BUCKET,FRTB_COMM_BUCKET,String,,
COMM_BARRIER,FRTB_COMM_LOCATION,FRTB_COMM_LOCATION,String,,
COMM_BARRIER,INSTRUMENT_ID,交易编号,String,,
COMM_BARRIER,KNOCK_OUT_FLAG,敲出标志,String,true/false,
COMM_BARRIER,MATURITY_DATE,到期日期,LocalDate,,日期格式 yyyyMMdd
COMM_BARRIER,OPTION_TYPE,期权类型,String,Call/Put/Double,
COMM_BARRIER,PAYOFF_LOWER,下限收益,Double,,
COMM_BARRIER,PRICE_CURVE,价格曲线,String,,市场数据键
COMM_BARRIER,PRODUCT_CODE,产品代码,String,,
COMM_BARRIER,SETTLE_DATE,结算日期,LocalDate,,日期格式 yyyyMMdd
COMM_BARRIER,TOUCH_BEFORE_FLAG,历史触碰标志,String,true/false,
COMM_BARRIER,UNDERLYING_CODE,标的代码,String,,
COMM_BARRIER,UPPER_BARRIER,UPPER_BARRIER,Double,,
COMM_BARRIER,VOLATILITY_SURFACE,波动率曲面,String,,
COMM_BARRIER,VV_FLAG,Vanna-Volga开关,Boolean,true/false,
COMM_DIGITAL,BASE_PAYOFF,固定收益,Double,,
COMM_DIGITAL,BUY_OR_SELL,买卖方向,String,B/S,
COMM_DIGITAL,CALL_OR_PUT,看涨看跌,String,Call/Put,
COMM_DIGITAL,CONTRACT_SIZE,合约张数,Double,>=0,
COMM_DIGITAL,CURRENCY_CODE,产品计价币种,String,,
COMM_DIGITAL,DISCOUNT_CURVE,贴现曲线,String,,市场数据键
COMM_DIGITAL,FRTB_COMM_ASSET,FRTB_COMM_ASSET,String,,
COMM_DIGITAL,FRTB_COMM_BUCKET,FRTB_COMM_BUCKET,String,,
COMM_DIGITAL,FRTB_COMM_LOCATION,FRTB_COMM_LOCATION,String,,
COMM_DIGITAL,INSTRUMENT_ID,交易编号,String,,
COMM_DIGITAL,MATURITY_DATE,到期日期,LocalDate,,日期格式 yyyyMMdd
COMM_DIGITAL,PAYOFF_LOWER,下限收益,Double,,
COMM_DIGITAL,PRICE_CURVE,价格曲线,String,,市场数据键
COMM_DIGITAL,PRODUCT_CODE,产品代码,String,,
COMM_DIGITAL,SETTLE_DATE,结算日期,LocalDate,,日期格式 yyyyMMdd
COMM_DIGITAL,STRIKE_PRICE,行权价,Double,,
COMM_DIGITAL,UNDERLYING_CODE,标的代码,String,,
COMM_DIGITAL,VOLATILITY_SURFACE,波动率曲面,String,,
COMM_DIGITAL,VV_FLAG,Vanna-Volga开关,Boolean,true/false,
COMM_RANGE_ACCURE,ABS_FLAG,ABS标志,Boolean,true/false,
COMM_RANGE_ACCURE,BUY_OR_SELL,买卖方向,String,B/S,
COMM_RANGE_ACCURE,CURRENCY_CODE,产品计价币种,String,,
COMM_RANGE_ACCURE,DISCOUNT_CURVE,贴现曲线,String,,市场数据键
COMM_RANGE_ACCURE,EPS,数值精度,Double,,
COMM_RANGE_ACCURE,FIXING_ID,定盘标识,String,,
COMM_RANGE_ACCURE,FRTB_COMM_ASSET,FRTB_COMM_ASSET,String,,
COMM_RANGE_ACCURE,FRTB_COMM_BUCKET,FRTB_COMM_BUCKET,String,,
COMM_RANGE_ACCURE,FRTB_COMM_LOCATION,FRTB_COMM_LOCATION,String,,
COMM_RANGE_ACCURE,INSTRUMENT_ID,交易编号,String,,
COMM_RANGE_ACCURE,LOWER_BARRIER,LOWER_BARRIER,Double,,
COMM_RANGE_ACCURE,MATURITY_DATE,到期日期,LocalDate,,日期格式 yyyyMMdd
COMM_RANGE_ACCURE,NOTIONAL,名义金额,Double,>=0,
COMM_RANGE_ACCURE,OBS_DATES,观察日期集合,String,,多值字符串，日期格式 yyyyMMdd，逗号分隔
COMM_RANGE_ACCURE,PRICE_CURVE,价格曲线,String,,市场数据键
COMM_RANGE_ACCURE,PRODUCT_CODE,产品代码,String,,
COMM_RANGE_ACCURE,RANGE_ACCURE_RATE,区间累计收益率,Double,,
COMM_RANGE_ACCURE,RANGE_DIRECTION,区间方向,String,,
COMM_RANGE_ACCURE,SETTLE_CURRENCY_CODE,结算币种,String,,
COMM_RANGE_ACCURE,SETTLE_DATE,结算日期,LocalDate,,日期格式 yyyyMMdd
COMM_RANGE_ACCURE,START_DATE,起始日期,LocalDate,,日期格式 yyyyMMdd
COMM_RANGE_ACCURE,UNDERLYING_CODE,标的代码,String,,
COMM_RANGE_ACCURE,UPPER_BARRIER,UPPER_BARRIER,Double,,
COMM_RANGE_ACCURE,VOLATILITY_SURFACE,波动率曲面,String,,
COMM_SHARKFIN,BASE_RATE,基础收益率,Double,,
COMM_SHARKFIN,BUY_OR_SELL,买卖方向,String,B/S,
COMM_SHARKFIN,CONTRACT_SIZE,合约张数,Double,>=0,
COMM_SHARKFIN,CURRENCY_CODE,产品计价币种,String,,
COMM_SHARKFIN,DISCOUNT_CURVE,贴现曲线,String,,市场数据键
COMM_SHARKFIN,DOWN_BARRIER,DOWN_BARRIER,Double,,
COMM_SHARKFIN,FIXING_ID,定盘标识,String,,
COMM_SHARKFIN,FRTB_COMM_ASSET,FRTB_COMM_ASSET,String,,
COMM_SHARKFIN,FRTB_COMM_BUCKET,FRTB_COMM_BUCKET,String,,
COMM_SHARKFIN,FRTB_COMM_LOCATION,FRTB_COMM_LOCATION,String,,
COMM_SHARKFIN,INSTRUMENT_ID,交易编号,String,,
COMM_SHARKFIN,MATURITY_DATE,到期日期,LocalDate,,日期格式 yyyyMMdd
COMM_SHARKFIN,NOTIONAL,名义金额,Double,>=0,
COMM_SHARKFIN,OPTION_TYPE,期权类型,String,Call/Put/Double,
COMM_SHARKFIN,PRICE_CURVE,价格曲线,String,,市场数据键
COMM_SHARKFIN,PRODUCT_CODE,产品代码,String,,
COMM_SHARKFIN,SETTLE_CURRENCY_CODE,结算币种,String,,
COMM_SHARKFIN,SETTLE_DATE,结算日期,LocalDate,,日期格式 yyyyMMdd
COMM_SHARKFIN,SETTLE_TYPE,SETTLE_TYPE,String,,
COMM_SHARKFIN,START_DATE,起始日期,LocalDate,,日期格式 yyyyMMdd
COMM_SHARKFIN,STRIKE_PRICE,行权价,Double,,
COMM_SHARKFIN,TOUCH_RATE,触碰收益率,Double,,
COMM_SHARKFIN,UNDERLYING_CODE,标的代码,String,,
COMM_SHARKFIN,UPPER_BARRIER,UPPER_BARRIER,Double,,
COMM_SHARKFIN,VOLATILITY_SURFACE,波动率曲面,String,,
COMM_SHARKFIN,VV_FLAG,Vanna-Volga开关,Boolean,true/false,
COMM_SPREADOPT,BASE_CURRENCY_CODE,基准币种,String,,
COMM_SPREADOPT,BUY_OR_SELL,买卖方向,String,B/S,
COMM_SPREADOPT,CALL_OR_PUT,看涨看跌,String,Call/Put,
COMM_SPREADOPT,CONTRACT_SIZE,合约张数,Double,>=0,
COMM_SPREADOPT,CURRENCY_CODE,产品计价币种,String,,
COMM_SPREADOPT,DISCOUNT_CURVE,贴现曲线,String,,市场数据键
COMM_SPREADOPT,DOWN_BARRIER,DOWN_BARRIER,Double,,
COMM_SPREADOPT,FIXING_ID,定盘标识,String,,
COMM_SPREADOPT,FRTB_COMM_ASSET,FRTB_COMM_ASSET,String,,
COMM_SPREADOPT,FRTB_COMM_BUCKET,FRTB_COMM_BUCKET,String,,
COMM_SPREADOPT,FRTB_COMM_LOCATION,FRTB_COMM_LOCATION,String,,
COMM_SPREADOPT,INITIAL_PRICE,INITIAL_PRICE,Double,,
COMM_SPREADOPT,INSTRUMENT_ID,交易编号,String,,
COMM_SPREADOPT,MATURITY_DATE,到期日期,LocalDate,,日期格式 yyyyMMdd
COMM_SPREADOPT,NOTIONAL,名义金额,Double,>=0,
COMM_SPREADOPT,OPTION_TYPE,期权类型,String,Call/Put/Double,
COMM_SPREADOPT,PRICE_CURVE,价格曲线,String,,市场数据键
COMM_SPREADOPT,PRODUCT_CODE,产品代码,String,,
COMM_SPREADOPT,SETTLE_DATE,结算日期,LocalDate,,日期格式 yyyyMMdd
COMM_SPREADOPT,SETTLE_TYPE,SETTLE_TYPE,String,,
COMM_SPREADOPT,START_DATE,起始日期,LocalDate,,日期格式 yyyyMMdd
COMM_SPREADOPT,STRIKE_PRICE,行权价,Double,,
COMM_SPREADOPT,UNDERLYING_CODE,标的代码,String,,
COMM_SPREADOPT,UNDERLYING_CURRENCY_CODE,标的币种,String,,
COMM_SPREADOPT,UPPER_BARRIER,UPPER_BARRIER,Double,,
COMM_SPREADOPT,VOLATILITY_SURFACE,波动率曲面,String,,
COMM_SPREADOPT,VV_FLAG,Vanna-Volga开关,Boolean,true/false,
COMM_STEP_UP,ABS_FLAG,ABS标志,Boolean,true/false,
COMM_STEP_UP,BUY_OR_SELL,买卖方向,String,B/S,
COMM_STEP_UP,CALL_OR_PUT,看涨看跌,String,Call/Put,
COMM_STEP_UP,CURRENCY_CODE,产品计价币种,String,,
COMM_STEP_UP,DAY_COUNT_BASIS,计息日计数规则,String,ACT/360、ACT/365、30/360 等,
COMM_STEP_UP,DISCOUNT_CURVE,贴现曲线,String,,市场数据键
COMM_STEP_UP,EPS,数值精度,Double,,
COMM_STEP_UP,FIXING_DATE,FIXING_DATE,LocalDate,,日期格式 yyyyMMdd
COMM_STEP_UP,FIXING_ID,定盘标识,String,,
COMM_STEP_UP,FRTB_COMM_ASSET,FRTB_COMM_ASSET,String,,
COMM_STEP_UP,FRTB_COMM_BUCKET,FRTB_COMM_BUCKET,String,,
COMM_STEP_UP,FRTB_COMM_LOCATION,FRTB_COMM_LOCATION,String,,
COMM_STEP_UP,HIGH_RATE,高区间收益率,Double,,
COMM_STEP_UP,INSTRUMENT_ID,交易编号,String,,
COMM_STEP_UP,LOW_RATE,低区间收益率,Double,,
COMM_STEP_UP,LOWER_BARRIER,LOWER_BARRIER,Double,,
COMM_STEP_UP,MATURITY_DATE,到期日期,LocalDate,,日期格式 yyyyMMdd
COMM_STEP_UP,MID_RATE,中层收益率,Double,,
COMM_STEP_UP,NOTIONAL,名义金额,Double,>=0,
COMM_STEP_UP,PRICE_CURVE,价格曲线,String,,市场数据键
COMM_STEP_UP,PRODUCT_CODE,产品代码,String,,
COMM_STEP_UP,SETTLE_CURRENCY_CODE,结算币种,String,,
COMM_STEP_UP,SETTLE_DATE,结算日期,LocalDate,,日期格式 yyyyMMdd
COMM_STEP_UP,START_DATE,起始日期,LocalDate,,日期格式 yyyyMMdd
COMM_STEP_UP,UNDERLYING_CODE,标的代码,String,,
COMM_STEP_UP,UPPER_BARRIER,UPPER_BARRIER,Double,,
COMM_STEP_UP,VOLATILITY_SURFACE,波动率曲面,String,,
COMM_STEP_UP,VV_FLAG,Vanna-Volga开关,Boolean,true/false,
COMM_WEDDING_CAKE,ABS_FLAG,ABS标志,Boolean,true/false,
COMM_WEDDING_CAKE,BUY_OR_SELL,买卖方向,String,B/S,
COMM_WEDDING_CAKE,CONTRACT_SIZE,合约张数,Double,>=0,
COMM_WEDDING_CAKE,CURRENCY_CODE,产品计价币种,String,,
COMM_WEDDING_CAKE,DISCOUNT_CURVE,贴现曲线,String,,市场数据键
COMM_WEDDING_CAKE,EPS,数值精度,Double,,
COMM_WEDDING_CAKE,FIXING_ID,定盘标识,String,,
COMM_WEDDING_CAKE,FRTB_COMM_ASSET,FRTB_COMM_ASSET,String,,
COMM_WEDDING_CAKE,FRTB_COMM_BUCKET,FRTB_COMM_BUCKET,String,,
COMM_WEDDING_CAKE,FRTB_COMM_LOCATION,FRTB_COMM_LOCATION,String,,
COMM_WEDDING_CAKE,INNER_LOWER_BARRIER,内层下障碍,Double,,
COMM_WEDDING_CAKE,INNER_RATE,内层收益率,Double,,
COMM_WEDDING_CAKE,INNER_UPPER_BARRIER,内层上障碍,Double,,
COMM_WEDDING_CAKE,INSTRUMENT_ID,交易编号,String,,
COMM_WEDDING_CAKE,MATURITY_DATE,到期日期,LocalDate,,日期格式 yyyyMMdd
COMM_WEDDING_CAKE,MID_RATE,中层收益率,Double,,
COMM_WEDDING_CAKE,NOTIONAL,名义金额,Double,>=0,
COMM_WEDDING_CAKE,OUT_RATE,外层收益率,Double,,
COMM_WEDDING_CAKE,OUTER_LOWER_BARRIER,外层下障碍,Double,,
COMM_WEDDING_CAKE,OUTER_UPPER_BARRIER,外层上障碍,Double,,
COMM_WEDDING_CAKE,PRICE_CURVE,价格曲线,String,,市场数据键
COMM_WEDDING_CAKE,PRODUCT_CODE,产品代码,String,,
COMM_WEDDING_CAKE,SETTLE_CURRENCY_CODE,结算币种,String,,
COMM_WEDDING_CAKE,SETTLE_DATE,结算日期,LocalDate,,日期格式 yyyyMMdd
COMM_WEDDING_CAKE,START_DATE,起始日期,LocalDate,,日期格式 yyyyMMdd
COMM_WEDDING_CAKE,UNDERLYING_CODE,标的代码,String,,
COMM_WEDDING_CAKE,VOLATILITY_SURFACE,波动率曲面,String,,
COMM_WEDDING_CAKE,VV_FLAG,Vanna-Volga开关,Boolean,true/false,
COMMFWD,BUY_OR_SELL,买卖方向,String,B/S,
COMMFWD,CONTRACT_SIZE,合约张数,Double,>=0,
COMMFWD,CURRENCY_CODE,产品计价币种,String,,
COMMFWD,DISCOUNT_CURVE,贴现曲线,String,,市场数据键
COMMFWD,FRTB_COMM_ASSET,FRTB_COMM_ASSET,String,,
COMMFWD,FRTB_COMM_BUCKET,FRTB_COMM_BUCKET,String,,
COMMFWD,FRTB_COMM_LOCATION,FRTB_COMM_LOCATION,String,,
COMMFWD,INSTRUMENT_ID,交易编号,String,,
COMMFWD,PRICE_CURVE,价格曲线,String,,市场数据键
COMMFWD,PRODUCT_CODE,产品代码,String,,
COMMFWD,SETTLE_DATE,结算日期,LocalDate,,日期格式 yyyyMMdd
COMMFWD,STRIKE_CURRENCY_CODE,执行价币种,String,,
COMMFWD,STRIKE_PRICE,行权价,Double,,
COMMFWD,UNDERLYING_CODE,标的代码,String,,
COMMOPT,BUY_OR_SELL,买卖方向,String,B/S,
COMMOPT,CALL_OR_PUT,看涨看跌,String,Call/Put,
COMMOPT,CONTRACT_SIZE,合约张数,Double,>=0,
COMMOPT,CURRENCY_CODE,产品计价币种,String,,
COMMOPT,DISCOUNT_CURVE,贴现曲线,String,,市场数据键
COMMOPT,FRTB_COMM_ASSET,FRTB_COMM_ASSET,String,,
COMMOPT,FRTB_COMM_BUCKET,FRTB_COMM_BUCKET,String,,
COMMOPT,FRTB_COMM_LOCATION,FRTB_COMM_LOCATION,String,,
COMMOPT,INSTRUMENT_ID,交易编号,String,,
COMMOPT,MATURITY_DATE,到期日期,LocalDate,,日期格式 yyyyMMdd
COMMOPT,OPTION_TYPE,期权类型,String,Call/Put/Double,
COMMOPT,PRICE_CURVE,价格曲线,String,,市场数据键
COMMOPT,PRODUCT_CODE,产品代码,String,,
COMMOPT,SETTLE_CURRENCY_CODE,结算币种,String,,
COMMOPT,SETTLE_DATE,结算日期,LocalDate,,日期格式 yyyyMMdd
COMMOPT,SETTLE_TYPE,SETTLE_TYPE,String,,
COMMOPT,STRIKE_CURRENCY_CODE,执行价币种,String,,
COMMOPT,STRIKE_PRICE,行权价,Double,,
COMMOPT,UNDERLYING_CODE,标的代码,String,,
COMMOPT,VOLATILITY_SURFACE,波动率曲面,String,,
COMMSWAP,BUY_OR_SELL,买卖方向,String,B/S,
COMMSWAP,CONTRACT_SIZE,合约张数,Double,>=0,
COMMSWAP,CURRENCY_CODE,产品计价币种,String,,
COMMSWAP,DISCOUNT_CURVE,贴现曲线,String,,市场数据键
COMMSWAP,FRTB_COMM_ASSET,FRTB_COMM_ASSET,String,,
COMMSWAP,FRTB_COMM_BUCKET,FRTB_COMM_BUCKET,String,,
COMMSWAP,FRTB_COMM_LOCATION,FRTB_COMM_LOCATION,String,,
COMMSWAP,FWD_SETTLE_DATE,远期结算日,LocalDate,,日期格式 yyyyMMdd
COMMSWAP,FWD_STRIKE,远期执行价,Double,,
COMMSWAP,INSTRUMENT_ID,交易编号,String,,
COMMSWAP,PRICE_CURVE,价格曲线,String,,市场数据键
COMMSWAP,PRODUCT_CODE,产品代码,String,,
COMMSWAP,SPOT_SETTLE_DATE,即期结算日,LocalDate,,日期格式 yyyyMMdd
COMMSWAP,SPOT_STRIKE,即期执行价,Double,,
COMMSWAP,STRIKE_CURRENCY_CODE,执行价币种,String,,
COMMSWAP,UNDERLYING_CODE,标的代码,String,,
EQ_AUTO_CALL,BARRIER,障碍值,Double,,
EQ_AUTO_CALL,BARRIER_DIRECTION,障碍方向,String,,
EQ_AUTO_CALL,BUY_OR_SELL,买卖方向,String,B/S,
EQ_AUTO_CALL,CURRENCY_CODE,产品计价币种,String,,
EQ_AUTO_CALL,DISCOUNT_CURVE,贴现曲线,String,,市场数据键
EQ_AUTO_CALL,FIXING_ID,定盘标识,String,,
EQ_AUTO_CALL,INSTRUMENT_ID,交易编号,String,,
EQ_AUTO_CALL,NOTIONAL,名义金额,Double,>=0,
EQ_AUTO_CALL,OBS_DATES,观察日期集合,String,,多值字符串，日期格式 yyyyMMdd，逗号分隔
EQ_AUTO_CALL,PATH_FLAG,路径输出标志,Boolean,,
EQ_AUTO_CALL,PATH_NB,路径数,Integer,正整数,
EQ_AUTO_CALL,PAYOFF_RATE,PAYOFF_RATE,Double,,
EQ_AUTO_CALL,PREMIUM_RATE,权利金率,Double,,
EQ_AUTO_CALL,PRICE_CURVE,价格曲线,String,,市场数据键
EQ_AUTO_CALL,PRODUCT_CODE,产品代码,String,,
EQ_AUTO_CALL,SETTLE_CALENDAR,结算日历,String,,日历代码
EQ_AUTO_CALL,SETTLE_DATE,结算日期,LocalDate,,日期格式 yyyyMMdd
EQ_AUTO_CALL,SETTLE_DAYOFF,结算节假日调整,Integer,,
EQ_AUTO_CALL,SETTLE_RULE,结算规则,String,,
EQ_AUTO_CALL,START_DATE,起始日期,LocalDate,,日期格式 yyyyMMdd
EQ_AUTO_CALL,VOLATILITY_SURFACE,波动率曲面,String,,
EQ_BARRIER,BASE_PAYOFF,固定收益,Double,,
EQ_BARRIER,BUY_OR_SELL,买卖方向,String,B/S,
EQ_BARRIER,CONTRACT_SIZE,合约张数,Double,>=0,
EQ_BARRIER,CURRENCY_CODE,产品计价币种,String,,
EQ_BARRIER,DISCOUNT_CURVE,贴现曲线,String,,市场数据键
EQ_BARRIER,DOWN_BARRIER,DOWN_BARRIER,Double,,
EQ_BARRIER,INSTRUMENT_ID,交易编号,String,,
EQ_BARRIER,KNOCK_OUT_FLAG,敲出标志,String,true/false,
EQ_BARRIER,MATURITY_DATE,到期日期,LocalDate,,日期格式 yyyyMMdd
EQ_BARRIER,OPTION_TYPE,期权类型,String,Call/Put/Double,
EQ_BARRIER,PAYOFF_LOWER,下限收益,Double,,
EQ_BARRIER,PRICE_CURVE,价格曲线,String,,市场数据键
EQ_BARRIER,PRODUCT_CODE,产品代码,String,,
EQ_BARRIER,SETTLE_DATE,结算日期,LocalDate,,日期格式 yyyyMMdd
EQ_BARRIER,TOUCH_BEFORE_FLAG,历史触碰标志,String,true/false,
EQ_BARRIER,UPPER_BARRIER,UPPER_BARRIER,Double,,
EQ_BARRIER,VOLATILITY_SURFACE,波动率曲面,String,,
EQ_BARRIER,VV_FLAG,Vanna-Volga开关,Boolean,true/false,
EQ_DIGITAL,BASE_PAYOFF,固定收益,Double,,
EQ_DIGITAL,BUY_OR_SELL,买卖方向,String,B/S,
EQ_DIGITAL,CALL_OR_PUT,看涨看跌,String,Call/Put,
EQ_DIGITAL,CONTRACT_SIZE,合约张数,Double,>=0,
EQ_DIGITAL,CURRENCY_CODE,产品计价币种,String,,
EQ_DIGITAL,DISCOUNT_CURVE,贴现曲线,String,,市场数据键
EQ_DIGITAL,INSTRUMENT_ID,交易编号,String,,
EQ_DIGITAL,MATURITY_DATE,到期日期,LocalDate,,日期格式 yyyyMMdd
EQ_DIGITAL,PAYOFF_LOWER,下限收益,Double,,
EQ_DIGITAL,PRICE_CURVE,价格曲线,String,,市场数据键
EQ_DIGITAL,PRODUCT_CODE,产品代码,String,,
EQ_DIGITAL,SETTLE_DATE,结算日期,LocalDate,,日期格式 yyyyMMdd
EQ_DIGITAL,STRIKE_PRICE,行权价,Double,,
EQ_DIGITAL,VOLATILITY_SURFACE,波动率曲面,String,,
EQ_DIGITAL,VV_FLAG,Vanna-Volga开关,Boolean,true/false,
EQ_RANGE_ACCURE,ABS_FLAG,ABS标志,Boolean,true/false,
EQ_RANGE_ACCURE,BUY_OR_SELL,买卖方向,String,B/S,
EQ_RANGE_ACCURE,CURRENCY_CODE,产品计价币种,String,,
EQ_RANGE_ACCURE,DISCOUNT_CURVE,贴现曲线,String,,市场数据键
EQ_RANGE_ACCURE,EPS,数值精度,Double,,
EQ_RANGE_ACCURE,FIXING_ID,定盘标识,String,,
EQ_RANGE_ACCURE,INSTRUMENT_ID,交易编号,String,,
EQ_RANGE_ACCURE,LOWER_BARRIER,LOWER_BARRIER,Double,,
EQ_RANGE_ACCURE,MATURITY_DATE,到期日期,LocalDate,,日期格式 yyyyMMdd
EQ_RANGE_ACCURE,NOTIONAL,名义金额,Double,>=0,
EQ_RANGE_ACCURE,OBS_DATES,观察日期集合,String,,多值字符串，日期格式 yyyyMMdd，逗号分隔
EQ_RANGE_ACCURE,PRICE_CURVE,价格曲线,String,,市场数据键
EQ_RANGE_ACCURE,PRODUCT_CODE,产品代码,String,,
EQ_RANGE_ACCURE,RANGE_ACCURE_RATE,区间累计收益率,Double,,
EQ_RANGE_ACCURE,RANGE_DIRECTION,区间方向,String,,
EQ_RANGE_ACCURE,SETTLE_CURRENCY_CODE,结算币种,String,,
EQ_RANGE_ACCURE,SETTLE_DATE,结算日期,LocalDate,,日期格式 yyyyMMdd
EQ_RANGE_ACCURE,START_DATE,起始日期,LocalDate,,日期格式 yyyyMMdd
EQ_RANGE_ACCURE,UPPER_BARRIER,UPPER_BARRIER,Double,,
EQ_RANGE_ACCURE,VOLATILITY_SURFACE,波动率曲面,String,,
EQ_SHARKFIN,BASE_RATE,基础收益率,Double,,
EQ_SHARKFIN,BUY_OR_SELL,买卖方向,String,B/S,
EQ_SHARKFIN,CONTRACT_SIZE,合约张数,Double,>=0,
EQ_SHARKFIN,CURRENCY_CODE,产品计价币种,String,,
EQ_SHARKFIN,DISCOUNT_CURVE,贴现曲线,String,,市场数据键
EQ_SHARKFIN,DOWN_BARRIER,DOWN_BARRIER,Double,,
EQ_SHARKFIN,FIXING_ID,定盘标识,String,,
EQ_SHARKFIN,INSTRUMENT_ID,交易编号,String,,
EQ_SHARKFIN,MATURITY_DATE,到期日期,LocalDate,,日期格式 yyyyMMdd
EQ_SHARKFIN,NOTIONAL,名义金额,Double,>=0,
EQ_SHARKFIN,OPTION_TYPE,期权类型,String,Call/Put/Double,
EQ_SHARKFIN,PRICE_CURVE,价格曲线,String,,市场数据键
EQ_SHARKFIN,PRODUCT_CODE,产品代码,String,,
EQ_SHARKFIN,SETTLE_CURRENCY_CODE,结算币种,String,,
EQ_SHARKFIN,SETTLE_DATE,结算日期,LocalDate,,日期格式 yyyyMMdd
EQ_SHARKFIN,SETTLE_TYPE,SETTLE_TYPE,String,,
EQ_SHARKFIN,START_DATE,起始日期,LocalDate,,日期格式 yyyyMMdd
EQ_SHARKFIN,STRIKE_PRICE,行权价,Double,,
EQ_SHARKFIN,TOUCH_RATE,触碰收益率,Double,,
EQ_SHARKFIN,UNDERLYING_CODE,标的代码,String,,
EQ_SHARKFIN,UPPER_BARRIER,UPPER_BARRIER,Double,,
EQ_SHARKFIN,VOLATILITY_SURFACE,波动率曲面,String,,
EQ_SHARKFIN,VV_FLAG,Vanna-Volga开关,Boolean,true/false,
EQ_SPREADOPT,BASE_CURRENCY_CODE,基准币种,String,,
EQ_SPREADOPT,BUY_OR_SELL,买卖方向,String,B/S,
EQ_SPREADOPT,CALL_OR_PUT,看涨看跌,String,Call/Put,
EQ_SPREADOPT,CONTRACT_SIZE,合约张数,Double,>=0,
EQ_SPREADOPT,CURRENCY_CODE,产品计价币种,String,,
EQ_SPREADOPT,DISCOUNT_CURVE,贴现曲线,String,,市场数据键
EQ_SPREADOPT,DOWN_BARRIER,DOWN_BARRIER,Double,,
EQ_SPREADOPT,FIXING_ID,定盘标识,String,,
EQ_SPREADOPT,INITIAL_PRICE,INITIAL_PRICE,Double,,
EQ_SPREADOPT,INSTRUMENT_ID,交易编号,String,,
EQ_SPREADOPT,MATURITY_DATE,到期日期,LocalDate,,日期格式 yyyyMMdd
EQ_SPREADOPT,NOTIONAL,名义金额,Double,>=0,
EQ_SPREADOPT,OPTION_TYPE,期权类型,String,Call/Put/Double,
EQ_SPREADOPT,PRICE_CURVE,价格曲线,String,,市场数据键
EQ_SPREADOPT,PRODUCT_CODE,产品代码,String,,
EQ_SPREADOPT,SETTLE_DATE,结算日期,LocalDate,,日期格式 yyyyMMdd
EQ_SPREADOPT,SETTLE_TYPE,SETTLE_TYPE,String,,
EQ_SPREADOPT,START_DATE,起始日期,LocalDate,,日期格式 yyyyMMdd
EQ_SPREADOPT,STRIKE_PRICE,行权价,Double,,
EQ_SPREADOPT,UNDERLYING_CURRENCY_CODE,标的币种,String,,
EQ_SPREADOPT,UPPER_BARRIER,UPPER_BARRIER,Double,,
EQ_SPREADOPT,VOLATILITY_SURFACE,波动率曲面,String,,
EQ_SPREADOPT,VV_FLAG,Vanna-Volga开关,Boolean,true/false,
EQ_STEP_UP,ABS_FLAG,ABS标志,Boolean,true/false,
EQ_STEP_UP,BUY_OR_SELL,买卖方向,String,B/S,
EQ_STEP_UP,CALL_OR_PUT,看涨看跌,String,Call/Put,
EQ_STEP_UP,CURRENCY_CODE,产品计价币种,String,,
EQ_STEP_UP,DAY_COUNT_BASIS,计息日计数规则,String,ACT/360、ACT/365、30/360 等,
EQ_STEP_UP,DISCOUNT_CURVE,贴现曲线,String,,市场数据键
EQ_STEP_UP,EPS,数值精度,Double,,
EQ_STEP_UP,FIXING_DATE,FIXING_DATE,LocalDate,,日期格式 yyyyMMdd
EQ_STEP_UP,FIXING_ID,定盘标识,String,,
EQ_STEP_UP,HIGH_RATE,高区间收益率,Double,,
EQ_STEP_UP,INSTRUMENT_ID,交易编号,String,,
EQ_STEP_UP,LOW_RATE,低区间收益率,Double,,
EQ_STEP_UP,LOWER_BARRIER,LOWER_BARRIER,Double,,
EQ_STEP_UP,MATURITY_DATE,到期日期,LocalDate,,日期格式 yyyyMMdd
EQ_STEP_UP,MID_RATE,中层收益率,Double,,
EQ_STEP_UP,NOTIONAL,名义金额,Double,>=0,
EQ_STEP_UP,PRICE_CURVE,价格曲线,String,,市场数据键
EQ_STEP_UP,PRODUCT_CODE,产品代码,String,,
EQ_STEP_UP,SETTLE_CURRENCY_CODE,结算币种,String,,
EQ_STEP_UP,SETTLE_DATE,结算日期,LocalDate,,日期格式 yyyyMMdd
EQ_STEP_UP,START_DATE,起始日期,LocalDate,,日期格式 yyyyMMdd
EQ_STEP_UP,UPPER_BARRIER,UPPER_BARRIER,Double,,
EQ_STEP_UP,VOLATILITY_SURFACE,波动率曲面,String,,
EQ_STEP_UP,VV_FLAG,Vanna-Volga开关,Boolean,true/false,
EQ_WEDDING_CAKE,ABS_FLAG,ABS标志,Boolean,true/false,
EQ_WEDDING_CAKE,BUY_OR_SELL,买卖方向,String,B/S,
EQ_WEDDING_CAKE,CONTRACT_SIZE,合约张数,Double,>=0,
EQ_WEDDING_CAKE,CURRENCY_CODE,产品计价币种,String,,
EQ_WEDDING_CAKE,DISCOUNT_CURVE,贴现曲线,String,,市场数据键
EQ_WEDDING_CAKE,EPS,数值精度,Double,,
EQ_WEDDING_CAKE,FIXING_ID,定盘标识,String,,
EQ_WEDDING_CAKE,INNER_LOWER_BARRIER,内层下障碍,Double,,
EQ_WEDDING_CAKE,INNER_RATE,内层收益率,Double,,
EQ_WEDDING_CAKE,INNER_UPPER_BARRIER,内层上障碍,Double,,
EQ_WEDDING_CAKE,INSTRUMENT_ID,交易编号,String,,
EQ_WEDDING_CAKE,MATURITY_DATE,到期日期,LocalDate,,日期格式 yyyyMMdd
EQ_WEDDING_CAKE,MID_RATE,中层收益率,Double,,
EQ_WEDDING_CAKE,NOTIONAL,名义金额,Double,>=0,
EQ_WEDDING_CAKE,OUT_RATE,外层收益率,Double,,
EQ_WEDDING_CAKE,OUTER_LOWER_BARRIER,外层下障碍,Double,,
EQ_WEDDING_CAKE,OUTER_UPPER_BARRIER,外层上障碍,Double,,
EQ_WEDDING_CAKE,PRICE_CURVE,价格曲线,String,,市场数据键
EQ_WEDDING_CAKE,PRODUCT_CODE,产品代码,String,,
EQ_WEDDING_CAKE,SETTLE_CURRENCY_CODE,结算币种,String,,
EQ_WEDDING_CAKE,SETTLE_DATE,结算日期,LocalDate,,日期格式 yyyyMMdd
EQ_WEDDING_CAKE,START_DATE,起始日期,LocalDate,,日期格式 yyyyMMdd
EQ_WEDDING_CAKE,VOLATILITY_SURFACE,波动率曲面,String,,
EQ_WEDDING_CAKE,VV_FLAG,Vanna-Volga开关,Boolean,true/false,
FX_AUTO_CALL,BARRIER,障碍值,Double,,
FX_AUTO_CALL,BARRIER_DIRECTION,障碍方向,String,,
FX_AUTO_CALL,BASE_CURRENCY_CODE,基准币种,String,,
FX_AUTO_CALL,BASE_DISCOUNT_CURVE,基准贴现曲线,String,,市场数据键
FX_AUTO_CALL,BUY_OR_SELL,买卖方向,String,B/S,
FX_AUTO_CALL,CURRENCY_CODE,产品计价币种,String,,
FX_AUTO_CALL,DISCOUNT_CURVE,贴现曲线,String,,市场数据键
FX_AUTO_CALL,FIXING_ID,定盘标识,String,,
FX_AUTO_CALL,INSTRUMENT_ID,交易编号,String,,
FX_AUTO_CALL,NOTIONAL,名义金额,Double,>=0,
FX_AUTO_CALL,OBS_DATES,观察日期集合,String,,多值字符串，日期格式 yyyyMMdd，逗号分隔
FX_AUTO_CALL,PATH_FLAG,路径输出标志,Boolean,,
FX_AUTO_CALL,PATH_NB,路径数,Integer,正整数,
FX_AUTO_CALL,PAYOFF_RATE,PAYOFF_RATE,Double,,
FX_AUTO_CALL,PREMIUM_RATE,权利金率,Double,,
FX_AUTO_CALL,PRODUCT_CODE,产品代码,String,,
FX_AUTO_CALL,SETTLE_CALENDAR,结算日历,String,,日历代码
FX_AUTO_CALL,SETTLE_DATE,结算日期,LocalDate,,日期格式 yyyyMMdd
FX_AUTO_CALL,SETTLE_DAYOFF,结算节假日调整,Integer,,
FX_AUTO_CALL,SETTLE_RULE,结算规则,String,,
FX_AUTO_CALL,START_DATE,起始日期,LocalDate,,日期格式 yyyyMMdd
FX_AUTO_CALL,UNDERLYING_CURRENCY_CODE,标的币种,String,,
FX_AUTO_CALL,UNDERLYING_DISCOUNT_CURVE,标的贴现曲线,String,,市场数据键
FX_AUTO_CALL,VOLATILITY_SURFACE,波动率曲面,String,,
FX_BARRIER,BASE_CURRENCY_CODE,基准币种,String,,
FX_BARRIER,BASE_DISCOUNT_CURVE,基准贴现曲线,String,,市场数据键
FX_BARRIER,BASE_PAYOFF,固定收益,Double,,
FX_BARRIER,BUY_OR_SELL,买卖方向,String,B/S,
FX_BARRIER,CONTRACT_SIZE,合约张数,Double,>=0,
FX_BARRIER,CURRENCY_CODE,产品计价币种,String,,
FX_BARRIER,DISCOUNT_CURVE,贴现曲线,String,,市场数据键
FX_BARRIER,DOWN_BARRIER,DOWN_BARRIER,Double,,
FX_BARRIER,INSTRUMENT_ID,交易编号,String,,
FX_BARRIER,KNOCK_OUT_FLAG,敲出标志,String,true/false,
FX_BARRIER,MATURITY_DATE,到期日期,LocalDate,,日期格式 yyyyMMdd
FX_BARRIER,OPTION_TYPE,期权类型,String,Call/Put/Double,
FX_BARRIER,PAYOFF_LOWER,下限收益,Double,,
FX_BARRIER,PRODUCT_CODE,产品代码,String,,
FX_BARRIER,SETTLE_CURRENCY_CODE,结算币种,String,,
FX_BARRIER,SETTLE_DATE,结算日期,LocalDate,,日期格式 yyyyMMdd
FX_BARRIER,TOUCH_BEFORE_FLAG,历史触碰标志,String,true/false,
FX_BARRIER,UNDERLYING_CURRENCY_CODE,标的币种,String,,
FX_BARRIER,UNDERLYING_DISCOUNT_CURVE,标的贴现曲线,String,,市场数据键
FX_BARRIER,UPPER_BARRIER,UPPER_BARRIER,Double,,
FX_BARRIER,VOLATILITY_SURFACE,波动率曲面,String,,
FX_BARRIER,VV_FLAG,Vanna-Volga开关,Boolean,true/false,
FX_DIGITAL,BASE_CURRENCY_CODE,基准币种,String,,
FX_DIGITAL,BASE_DISCOUNT_CURVE,基准贴现曲线,String,,市场数据键
FX_DIGITAL,BASE_PAYOFF,固定收益,Double,,
FX_DIGITAL,BUY_OR_SELL,买卖方向,String,B/S,
FX_DIGITAL,CALL_OR_PUT,看涨看跌,String,Call/Put,
FX_DIGITAL,CONTRACT_SIZE,合约张数,Double,>=0,
FX_DIGITAL,CURRENCY_CODE,产品计价币种,String,,
FX_DIGITAL,DISCOUNT_CURVE,贴现曲线,String,,市场数据键
FX_DIGITAL,INSTRUMENT_ID,交易编号,String,,
FX_DIGITAL,MATURITY_DATE,到期日期,LocalDate,,日期格式 yyyyMMdd
FX_DIGITAL,PAYOFF_LOWER,下限收益,Double,,
FX_DIGITAL,PRODUCT_CODE,产品代码,String,,
FX_DIGITAL,SETTLE_CURRENCY_CODE,结算币种,String,,
FX_DIGITAL,SETTLE_DATE,结算日期,LocalDate,,日期格式 yyyyMMdd
FX_DIGITAL,STRIKE_PRICE,行权价,Double,,
FX_DIGITAL,UNDERLYING_CURRENCY_CODE,标的币种,String,,
FX_DIGITAL,UNDERLYING_DISCOUNT_CURVE,标的贴现曲线,String,,市场数据键
FX_DIGITAL,VOLATILITY_SURFACE,波动率曲面,String,,
FX_DIGITAL,VV_FLAG,Vanna-Volga开关,Boolean,true/false,
FX_RANGE_ACCURE,ABS_FLAG,ABS标志,Boolean,true/false,
FX_RANGE_ACCURE,BASE_CURRENCY_CODE,基准币种,String,,
FX_RANGE_ACCURE,BASE_DISCOUNT_CURVE,基准贴现曲线,String,,市场数据键
FX_RANGE_ACCURE,BUY_OR_SELL,买卖方向,String,B/S,
FX_RANGE_ACCURE,CURRENCY_CODE,产品计价币种,String,,
FX_RANGE_ACCURE,DISCOUNT_CURVE,贴现曲线,String,,市场数据键
FX_RANGE_ACCURE,EPS,数值精度,Double,,
FX_RANGE_ACCURE,FIXING_ID,定盘标识,String,,
FX_RANGE_ACCURE,INSTRUMENT_ID,交易编号,String,,
FX_RANGE_ACCURE,LOWER_BARRIER,LOWER_BARRIER,Double,,
FX_RANGE_ACCURE,MATURITY_DATE,到期日期,LocalDate,,日期格式 yyyyMMdd
FX_RANGE_ACCURE,NOTIONAL,名义金额,Double,>=0,
FX_RANGE_ACCURE,OBS_DATES,观察日期集合,String,,多值字符串，日期格式 yyyyMMdd，逗号分隔
FX_RANGE_ACCURE,PRICE_CURVE,价格曲线,String,,市场数据键
FX_RANGE_ACCURE,PRODUCT_CODE,产品代码,String,,
FX_RANGE_ACCURE,RANGE_ACCURE_RATE,区间累计收益率,Double,,
FX_RANGE_ACCURE,RANGE_DIRECTION,区间方向,String,,
FX_RANGE_ACCURE,SETTLE_CURRENCY_CODE,结算币种,String,,
FX_RANGE_ACCURE,SETTLE_DATE,结算日期,LocalDate,,日期格式 yyyyMMdd
FX_RANGE_ACCURE,START_DATE,起始日期,LocalDate,,日期格式 yyyyMMdd
FX_RANGE_ACCURE,UNDERLYING_CURRENCY_CODE,标的币种,String,,
FX_RANGE_ACCURE,UNDERLYING_DISCOUNT_CURVE,标的贴现曲线,String,,市场数据键
FX_RANGE_ACCURE,UPPER_BARRIER,UPPER_BARRIER,Double,,
FX_RANGE_ACCURE,VOLATILITY_SURFACE,波动率曲面,String,,
FX_SHARKFIN,BASE_CURRENCY_CODE,基准币种,String,,
FX_SHARKFIN,BASE_DISCOUNT_CURVE,基准贴现曲线,String,,市场数据键
FX_SHARKFIN,BASE_RATE,基础收益率,Double,,
FX_SHARKFIN,BUY_OR_SELL,买卖方向,String,B/S,
FX_SHARKFIN,CONTRACT_SIZE,合约张数,Double,>=0,
FX_SHARKFIN,CURRENCY_CODE,产品计价币种,String,,
FX_SHARKFIN,DISCOUNT_CURVE,贴现曲线,String,,市场数据键
FX_SHARKFIN,DOWN_BARRIER,DOWN_BARRIER,Double,,
FX_SHARKFIN,FIXING_ID,定盘标识,String,,
FX_SHARKFIN,INSTRUMENT_ID,交易编号,String,,
FX_SHARKFIN,MATURITY_DATE,到期日期,LocalDate,,日期格式 yyyyMMdd
FX_SHARKFIN,NOTIONAL,名义金额,Double,>=0,
FX_SHARKFIN,OPTION_TYPE,期权类型,String,Call/Put/Double,
FX_SHARKFIN,PRODUCT_CODE,产品代码,String,,
FX_SHARKFIN,SETTLE_CURRENCY_CODE,结算币种,String,,
FX_SHARKFIN,SETTLE_DATE,结算日期,LocalDate,,日期格式 yyyyMMdd
FX_SHARKFIN,SETTLE_TYPE,SETTLE_TYPE,String,,
FX_SHARKFIN,START_DATE,起始日期,LocalDate,,日期格式 yyyyMMdd
FX_SHARKFIN,STRIKE_PRICE,行权价,Double,,
FX_SHARKFIN,TOUCH_RATE,触碰收益率,Double,,
FX_SHARKFIN,UNDERLYING_CURRENCY_CODE,标的币种,String,,
FX_SHARKFIN,UNDERLYING_DISCOUNT_CURVE,标的贴现曲线,String,,市场数据键
FX_SHARKFIN,UPPER_BARRIER,UPPER_BARRIER,Double,,
FX_SHARKFIN,VOLATILITY_SURFACE,波动率曲面,String,,
FX_SHARKFIN,VV_FLAG,Vanna-Volga开关,Boolean,true/false,
FX_SPREADOPT,BASE_CURRENCY_CODE,基准币种,String,,
FX_SPREADOPT,BASE_DISCOUNT_CURVE,基准贴现曲线,String,,市场数据键
FX_SPREADOPT,BUY_OR_SELL,买卖方向,String,B/S,
FX_SPREADOPT,CALL_OR_PUT,看涨看跌,String,Call/Put,
FX_SPREADOPT,CONTRACT_SIZE,合约张数,Double,>=0,
FX_SPREADOPT,CURRENCY_CODE,产品计价币种,String,,
FX_SPREADOPT,DOWN_BARRIER,DOWN_BARRIER,Double,,
FX_SPREADOPT,FIXING_ID,定盘标识,String,,
FX_SPREADOPT,INITIAL_PRICE,INITIAL_PRICE,Double,,
FX_SPREADOPT,INSTRUMENT_ID,交易编号,String,,
FX_SPREADOPT,MATURITY_DATE,到期日期,LocalDate,,日期格式 yyyyMMdd
FX_SPREADOPT,NOTIONAL,名义金额,Double,>=0,
FX_SPREADOPT,OPTION_TYPE,期权类型,String,Call/Put/Double,
FX_SPREADOPT,PRODUCT_CODE,产品代码,String,,
FX_SPREADOPT,SETTLE_DATE,结算日期,LocalDate,,日期格式 yyyyMMdd
FX_SPREADOPT,SETTLE_TYPE,SETTLE_TYPE,String,,
FX_SPREADOPT,START_DATE,起始日期,LocalDate,,日期格式 yyyyMMdd
FX_SPREADOPT,STRIKE_PRICE,行权价,Double,,
FX_SPREADOPT,UNDERLYING_CURRENCY_CODE,标的币种,String,,
FX_SPREADOPT,UNDERLYING_DISCOUNT_CURVE,标的贴现曲线,String,,市场数据键
FX_SPREADOPT,UPPER_BARRIER,UPPER_BARRIER,Double,,
FX_SPREADOPT,VOLATILITY_SURFACE,波动率曲面,String,,
FX_SPREADOPT,VV_FLAG,Vanna-Volga开关,Boolean,true/false,
FX_STEP_UP,ABS_FLAG,ABS标志,Boolean,true/false,
FX_STEP_UP,BASE_CURRENCY_CODE,基准币种,String,,
FX_STEP_UP,BASE_DISCOUNT_CURVE,基准贴现曲线,String,,市场数据键
FX_STEP_UP,BUY_OR_SELL,买卖方向,String,B/S,
FX_STEP_UP,CALL_OR_PUT,看涨看跌,String,Call/Put,
FX_STEP_UP,CURRENCY_CODE,产品计价币种,String,,
FX_STEP_UP,DAY_COUNT_BASIS,计息日计数规则,String,ACT/360、ACT/365、30/360 等,
FX_STEP_UP,DISCOUNT_CURVE,贴现曲线,String,,市场数据键
FX_STEP_UP,EPS,数值精度,Double,,
FX_STEP_UP,FIXING_DATE,FIXING_DATE,LocalDate,,日期格式 yyyyMMdd
FX_STEP_UP,FIXING_ID,定盘标识,String,,
FX_STEP_UP,HIGH_RATE,高区间收益率,Double,,
FX_STEP_UP,INSTRUMENT_ID,交易编号,String,,
FX_STEP_UP,LOW_RATE,低区间收益率,Double,,
FX_STEP_UP,LOWER_BARRIER,LOWER_BARRIER,Double,,
FX_STEP_UP,MATURITY_DATE,到期日期,LocalDate,,日期格式 yyyyMMdd
FX_STEP_UP,MID_RATE,中层收益率,Double,,
FX_STEP_UP,NOTIONAL,名义金额,Double,>=0,
FX_STEP_UP,PRODUCT_CODE,产品代码,String,,
FX_STEP_UP,SETTLE_DATE,结算日期,LocalDate,,日期格式 yyyyMMdd
FX_STEP_UP,START_DATE,起始日期,LocalDate,,日期格式 yyyyMMdd
FX_STEP_UP,UNDERLYING_CURRENCY_CODE,标的币种,String,,
FX_STEP_UP,UNDERLYING_DISCOUNT_CURVE,标的贴现曲线,String,,市场数据键
FX_STEP_UP,UPPER_BARRIER,UPPER_BARRIER,Double,,
FX_STEP_UP,VOLATILITY_SURFACE,波动率曲面,String,,
FX_STEP_UP,VV_FLAG,Vanna-Volga开关,Boolean,true/false,
FX_WEDDING_CAKE,ABS_FLAG,ABS标志,Boolean,true/false,
FX_WEDDING_CAKE,BASE_CURRENCY_CODE,基准币种,String,,
FX_WEDDING_CAKE,BASE_DISCOUNT_CURVE,基准贴现曲线,String,,市场数据键
FX_WEDDING_CAKE,BUY_OR_SELL,买卖方向,String,B/S,
FX_WEDDING_CAKE,CONTRACT_SIZE,合约张数,Double,>=0,
FX_WEDDING_CAKE,CURRENCY_CODE,产品计价币种,String,,
FX_WEDDING_CAKE,DISCOUNT_CURVE,贴现曲线,String,,市场数据键
FX_WEDDING_CAKE,EPS,数值精度,Double,,
FX_WEDDING_CAKE,FIXING_ID,定盘标识,String,,
FX_WEDDING_CAKE,INNER_LOWER_BARRIER,内层下障碍,Double,,
FX_WEDDING_CAKE,INNER_RATE,内层收益率,Double,,
FX_WEDDING_CAKE,INNER_UPPER_BARRIER,内层上障碍,Double,,
FX_WEDDING_CAKE,INSTRUMENT_ID,交易编号,String,,
FX_WEDDING_CAKE,MATURITY_DATE,到期日期,LocalDate,,日期格式 yyyyMMdd
FX_WEDDING_CAKE,MID_RATE,中层收益率,Double,,
FX_WEDDING_CAKE,NOTIONAL,名义金额,Double,>=0,
FX_WEDDING_CAKE,OUT_RATE,外层收益率,Double,,
FX_WEDDING_CAKE,OUTER_LOWER_BARRIER,外层下障碍,Double,,
FX_WEDDING_CAKE,OUTER_UPPER_BARRIER,外层上障碍,Double,,
FX_WEDDING_CAKE,PRODUCT_CODE,产品代码,String,,
FX_WEDDING_CAKE,SETTLE_CURRENCY_CODE,结算币种,String,,
FX_WEDDING_CAKE,SETTLE_DATE,结算日期,LocalDate,,日期格式 yyyyMMdd
FX_WEDDING_CAKE,START_DATE,起始日期,LocalDate,,日期格式 yyyyMMdd
FX_WEDDING_CAKE,UNDERLYING_CURRENCY_CODE,标的币种,String,,
FX_WEDDING_CAKE,UNDERLYING_DISCOUNT_CURVE,标的贴现曲线,String,,市场数据键
FX_WEDDING_CAKE,VOLATILITY_SURFACE,波动率曲面,String,,
FX_WEDDING_CAKE,VV_FLAG,Vanna-Volga开关,Boolean,true/false,
FXFWD,BASE_CURRENCY_CODE,基准币种,String,,
FXFWD,BASE_CURRENCY_NOTIONAL,基准币种名义金额,Double,,
FXFWD,BASE_DISCOUNT_CURVE,基准贴现曲线,String,,市场数据键
FXFWD,BUY_OR_SELL,买卖方向,String,B/S,
FXFWD,INSTRUMENT_ID,交易编号,String,,
FXFWD,PRODUCT_CODE,产品代码,String,,
FXFWD,SETTLE_DATE,结算日期,LocalDate,,日期格式 yyyyMMdd
FXFWD,UNDERLYING_CURRENCY_CODE,标的币种,String,,
FXFWD,UNDERLYING_CURRENCY_NOTIONAL,标的币种名义金额,Double,,
FXFWD,UNDERLYING_DISCOUNT_CURVE,标的贴现曲线,String,,市场数据键
FXMC_SHARKFIN,BASE_CURRENCY_CODE,基准币种,String,,
FXMC_SHARKFIN,BASE_DISCOUNT_CURVE,基准贴现曲线,String,,市场数据键
FXMC_SHARKFIN,BUY_OR_SELL,买卖方向,String,B/S,
FXMC_SHARKFIN,DISCOUNT_CURVE,贴现曲线,String,,市场数据键
FXMC_SHARKFIN,DOWN_BARRIER,DOWN_BARRIER,Double,,
FXMC_SHARKFIN,DOWN_TOUCH_PAY,下触碰收益,Double,,
FXMC_SHARKFIN,INSTRUMENT_ID,交易编号,String,,
FXMC_SHARKFIN,MATURITY_DATE,到期日期,LocalDate,,日期格式 yyyyMMdd
FXMC_SHARKFIN,NOTIONAL,名义金额,Double,>=0,
FXMC_SHARKFIN,OBS_DATES,观察日期集合,String,,多值字符串，日期格式 yyyyMMdd，逗号分隔
FXMC_SHARKFIN,OPTION_TYPE,期权类型,String,Call/Put/Double,
FXMC_SHARKFIN,PATH_FLAG,路径输出标志,Boolean,,
FXMC_SHARKFIN,PATH_NB,路径数,Integer,正整数,
FXMC_SHARKFIN,PRODUCT_CODE,产品代码,String,,
FXMC_SHARKFIN,SETTLE_CURRENCY_CODE,结算币种,String,,
FXMC_SHARKFIN,SETTLE_DATE,结算日期,LocalDate,,日期格式 yyyyMMdd
FXMC_SHARKFIN,START_DATE,起始日期,LocalDate,,日期格式 yyyyMMdd
FXMC_SHARKFIN,STRIKE_PRICE,行权价,Double,,
FXMC_SHARKFIN,SWITCH_DATE,切换日期,LocalDate,,日期格式 yyyyMMdd
FXMC_SHARKFIN,UNDERLYING_CURRENCY_CODE,标的币种,String,,
FXMC_SHARKFIN,UNDERLYING_DISCOUNT_CURVE,标的贴现曲线,String,,市场数据键
FXMC_SHARKFIN,UP_TOUCH_PAY,上触碰收益,Double,,
FXMC_SHARKFIN,UPPER_BARRIER,UPPER_BARRIER,Double,,
FXMC_SHARKFIN,VOLATILITY_SURFACE,波动率曲面,String,,
FXOPT,BASE_CURRENCY_CODE,基准币种,String,,
FXOPT,BASE_DISCOUNT_CURVE,基准贴现曲线,String,,市场数据键
FXOPT,BUY_OR_SELL,买卖方向,String,B/S,
FXOPT,CALL_OR_PUT,看涨看跌,String,Call/Put,
FXOPT,CONTRACT_SIZE,合约张数,Double,>=0,
FXOPT,CURRENCY_CODE,产品计价币种,String,,
FXOPT,INSTRUMENT_ID,交易编号,String,,
FXOPT,MATURITY_DATE,到期日期,LocalDate,,日期格式 yyyyMMdd
FXOPT,OPTION_TYPE,期权类型,String,Call/Put/Double,
FXOPT,PRODUCT_CODE,产品代码,String,,
FXOPT,SETTLE_DATE,结算日期,LocalDate,,日期格式 yyyyMMdd
FXOPT,SETTLE_TYPE,SETTLE_TYPE,String,,
FXOPT,STRIKE_PRICE,行权价,Double,,
FXOPT,UNDERLYING_CURRENCY_CODE,标的币种,String,,
FXOPT,UNDERLYING_DISCOUNT_CURVE,标的贴现曲线,String,,市场数据键
FXOPT,VOLATILITY_SURFACE,波动率曲面,String,,
FXSWAP,BASE_CURRENCY_CODE,基准币种,String,,
FXSWAP,BASE_CURRENCY_NOTIONAL_FWD,基准币种远期名义金额,Double,,
FXSWAP,BASE_CURRENCY_NOTIONAL_SPOT,基准币种即期名义金额,Double,,
FXSWAP,BASE_DISCOUNT_CURVE,基准贴现曲线,String,,市场数据键
FXSWAP,BUY_OR_SELL,买卖方向,String,B/S,
FXSWAP,FWD_SETTLE_DATE,远期结算日,LocalDate,,日期格式 yyyyMMdd
FXSWAP,INSTRUMENT_ID,交易编号,String,,
FXSWAP,PRODUCT_CODE,产品代码,String,,
FXSWAP,SPOT_SETTLE_DATE,即期结算日,LocalDate,,日期格式 yyyyMMdd
FXSWAP,UNDERLYING_CURRENCY_CODE,标的币种,String,,
FXSWAP,UNDERLYING_CURRENCY_NOTIONAL_FWD,标的币种远期名义金额,Double,,
FXSWAP,UNDERLYING_CURRENCY_NOTIONAL_SPOT,标的币种即期名义金额,Double,,
FXSWAP,UNDERLYING_DISCOUNT_CURVE,标的贴现曲线,String,,市场数据键
IR_AUTO_CALL,BARRIER,障碍值,Double,,
IR_AUTO_CALL,BARRIER_DIRECTION,障碍方向,String,,
IR_AUTO_CALL,BUY_OR_SELL,买卖方向,String,B/S,
IR_AUTO_CALL,CURRENCY_CODE,产品计价币种,String,,
IR_AUTO_CALL,DISCOUNT_CURVE,贴现曲线,String,,市场数据键
IR_AUTO_CALL,FIXING_ID,定盘标识,String,,
IR_AUTO_CALL,INSTRUMENT_ID,交易编号,String,,
IR_AUTO_CALL,NOTIONAL,名义金额,Double,>=0,
IR_AUTO_CALL,OBS_DATES,观察日期集合,String,,多值字符串，日期格式 yyyyMMdd，逗号分隔
IR_AUTO_CALL,PATH_FLAG,路径输出标志,Boolean,,
IR_AUTO_CALL,PATH_NB,路径数,Integer,正整数,
IR_AUTO_CALL,PAYOFF_RATE,PAYOFF_RATE,Double,,
IR_AUTO_CALL,PREMIUM_RATE,权利金率,Double,,
IR_AUTO_CALL,PRICE_CURVE,价格曲线,String,,市场数据键
IR_AUTO_CALL,PRODUCT_CODE,产品代码,String,,
IR_AUTO_CALL,RATE_TYPE,利率类型口径,String,ZERO/PAR,
IR_AUTO_CALL,SETTLE_CALENDAR,结算日历,String,,日历代码
IR_AUTO_CALL,SETTLE_DATE,结算日期,LocalDate,,日期格式 yyyyMMdd
IR_AUTO_CALL,SETTLE_DAYOFF,结算节假日调整,Integer,,
IR_AUTO_CALL,SETTLE_RULE,结算规则,String,,
IR_AUTO_CALL,START_DATE,起始日期,LocalDate,,日期格式 yyyyMMdd
IR_AUTO_CALL,TERM_CODE,期限代码,String,1D/1W/1M/3M/6M/1Y/5Y...,
IR_AUTO_CALL,TERM_FREQ,期限频率,String,1D/1W/1M/3M/6M/1Y...,
IR_AUTO_CALL,UNDERLYING_TERM,标的期限,String,,
IR_AUTO_CALL,VOLATILITY_SURFACE,波动率曲面,String,,
IR_BARRIER,BASE_PAYOFF,固定收益,Double,,
IR_BARRIER,BUY_OR_SELL,买卖方向,String,B/S,
IR_BARRIER,CONTRACT_SIZE,合约张数,Double,>=0,
IR_BARRIER,CURRENCY_CODE,产品计价币种,String,,
IR_BARRIER,DISCOUNT_CURVE,贴现曲线,String,,市场数据键
IR_BARRIER,DOWN_BARRIER,DOWN_BARRIER,Double,,
IR_BARRIER,FIXING_ID,定盘标识,String,,
IR_BARRIER,INSTRUMENT_ID,交易编号,String,,
IR_BARRIER,KNOCK_OUT_FLAG,敲出标志,String,true/false,
IR_BARRIER,MATURITY_DATE,到期日期,LocalDate,,日期格式 yyyyMMdd
IR_BARRIER,OPTION_TYPE,期权类型,String,Call/Put/Double,
IR_BARRIER,PAYOFF_LOWER,下限收益,Double,,
IR_BARRIER,PRICE_CURVE,价格曲线,String,,市场数据键
IR_BARRIER,PRODUCT_CODE,产品代码,String,,
IR_BARRIER,RATE_TYPE,利率类型口径,String,ZERO/PAR,
IR_BARRIER,SETTLE_DATE,结算日期,LocalDate,,日期格式 yyyyMMdd
IR_BARRIER,TERM_CODE,期限代码,String,1D/1W/1M/3M/6M/1Y/5Y...,
IR_BARRIER,TERM_FREQ,期限频率,String,1D/1W/1M/3M/6M/1Y...,
IR_BARRIER,TOUCH_BEFORE_FLAG,历史触碰标志,String,true/false,
IR_BARRIER,UPPER_BARRIER,UPPER_BARRIER,Double,,
IR_BARRIER,VOLATILITY_SURFACE,波动率曲面,String,,
IR_BARRIER,VV_FLAG,Vanna-Volga开关,Boolean,true/false,
IR_DIGITAL,BASE_PAYOFF,固定收益,Double,,
IR_DIGITAL,BUY_OR_SELL,买卖方向,String,B/S,
IR_DIGITAL,CALL_OR_PUT,看涨看跌,String,Call/Put,
IR_DIGITAL,CONTRACT_SIZE,合约张数,Double,>=0,
IR_DIGITAL,CURRENCY_CODE,产品计价币种,String,,
IR_DIGITAL,DISCOUNT_CURVE,贴现曲线,String,,市场数据键
IR_DIGITAL,FIXING_ID,定盘标识,String,,
IR_DIGITAL,INSTRUMENT_ID,交易编号,String,,
IR_DIGITAL,MATURITY_DATE,到期日期,LocalDate,,日期格式 yyyyMMdd
IR_DIGITAL,PAYOFF_LOWER,下限收益,Double,,
IR_DIGITAL,PRICE_CURVE,价格曲线,String,,市场数据键
IR_DIGITAL,PRODUCT_CODE,产品代码,String,,
IR_DIGITAL,RATE_TYPE,利率类型口径,String,ZERO/PAR,
IR_DIGITAL,SETTLE_DATE,结算日期,LocalDate,,日期格式 yyyyMMdd
IR_DIGITAL,STRIKE_PRICE,行权价,Double,,
IR_DIGITAL,TERM_CODE,期限代码,String,1D/1W/1M/3M/6M/1Y/5Y...,
IR_DIGITAL,TERM_FREQ,期限频率,String,1D/1W/1M/3M/6M/1Y...,
IR_DIGITAL,VOLATILITY_SURFACE,波动率曲面,String,,
IR_DIGITAL,VV_FLAG,Vanna-Volga开关,Boolean,true/false,
IR_RANGE_ACCURE,ABS_FLAG,ABS标志,Boolean,true/false,
IR_RANGE_ACCURE,BUY_OR_SELL,买卖方向,String,B/S,
IR_RANGE_ACCURE,CURRENCY_CODE,产品计价币种,String,,
IR_RANGE_ACCURE,DISCOUNT_CURVE,贴现曲线,String,,市场数据键
IR_RANGE_ACCURE,EPS,数值精度,Double,,
IR_RANGE_ACCURE,FIXING_ID,定盘标识,String,,
IR_RANGE_ACCURE,INSTRUMENT_ID,交易编号,String,,
IR_RANGE_ACCURE,LOWER_BARRIER,LOWER_BARRIER,Double,,
IR_RANGE_ACCURE,MATURITY_DATE,到期日期,LocalDate,,日期格式 yyyyMMdd
IR_RANGE_ACCURE,NOTIONAL,名义金额,Double,>=0,
IR_RANGE_ACCURE,OBS_DATES,观察日期集合,String,,多值字符串，日期格式 yyyyMMdd，逗号分隔
IR_RANGE_ACCURE,PRICE_CURVE,价格曲线,String,,市场数据键
IR_RANGE_ACCURE,PRODUCT_CODE,产品代码,String,,
IR_RANGE_ACCURE,RANGE_ACCURE_RATE,区间累计收益率,Double,,
IR_RANGE_ACCURE,RANGE_DIRECTION,区间方向,String,,
IR_RANGE_ACCURE,RATE_TYPE,利率类型口径,String,ZERO/PAR,
IR_RANGE_ACCURE,SETTLE_CURRENCY_CODE,结算币种,String,,
IR_RANGE_ACCURE,SETTLE_DATE,结算日期,LocalDate,,日期格式 yyyyMMdd
IR_RANGE_ACCURE,START_DATE,起始日期,LocalDate,,日期格式 yyyyMMdd
IR_RANGE_ACCURE,TERM_CODE,期限代码,String,1D/1W/1M/3M/6M/1Y/5Y...,
IR_RANGE_ACCURE,TERM_FREQ,期限频率,String,1D/1W/1M/3M/6M/1Y...,
IR_RANGE_ACCURE,UPPER_BARRIER,UPPER_BARRIER,Double,,
IR_RANGE_ACCURE,VOLATILITY_SURFACE,波动率曲面,String,,
IR_SHARKFIN,BASE_RATE,基础收益率,Double,,
IR_SHARKFIN,BUY_OR_SELL,买卖方向,String,B/S,
IR_SHARKFIN,CONTRACT_SIZE,合约张数,Double,>=0,
IR_SHARKFIN,CURRENCY_CODE,产品计价币种,String,,
IR_SHARKFIN,DISCOUNT_CURVE,贴现曲线,String,,市场数据键
IR_SHARKFIN,DOWN_BARRIER,DOWN_BARRIER,Double,,
IR_SHARKFIN,FIXING_ID,定盘标识,String,,
IR_SHARKFIN,INSTRUMENT_ID,交易编号,String,,
IR_SHARKFIN,MATURITY_DATE,到期日期,LocalDate,,日期格式 yyyyMMdd
IR_SHARKFIN,NOTIONAL,名义金额,Double,>=0,
IR_SHARKFIN,OPTION_TYPE,期权类型,String,Call/Put/Double,
IR_SHARKFIN,PRICE_CURVE,价格曲线,String,,市场数据键
IR_SHARKFIN,PRODUCT_CODE,产品代码,String,,
IR_SHARKFIN,RATE_TYPE,利率类型口径,String,ZERO/PAR,
IR_SHARKFIN,SETTLE_CURRENCY_CODE,结算币种,String,,
IR_SHARKFIN,SETTLE_DATE,结算日期,LocalDate,,日期格式 yyyyMMdd
IR_SHARKFIN,SETTLE_TYPE,SETTLE_TYPE,String,,
IR_SHARKFIN,START_DATE,起始日期,LocalDate,,日期格式 yyyyMMdd
IR_SHARKFIN,STRIKE_PRICE,行权价,Double,,
IR_SHARKFIN,TERM_CODE,期限代码,String,1D/1W/1M/3M/6M/1Y/5Y...,
IR_SHARKFIN,TERM_FREQ,期限频率,String,1D/1W/1M/3M/6M/1Y...,
IR_SHARKFIN,TOUCH_RATE,触碰收益率,Double,,
IR_SHARKFIN,UPPER_BARRIER,UPPER_BARRIER,Double,,
IR_SHARKFIN,VOLATILITY_SURFACE,波动率曲面,String,,
IR_SHARKFIN,VV_FLAG,Vanna-Volga开关,Boolean,true/false,
IR_SPREADOPT,BASE_CURRENCY_CODE,基准币种,String,,
IR_SPREADOPT,BUY_OR_SELL,买卖方向,String,B/S,
IR_SPREADOPT,CALL_OR_PUT,看涨看跌,String,Call/Put,
IR_SPREADOPT,CONTRACT_SIZE,合约张数,Double,>=0,
IR_SPREADOPT,CURRENCY_CODE,产品计价币种,String,,
IR_SPREADOPT,DISCOUNT_CURVE,贴现曲线,String,,市场数据键
IR_SPREADOPT,DOWN_BARRIER,DOWN_BARRIER,Double,,
IR_SPREADOPT,FIXING_ID,定盘标识,String,,
IR_SPREADOPT,INITIAL_PRICE,INITIAL_PRICE,Double,,
IR_SPREADOPT,INSTRUMENT_ID,交易编号,String,,
IR_SPREADOPT,MATURITY_DATE,到期日期,LocalDate,,日期格式 yyyyMMdd
IR_SPREADOPT,NOTIONAL,名义金额,Double,>=0,
IR_SPREADOPT,OPTION_TYPE,期权类型,String,Call/Put/Double,
IR_SPREADOPT,PRICE_CURVE,价格曲线,String,,市场数据键
IR_SPREADOPT,PRODUCT_CODE,产品代码,String,,
IR_SPREADOPT,RATE_TYPE,利率类型口径,String,ZERO/PAR,
IR_SPREADOPT,SETTLE_DATE,结算日期,LocalDate,,日期格式 yyyyMMdd
IR_SPREADOPT,SETTLE_TYPE,SETTLE_TYPE,String,,
IR_SPREADOPT,START_DATE,起始日期,LocalDate,,日期格式 yyyyMMdd
IR_SPREADOPT,STRIKE_PRICE,行权价,Double,,
IR_SPREADOPT,TERM_CODE,期限代码,String,1D/1W/1M/3M/6M/1Y/5Y...,
IR_SPREADOPT,TERM_FREQ,期限频率,String,1D/1W/1M/3M/6M/1Y...,
IR_SPREADOPT,UNDERLYING_CURRENCY_CODE,标的币种,String,,
IR_SPREADOPT,UPPER_BARRIER,UPPER_BARRIER,Double,,
IR_SPREADOPT,VOLATILITY_SURFACE,波动率曲面,String,,
IR_SPREADOPT,VV_FLAG,Vanna-Volga开关,Boolean,true/false,
IR_STEP_UP,ABS_FLAG,ABS标志,Boolean,true/false,
IR_STEP_UP,BUY_OR_SELL,买卖方向,String,B/S,
IR_STEP_UP,CALL_OR_PUT,看涨看跌,String,Call/Put,
IR_STEP_UP,CURRENCY_CODE,产品计价币种,String,,
IR_STEP_UP,DAY_COUNT_BASIS,计息日计数规则,String,ACT/360、ACT/365、30/360 等,
IR_STEP_UP,DISCOUNT_CURVE,贴现曲线,String,,市场数据键
IR_STEP_UP,EPS,数值精度,Double,,
IR_STEP_UP,FIXING_DATE,FIXING_DATE,LocalDate,,日期格式 yyyyMMdd
IR_STEP_UP,FIXING_ID,定盘标识,String,,
IR_STEP_UP,HIGH_RATE,高区间收益率,Double,,
IR_STEP_UP,INSTRUMENT_ID,交易编号,String,,
IR_STEP_UP,LOW_RATE,低区间收益率,Double,,
IR_STEP_UP,LOWER_BARRIER,LOWER_BARRIER,Double,,
IR_STEP_UP,MATURITY_DATE,到期日期,LocalDate,,日期格式 yyyyMMdd
IR_STEP_UP,MID_RATE,中层收益率,Double,,
IR_STEP_UP,NOTIONAL,名义金额,Double,>=0,
IR_STEP_UP,PRICE_CURVE,价格曲线,String,,市场数据键
IR_STEP_UP,PRODUCT_CODE,产品代码,String,,
IR_STEP_UP,RATE_TYPE,利率类型口径,String,ZERO/PAR,
IR_STEP_UP,SETTLE_CURRENCY_CODE,结算币种,String,,
IR_STEP_UP,SETTLE_DATE,结算日期,LocalDate,,日期格式 yyyyMMdd
IR_STEP_UP,START_DATE,起始日期,LocalDate,,日期格式 yyyyMMdd
IR_STEP_UP,TERM_CODE,期限代码,String,1D/1W/1M/3M/6M/1Y/5Y...,
IR_STEP_UP,TERM_FREQ,期限频率,String,1D/1W/1M/3M/6M/1Y...,
IR_STEP_UP,UPPER_BARRIER,UPPER_BARRIER,Double,,
IR_STEP_UP,VOLATILITY_SURFACE,波动率曲面,String,,
IR_STEP_UP,VV_FLAG,Vanna-Volga开关,Boolean,true/false,
IR_WEDDING_CAKE,ABS_FLAG,ABS标志,Boolean,true/false,
IR_WEDDING_CAKE,BUY_OR_SELL,买卖方向,String,B/S,
IR_WEDDING_CAKE,CONTRACT_SIZE,合约张数,Double,>=0,
IR_WEDDING_CAKE,CURRENCY_CODE,产品计价币种,String,,
IR_WEDDING_CAKE,DISCOUNT_CURVE,贴现曲线,String,,市场数据键
IR_WEDDING_CAKE,EPS,数值精度,Double,,
IR_WEDDING_CAKE,FIXING_ID,定盘标识,String,,
IR_WEDDING_CAKE,INNER_LOWER_BARRIER,内层下障碍,Double,,
IR_WEDDING_CAKE,INNER_RATE,内层收益率,Double,,
IR_WEDDING_CAKE,INNER_UPPER_BARRIER,内层上障碍,Double,,
IR_WEDDING_CAKE,INSTRUMENT_ID,交易编号,String,,
IR_WEDDING_CAKE,MATURITY_DATE,到期日期,LocalDate,,日期格式 yyyyMMdd
IR_WEDDING_CAKE,MID_RATE,中层收益率,Double,,
IR_WEDDING_CAKE,NOTIONAL,名义金额,Double,>=0,
IR_WEDDING_CAKE,OUT_RATE,外层收益率,Double,,
IR_WEDDING_CAKE,OUTER_LOWER_BARRIER,外层下障碍,Double,,
IR_WEDDING_CAKE,OUTER_UPPER_BARRIER,外层上障碍,Double,,
IR_WEDDING_CAKE,PRICE_CURVE,价格曲线,String,,市场数据键
IR_WEDDING_CAKE,PRODUCT_CODE,产品代码,String,,
IR_WEDDING_CAKE,RATE_TYPE,利率类型口径,String,ZERO/PAR,
IR_WEDDING_CAKE,SETTLE_CURRENCY_CODE,结算币种,String,,
IR_WEDDING_CAKE,SETTLE_DATE,结算日期,LocalDate,,日期格式 yyyyMMdd
IR_WEDDING_CAKE,START_DATE,起始日期,LocalDate,,日期格式 yyyyMMdd
IR_WEDDING_CAKE,TERM_CODE,期限代码,String,1D/1W/1M/3M/6M/1Y/5Y...,
IR_WEDDING_CAKE,TERM_FREQ,期限频率,String,1D/1W/1M/3M/6M/1Y...,
IR_WEDDING_CAKE,VOLATILITY_SURFACE,波动率曲面,String,,
IR_WEDDING_CAKE,VV_FLAG,Vanna-Volga开关,Boolean,true/false,
IRSCCS,CURRENCY_CODE,产品计价币种,String,,
IRSCCS,DATA_DATE,数据日期,LocalDate,,日期格式 yyyyMMdd
IRSCCS,INSTRUMENT_ID,交易编号,String,,
IRSCCS,MATURITY_DATE,到期日期,LocalDate,,日期格式 yyyyMMdd
IRSCCS,NOTIONAL_EXCHANGE_TYPE,NOTIONAL_EXCHANGE_TYPE,String,,
IRSCCS,PAY_CURRENCY_CODE,支付端币种,String,,
IRSCCS,PAY_DAY_COUNT_BASIS,支付端日计数规则,String,ACT/360、ACT/365、30/360 等,
IRSCCS,PAY_DISCOUNT_CURVE,PAY_DISCOUNT_CURVE,String,,市场数据键
IRSCCS,PAY_FIXING_CALENDAR,PAY_FIXING_CALENDAR,String,,日历代码
IRSCCS,PAY_FIXING_CURVE,PAY_FIXING_CURVE,String,,市场数据键
IRSCCS,PAY_FIXING_DAYOFF,PAY_FIXING_DAYOFF,Integer,,
IRSCCS,PAY_FIXING_FREQ,PAY_FIXING_FREQ,String,,
IRSCCS,PAY_FIXING_ID,PAY_FIXING_ID,String,,
IRSCCS,PAY_FIXING_RULE,PAY_FIXING_RULE,String,,
IRSCCS,PAY_FREQ,付息频率,String,1D/1W/1M/3M/6M/1Y...,
IRSCCS,PAY_INTEREST,PAY_INTEREST,Double,,
IRSCCS,PAY_INTEREST_TYPE,支付端利率类型,String,Fixed/Floating,
IRSCCS,PAY_LAST_FIXING_RATE,PAY_LAST_FIXING_RATE,Double,,
IRSCCS,PAY_NOTIONAL,PAY_NOTIONAL,Double,,
IRSCCS,PAY_RESET_FREQ,PAY_RESET_FREQ,String,,
IRSCCS,PAY_SETTLE_CALENDAR,PAY_SETTLE_CALENDAR,String,,日历代码
IRSCCS,PAY_SETTLE_DAYOFF,PAY_SETTLE_DAYOFF,Integer,,
IRSCCS,PAY_SETTLE_RULE,PAY_SETTLE_RULE,String,,
IRSCCS,PAY_SPREAD,支付端利差,Double,,
IRSCCS,PRODUCT_CODE,产品代码,String,,
IRSCCS,REC_CURRENCY_CODE,接收端币种,String,,
IRSCCS,REC_DAY_COUNT_BASIS,接收端日计数规则,String,ACT/360、ACT/365、30/360 等,
IRSCCS,REC_DISCOUNT_CURVE,REC_DISCOUNT_CURVE,String,,市场数据键
IRSCCS,REC_FIXING_CALENDAR,REC_FIXING_CALENDAR,String,,日历代码
IRSCCS,REC_FIXING_CURVE,REC_FIXING_CURVE,String,,市场数据键
IRSCCS,REC_FIXING_DAYOFF,REC_FIXING_DAYOFF,Integer,,
IRSCCS,REC_FIXING_FREQ,REC_FIXING_FREQ,String,,
IRSCCS,REC_FIXING_ID,REC_FIXING_ID,String,,
IRSCCS,REC_FIXING_RULE,REC_FIXING_RULE,String,,
IRSCCS,REC_FREQ,REC_FREQ,String,,
IRSCCS,REC_INTEREST,REC_INTEREST,Double,,
IRSCCS,REC_INTEREST_TYPE,接收端利率类型,String,Fixed/Floating,
IRSCCS,REC_LAST_FIXING_RATE,REC_LAST_FIXING_RATE,Double,,
IRSCCS,REC_NOTIONAL,REC_NOTIONAL,Double,,
IRSCCS,REC_RESET_FREQ,REC_RESET_FREQ,String,,
IRSCCS,REC_SETTLE_CALENDAR,REC_SETTLE_CALENDAR,String,,日历代码
IRSCCS,REC_SETTLE_DAYOFF,REC_SETTLE_DAYOFF,Integer,,
IRSCCS,REC_SETTLE_RULE,REC_SETTLE_RULE,String,,
IRSCCS,REC_SPREAD,接收端利差,Double,,
IRSCCS,START_DATE,起始日期,LocalDate,,日期格式 yyyyMMdd
IRSCCS,SWAP_TYPE,SWAP_TYPE,String,,
STD_IRS,BUY_OR_SELL,买卖方向,String,B/S,
STD_IRS,CURRENCY_CODE,产品计价币种,String,,
STD_IRS,DAY_COUNT_BASIS,计息日计数规则,String,ACT/360、ACT/365、30/360 等,
STD_IRS,FIXING_CURVE,定盘曲线,String,,市场数据键
STD_IRS,INSTRUMENT_ID,交易编号,String,,
STD_IRS,MATURITY_DATE,到期日期,LocalDate,,日期格式 yyyyMMdd
STD_IRS,NOTIONAL,名义金额,double,>=0,
STD_IRS,PRODUCT_CODE,产品代码,String,,
STD_IRS,SETTLE_CALENDAR,结算日历,String,,日历代码
STD_IRS,TERM_CODE,期限代码,String,1D/1W/1M/3M/6M/1Y/5Y...,
STD_IRS,TRADE_PRICE,TRADE_PRICE,double,,
SWAPTION,BUY_OR_SELL,买卖方向,String,B/S,
SWAPTION,CALL_OR_PUT,看涨看跌,String,Call/Put,
SWAPTION,CURRENCY_CODE,产品计价币种,String,,
SWAPTION,DISCOUNT_CURVE,贴现曲线,String,,市场数据键
SWAPTION,FIXED_DAY_COUNT_BASIS,固定端日计数规则,String,ACT/360、ACT/365、30/360 等,
SWAPTION,FIXED_RATE,固定端利率,Double,,
SWAPTION,FIXING_CALENDAR,定盘日历,String,,日历代码
SWAPTION,FIXING_CURVE,定盘曲线,String,,市场数据键
SWAPTION,FIXING_DAYOFF,定盘节假日调整,Integer,,
SWAPTION,FIXING_FREQ,定盘频率,String,1D/1W/1M/3M/6M/1Y...,
SWAPTION,FIXING_RULE,定盘规则,String,,
SWAPTION,INSTRUMENT_ID,交易编号,String,,
SWAPTION,MATURITY_DATE,到期日期,LocalDate,,日期格式 yyyyMMdd
SWAPTION,NOTIONAL,名义金额,Double,>=0,
SWAPTION,PRODUCT_CODE,产品代码,String,,
SWAPTION,UNDERLYING_FREQ,标的付息频率,String,,
SWAPTION,UNDERLYING_MATURITY_DATE,标的到期日期,LocalDate,,日期格式 yyyyMMdd
SWAPTION,UNDERLYING_SETTLE_CALENDAR,标的结算日历,String,,日历代码
SWAPTION,UNDERLYING_SETTLE_DAYOFF,标的结算节假日调整,Integer,,
SWAPTION,UNDERLYING_SETTLE_RULE,标的结算规则,String,,
SWAPTION,UNDERLYING_START_DATE,标的起始日期,LocalDate,,日期格式 yyyyMMdd
SWAPTION,VALUATION_MODEL,估值模型,String,BACHELIER/BLACK76/BLACK/LOGNORMAL,
SWAPTION,VOLATILITY_SURFACE,波动率曲面,String,,
